# source	GeoNames (https://www.geonames.org) — CC BY 4.0
# généré par	scripts/build-chad-geography.mjs
# colonnes	kind puis champs propres au niveau — voir docs/chad-geography-sources.md
P	01	Batha	إقليم البطحة	2435899
P	02	Wadi Fira	إقليم وادي فيرا	244877
P	05	Guéra	إقليم قيرا	2431555
P	06	Kanem	منطقة كانم	2430873
P	07	Lac	إقليم البحيرة	2429323
P	08	Logone Occidental	إقليم لوقون الغربي	2429060
P	09	Logone Oriental	إقليم لوقون الشرقي	2429058
P	12	Ouadaï	إقليم واداي	242246
P	13	Salamat	إقليم سلامات	242048
P	14	Tandjilé	إقليم تانجيلي	2425287
P	15	Chari-Baguirmi	شاري باقرمي	2434478
P	16	Mayo-Kebbi Est	إقليم مايو كيبي الشرقي	2428132
P	17	Moyen-Chari	إقليم شاري الأوسط	2427315
P	18	Hadjer-Lamis	ولاية حجر لميس	7603251
P	19	Mandoul	ولاية ماندول	7603252
P	20	Mayo-Kebbi Ouest	إقليم مايو كيبي الغربي	7603253
P	21	N’Djaména	انجمينا	7603254
P	22	Barh el Gazel	ولاية بحر الغزال	7603255
P	23	Borkou	إقليم بوركو	7602866
P	25	Sila	ولاية سيلا	7603257
P	26	Tibesti	إقليم تبستي	7603258
P	27	Ennedi-Est	ولاية إنيدي الشرقي	8604858
P	28	Ennedi-Ouest	ولاية إنيدي الغربي	8604857
D	12186890	01	Batha-Est	البطحاء الشرقية	12186890
D	12186891	01	Batha-Ouest	البطحاء الغربية	12186891
D	12186892	01	Ouadi Rimé	وادي ريمه	12186892
D	12186894	01	Assinet	الصنيط	12186894
D	12186897	01	Haraze	حراز	12186897
D	8659322	01	Batha		8659322
D	9166643	01	Fitri		9166643
D	10377074	02	Kobé		10377074
D	12186832	02	Biltine	بلتن	12186832
D	12186833	02	Dar-Tama	دار تاما	12186833
D	12186834	02	Mégri	ميقري	12186834
D	12186848	02	Iriba	إريبا	12186848
D	12186849	02	Al-Biher	البحير	12186849
D	12186850	02	Dar-Alfawakih	دار الفواكه	12186850
D	12186852	02	Wadi-Hawar	وادي حوار	12186852
D	10400446	05	Abtouyour		10400446
D	12186543	05	Mangalmé	منقلمي	12186543
D	12186544	05	Garada	قرضا	12186544
D	13448898	05	Barh-Signaka	بحر-سنجاكا	13448898
D	13448899	05	Guéra	قيرا	13448899
D	9166522	05	Barh Signaka		9166522
D	12186903	06	Nord-Kanem	شمال كانم	12186903
D	12186904	06	Sud-Kanem	جنوب كانم	12186904
D	13448908	06	Kanem	كانم	13448908
D	8693073	06	Rig-Rig		8693073
D	10400441	07	Wayi		10400441
D	12186905	07	Kouloudia	كولوديا	12186905
D	12186906	07	Kaya	كايا	12186906
D	12186907	07	Fouli	فولي	12186907
D	13448909	07	Mamdi	مامدي	13448909
D	12186528	08	Guéni	قيني	12186528
D	7871202	08	Lac Wey		7871202
D	8250831	08	Dodje		8250831
D	8250832	08	Ngourkosso		8250832
D	12186529	09	Kouh-Est	كوه الشرقية	12186529
D	12186530	09	Kouh-Ouest	كوه الغربية	12186530
D	12186531	09	La Pendé	لا بيندي	12186531
D	13448894	09	La Nya	لا نيا	13448894
D	7731693	09	Monts de Lam		7731693
D	7731694	09	Nya Pendé		7731694
D	7731695	09	Lanya		7731695
D	7731696	09	Pendé		7731696
D	7732980	09	Doba		7732980
D	8250833	09	La Nya Pende		8250833
D	8693074	09	Mamdi Department		8693074
D	10377165	12	Assoungha Department		10377165
D	12186546	12	Abdi	أبدي	12186546
D	12186831	12	Abougoudam	أبو قدام	12186831
D	8659323	12	Ouara		8659323
D	10399865	13	Barh Azoum		10399865
D	12186545	13	Aboudeia	أبو ديا	12186545
D	13448900	13	Haraze-Mangueigne	حراز-منقنج	13448900
D	243701	13	Harazé Mangueigne		243701
D	12186532	14	Tandjilé-Centre	تانجيلي وسط	12186532
D	12186533	14	Manga	مانقا	12186533
D	12186534	14	Manbagué	مانباقيه	12186534
D	13448895	14	Tandjilé-Est	تانجيلي الشرقية	13448895
D	7670586	14	Tandjilé Est		7670586
D	8250838	14	Tandjile Ouest		8250838
D	12186541	15	Dourbali	دُربالي	12186541
D	7670580	15	Baguirmi		7670580
D	7670581	15	Dababa		7670581
D	8335048	15	Mansaba		8335048
D	8693069	15	Dagana District		8693069
D	9072808	15	Loug Chari		9072808
D	9166667	15	Chari	شاري	9166667
D	12186538	16	Kabia	كابيا	12186538
D	12186539	16	Mayo-Lemié	مايو-ليمي	12186539
D	12186540	16	Mont-Illi	مون إيلي	12186540
D	7670584	16	Mayo-Boneye		7670584
D	12186542	17	Korbol	كوربول	12186542
D	13448897	17	Barh-Koh	بحر-كوه	13448897
D	7731692	17	Barh Köh		7731692
D	7731697	17	Mandoul Oriental		7731697
D	7732962	17	Koumra		7732962
D	7732963	17	Bessada		7732963
D	7732972	17	Bedaya		7732972
D	7732974	17	Djoli		7732974
D	7732975	17	Balimba		7732975
D	7732978	17	Sarh	صارح	7732978
D	8250834	17	Lac Iro		8250834
D	8250835	17	Grande Sido		8250835
D	8250836	17	Mandoul Occidental		8250836
D	8250837	17	Barh Sara		8250837
D	12186908	18	Dababa	دبابة	12186908
D	12186909	18	Ngoura	انقورا	12186909
D	12186910	18	Haraz-Al-Biar	حراز البيار	12186910
D	13448910	18	Dagana	الدقنا	13448910
D	12186535	19	Goundi	قُندي	12186535
D	12186536	19	Taralnass	تارالناس	12186536
D	12186537	19	La Moula	لا مولا	12186537
D	12186503	20	El Ouaya	الوايا	12186503
D	12186506	20	Lac Léré	بحيرة ليري	12186506
D	12186525	20	Mayo-Dallah	مايو-دالّا	12186525
D	12186526	20	Mayo-Binder	مايو بندير	12186526
D	12186527	20	Gagal	قاقال	12186527
D	12180662	21	Septième Arrondissement	الدائرة السابعة	12180662
D	12180663	21	Huitième Arrondissement	الدائرة الثامنة	12180663
D	12180683	21	Premier Arrondissement	الدائرة الأولى	12180683
D	12180684	21	Deuxième Arrondissement	الدائرة الثانية	12180684
D	12180685	21	Troisième Arrondissement	الدائرة الثالثة	12180685
D	12180686	21	Quatrième Arrondissement	الدائرة الرابعة	12180686
D	12180687	21	Cinquième Arrondissement	الدائرة الخامسة	12180687
D	12180688	21	Sixième Arrondissement	الدائرة السادسة	12180688
D	12180689	21	Neuvième Arrondissement	الدائرة التاسعة	12180689
D	12180690	21	Dixième Arrondissement	الدائرة العاشرة	12180690
D	12186898	22	Barh-El-Gazel Nord	بحر الغزال شمال	12186898
D	12186899	22	Barh-El-Gazel Sud	بحر الغزال جنوب	12186899
D	12186900	22	Barh-El-Gazel Ouest	بحر الغزال غرب	12186900
D	12186902	22	Kléta	كليتا	12186902
D	12186859	23	Gouro	قورو	12186859
D	12186862	23	Borkou	بوركو	12186862
D	12186863	23	Borkou-Yala	بوركو-يالا	12186863
D	12186864	23	Kouba	كُبا	12186864
D	12186865	23	Emi-Koussi	إيمي كوسي	12186865
D	12186504	25	Kimiti	كيمتي	12186504
D	12186505	25	Tissi	تيسي	12186505
D	12186513	25	Adé	آدي	12186513
D	12186514	25	Koukou-Angarana	كوكو انقرارنا	12186514
D	12186547	25	Djourf-Al-Ahmar	الجرف الأحمر	12186547
D	12186866	26	Tibesti-Est	تبستي الشرقية	12186866
D	12186867	26	Tibesti-Ouest	تبستي الغربية	12186867
D	12186887	26	Wour	وور	12186887
D	12186889	26	Aouzou	أوزو	12186889
D	12186851	27	Amdjarass	أم جرس	12186851
D	12186853	27	Itou	إيتو	12186853
D	12186854	27	Bao	باو	12186854
D	12186855	27	Mourdi	موردي	12186855
D	12186856	28	Fada	فدا	12186856
D	12186857	28	Mourtcha	مُرتشا	12186857
D	12186858	28	Lac-Ounianga	بحيرة أونيانغا	12186858
D	12186860	28	Tebi	تيبي	12186860
D	12186861	28	Torbol	توربول	12186861
L	241464	01		Zoumbat		LOCALITY	13.59494	20.00648	
L	241465	12		Zouma Tamsigin		LOCALITY	14.0409	20.3326	
L	241466	12		Zouma Asab Momo		LOCALITY	14.02788	20.2305	
L	241468	02		Zona		LOCALITY	14.46672	21.42951	
L	241471	02		Ziziep		LOCALITY	14.83887	21.2728	
L	241472	01		Zéli		LOCALITY	13.30119	20.03091	
L	241473	12		Zanapté		LOCALITY	13.05114	20.62464	
L	241478	12		Zafai		LOCALITY	12.68333	21.16667	
L	241482	12		Yomadjamal		LOCALITY	13.48734	20.74493	
L	241489	02		Yaouada		LOCALITY	14.8426	21.21659	
L	241490	02		Yaouada		LOCALITY	14.65715	21.13989	
L	241492	12		Yara		LOCALITY	13.31089	21.07753	
L	241493	02		Yar		LOCALITY	14.64266	21.38074	
L	241494	12		Yanga		LOCALITY	13.80338	21.21805	
L	241496	12		Yakata		LOCALITY	13.33538	22.24487	
L	241497	12		Wourkolok		LOCALITY	13.52185	21.37063	
L	241498	02		Wouni-Wouni		LOCALITY	15.25	21.68333	
L	241499	12		Worlo		LOCALITY	13.61434	21.44283	
L	241500	13		Wok		LOCALITY	11.43702	20.7084	
L	241502	12		Wéwèrta		LOCALITY	13.388	22.24422	
L	241504	02		Ouaya-Ouaya		LOCALITY	14.91065	21.66022	
L	241505	02		Waya		LOCALITY	14.58333	22.1	
L	241508	02		Warkey		LOCALITY	15.1	22.5	
L	241511	25		Warga		LOCALITY	12.68333	20.86667	
L	241513	02		Ouabéné		LOCALITY	14.82352	21.07661	
L	241516	02		Troké		LOCALITY	14.54505	21.98985	
L	241517	02		Troa Toua		LOCALITY	14.96636	21.98761	
L	241518	12		Troan		LOCALITY	13.77739	21.53322	
L	241519	02		Troa Kitilé		LOCALITY	14.87934	21.70938	
L	241520	02		Troa Kébir		LOCALITY	14.88727	21.81642	
L	241521	25		Tréhe Sérir		LOCALITY	12.56667	22.13333	
L	241522	25		Tréhé Kébir		LOCALITY	12.61667	20.2	
L	241527	12		Toutoula		LOCALITY	13.50954	21.16426	
L	241528	12		Toutoubo		LOCALITY	13.07292	20.81605	
L	241529	01		Toutouba		LOCALITY	13.6203	20.10184	
L	241530	25		Toustousou		LOCALITY	11.52893	22.33788	
L	241535	12		Touroko		LOCALITY	14.03061	21.7543	
L	241536	25		Tourmounon		LOCALITY	12.66667	21.81667	
L	241537	02		Tourmoundi		LOCALITY	14.17827	21.38203	
L	241541	02		Tourka		LOCALITY	14.88115	21.3555	
L	241542	02		Tourguéssi		LOCALITY	14.9	21.1	
L	241543	12		Tourègn		LOCALITY	13.88533	21.75198	
L	241546	02		Touré		LOCALITY	14.63933	21.69906	
L	241549	25		Touran		LOCALITY	12.78333	20.63333	
L	241553	12		Touniougour		LOCALITY	13.65566	20.89094	
L	241554	25		Toundousa		LOCALITY	12.75	21.75	
L	241555	25		Toundousa		LOCALITY	12.46667	22.36667	
L	241557	02		Touna		LOCALITY	14.44817	21.10121	
L	241558	12		Toumtouma		LOCALITY	13.71091	22.01088	
L	241559	12		Touminil		LOCALITY	12.93333	21.06667	
L	241562	12		Toukoul Toukouli		LOCALITY	13.31281	22.22772	
L	241563	12		Toukoulombay		LOCALITY	14.20944	20.91717	
L	241564	12		Toukoui		LOCALITY	13.42474	22.0405	
L	241565	02		Touil		LOCALITY	14.49793	20.47289	
L	241566	25		Touhanga		LOCALITY	12	22.21667	
L	241574	02		Toubo		LOCALITY	14.73105	21.798	
L	241575	13		Touar		LOCALITY	11.2305	20.2052	
L	241578	25		Touahah		LOCALITY	12.26667	22.18333	
L	241580	25		Totogoz		LOCALITY	12.53333	22.16667	
L	241581	02		Torou		LOCALITY	14.33333	21.23333	
L	241585	13		Tordona		LOCALITY	11.2776	20.5516	
L	241589	02		Torbossoulé		LOCALITY	14.75361	21.82817	
L	241590	12		Torbok		LOCALITY	13.50817	21.33323	
L	241591	12		Torbikin		LOCALITY	14.04039	20.93217	
L	241594	02		Tongoz Tat		LOCALITY	14.08333	22.43333	
L	241595	12		Tongori		LOCALITY	13.46043	22.04473	
L	241598	12		Tondou		LOCALITY	13.79859	20.89462	
L	241599	12		Tondong Kado		LOCALITY	13.22639	22.04773	
L	241600	12		Tondong		LOCALITY	13.26062	22.00415	
L	241601	12		Tondjon		LOCALITY	13.54017	21.50183	
L	241603	25		Tonbola		LOCALITY	12.46667	22.01667	
L	241604	02		Toumbouloum		LOCALITY	14.67928	21.07604	
L	241609	02		Tologon		LOCALITY	15.03333	21.91667	
L	241613	02		Tolbok		LOCALITY	14.25841	21.81721	
L	241614	12		Tolando		LOCALITY	14.12725	20.62818	
L	241619	12		Tokon		LOCALITY	13.94266	21.32206	
L	241620	12		Tokolon		LOCALITY	13.92743	21.33031	
L	241623	02		Togrobé		LOCALITY	15.06667	21.6	
L	241625	02		Togoulé		LOCALITY	15.03333	22	
L	241626	02		Togoulé		LOCALITY	14.97945	21.88318	
L	241628	02		Togologon		LOCALITY	14.49771	21.45346	
L	241630	13		Tognogol II		LOCALITY	11.55	20.98333	
L	241633	25		Todou		LOCALITY	11.62349	22.48106	
L	241638	02		Titirga		LOCALITY	15.21667	21.6	
L	241640	12		Titir		LOCALITY	14.11372	20.81251	
L	241641	25		Tisbarra		LOCALITY	11.93333	22.48333	
L	241642	12		Tirlili		LOCALITY	13.52248	21.69118	
L	241643	12		Tirti	ترتي	LOCALITY	13.33724	21.95029	
L	241644	12		Tirlanga		LOCALITY	13.70901	21.81212	
L	241646	13		Tirguil		LOCALITY	10.07682	21.17965	
L	241648	25		Tirene		LOCALITY	12.78333	20.61667	
L	241649	12		Tiré		LOCALITY	13.82704	20.68059	
L	241652	01		Tiouay		LOCALITY	13.23652	20.26373	
L	241653	12		Tiongoré		LOCALITY	13.39004	21.62637	
L	241656	25		Tiney Am Chalakh		LOCALITY	12.71667	20.73333	
L	241657	25		Tiney		LOCALITY	12.71667	20.75	
L	241662	02		Tiné		LOCALITY	15.01667	22.78333	
L	241663	12		Tiné		LOCALITY	13.99443	21.99369	
L	241665	12		Tin		LOCALITY	13.11097	21.68679	
L	241667	12		Timet		LOCALITY	13.48482	20.59142	
L	241669	25		Timbidja		LOCALITY	12.36667	22.31667	
L	241670	02		Tilka		LOCALITY	14.89209	21.17441	
L	241671	12		Tiling		LOCALITY	13.47667	21.98411	
L	241672	12		Tilina		LOCALITY	13.48926	20.44734	
L	241673	02		Tiléba		LOCALITY	15.5	21.83333	
L	241674	12		Tila		LOCALITY	13.08303	20.86526	
L	241675	02		Tiktiké		LOCALITY	14.29568	21.3462	
L	241676	12		Tikira		LOCALITY	13.73621	21.65128	
L	241678	25		Tiengérisié		LOCALITY	12.18333	21.58333	
L	241681	12		Tibiné		LOCALITY	14.14695	20.15908	
L	241684	02		Teouel		LOCALITY	14.48039	21.47274	
L	241685	02		Téssouel		LOCALITY	14.34568	21.46144	
L	241687	25		Tésou Kébir		LOCALITY	12.23333	21.75	
L	241691	02		Tériba		LOCALITY	15.11667	22.58333	
L	241695	02		Térédina		LOCALITY	14.45102	21.73431	
L	241701	12		Téouangué		LOCALITY	13.92191	21.67485	
L	241703	25		Tengarissé		LOCALITY	12.23333	21.58333	
L	241704	12		Ténériguinèz		LOCALITY	13.83488	21.46967	
L	241705	12		Ténéri		LOCALITY	13.76	21.55601	
L	241706	12		Téné		LOCALITY	13.15113	21.02479	
L	241707	25		Tendelti		LOCALITY	12.6	22.13333	
L	241708	12		Ténan		LOCALITY	13.2783	20.98162	
L	241710	25		Temere		LOCALITY	12.43333	20.15	
L	241711	12		Tembéli		LOCALITY	13.06115	21.84801	
L	241720	02		Télibé		LOCALITY	14.83333	22.11667	
L	241722	25		Télésa		LOCALITY	12.05	22.53333	
L	241733	12		Téguéré Derta		LOCALITY	13.2894	21.92211	
L	241734	25		Tédji		LOCALITY	11.7799	21.4557	
L	241737	25		Tébésa		LOCALITY	12.46667	21.65	
L	241741	12		Tchoukouma		LOCALITY	14.19661	20.7344	
L	241742	13		Tchoukara		LOCALITY	11.3377	20.82239	
L	241743	25		Tchokio		LOCALITY	12	20.9	
L	241745	12		Tchigchika		LOCALITY	13.71806	20.56945	
L	241747	25		Tcharo		LOCALITY	12.28333	21.53333	
L	241748	13		Tchalak		LOCALITY	11.46531	20.10542	
L	241749	12		Tchakavak		LOCALITY	12.96667	21.06667	
L	241750	12		Tchakatour		LOCALITY	13	21.61667	
L	241752	02		Tazéré		LOCALITY	14.78652	20.7169	
L	241754	12		Taouilé		LOCALITY	14.10159	21.40404	
L	241755	12		Tawéign		LOCALITY	13.35009	21.91779	
L	241756	12		Tawéign		LOCALITY	13.18597	22.1307	
L	241757	12		Taweign		LOCALITY	13.12244	21.75465	
L	241759	12		Tatiné	تاتيني	LOCALITY	13.47696	21.08774	
L	241761	25		Tarré		LOCALITY	11.55	22.53333	
L	241764	02		Tarimara		LOCALITY	15.21667	22	
L	241765	12		Taridjan		LOCALITY	13.8882	20.34985	
L	241766	12		Taridjan		LOCALITY	13.85832	20.33225	
L	241770	02		Taria		LOCALITY	15.28333	22.45	
L	241771	12		Tarhacha		LOCALITY	13.64073	20.85183	
L	241772	12		Tarhacha		LOCALITY	13.0615	20.81333	
L	241773	12		Tarfana		LOCALITY	13.67294	20.71376	
L	241775	12		Tardjam Hidjer		LOCALITY	13.4662	20.43359	
L	241778	12		Tarchana		LOCALITY	13.29288	22.19654	
L	241780	25		Taraoné		LOCALITY	12.18333	22.21667	
L	241781	12		Tara Noronniora		LOCALITY	13.45203	21.3941	
L	241783	02		Tarakouné		LOCALITY	14.44608	21.64912	
L	241785	12		Tara Habilé		LOCALITY	13.45701	21.35109	
L	241786	12		Tara Ganmbir		LOCALITY	13.4131	21.42364	
L	241787	12		Taradona		LOCALITY	13.43341	21.33706	
L	241789	12		Tara		LOCALITY	13.44273	20.78751	
L	241794	25		Taniam		LOCALITY	12.66667	20.3	
L	241796	12		Tanguéné		LOCALITY	13.97497	20.58225	
L	241797	12		Tandjarna		LOCALITY	12.8	21.31667	
L	241798	12		Tandi		LOCALITY	12.9	21.85	
L	241801	25		Tamos		LOCALITY	12.31667	22.03333	
L	241804	13		Tamja		LOCALITY	11.0372	20.1926	
L	241810	02		Tamargo		LOCALITY	14.37722	21.08812	
L	241811	12		Tamam		LOCALITY	13.65205	21.58141	
L	241812	25		Tamadjour		LOCALITY	12.26667	21.85	
L	241813	25		Tamadjour		LOCALITY	12.01667	21.23333	
L	241814	12		Tamadal Houmélan		LOCALITY	13.64186	20.31523	
L	241816	01		Tama Adjéziré		LOCALITY	13.61015	20.04672	
L	241818	28		Talha		LOCALITY	20.21667	21.28333	
L	241820	12		Talbéten		LOCALITY	13.11598	20.76985	
L	241823	12		Talaé		LOCALITY	13.86912	21.2745	
L	241826	12		Taki		LOCALITY	13.30661	22.12146	
L	241829	25		Takanoun		LOCALITY	12.75	20.31667	
L	241837	12		Tagjo		LOCALITY	12.8	21.03333	
L	241839	13		Tafok Bara		LOCALITY	9.9118	20.88091	
L	241840	13		Tafok		LOCALITY	9.97142	20.95645	
L	241843	25		Tafé		LOCALITY	11.9046	20.9802	
L	241844	02		Taéhon		LOCALITY	14.41341	21.03862	
L	241845	12		Tadorna		LOCALITY	13.15557	21.70936	
L	241847	12		Tabéri		LOCALITY	13.31408	22.01523	
L	241848	12		Tabari		LOCALITY	13.35742	22.18665	
L	241849	12		Tabadja		LOCALITY	13.94206	20.3833	
L	241851	25		Taama		LOCALITY	12.03333	22.13333	
L	241852	12		Taalbé		LOCALITY	13.17979	21.06167	
L	241853	12		Swarouaga		LOCALITY	13.39833	21.49946	
L	241857	02		Soyo		LOCALITY	14.2	21.46667	
L	241858	02		Soyo		LOCALITY	14.18752	21.28937	
L	241862	02		Sourna		LOCALITY	14.15419	21.29499	
L	241868	02		Sounta		LOCALITY	14.76705	20.86697	
L	241869	25		Sounta		LOCALITY	12.6	21.55	
L	241871	12		Souniouk		LOCALITY	12.83333	21	
L	241872	12		Sounar		LOCALITY	13.78806	20.69874	
L	241873	12		Soumsoum		LOCALITY	13.14244	21.8765	
L	241877	25		Soumagoum		LOCALITY	11.9898	21.1131	
L	241882	02		Soulak		LOCALITY	14.66355	21.89955	
L	241884	12		Souguin		LOCALITY	13.94456	21.10426	
L	241885	02		Soubé		LOCALITY	14.66667	22.55	
L	241886	02		Souamara		LOCALITY	15.1	21.95	
L	241891	12		Sormon		LOCALITY	12.81667	21.28333	
L	241896	12		Sonboli		LOCALITY	13.12984	21.04191	
L	241898	12		Somoukdour		LOCALITY	12.91667	21.25	
L	241908	02		Sogoni		LOCALITY	14.73333	22.56667	
L	241916	12		Sobi		LOCALITY	13.58235	21.97315	
L	241919	02		Soba		LOCALITY	15.36667	21.78333	
L	241920	12		Soarouaga		LOCALITY	12.7	21.4	
L	241922	12		Sisi		LOCALITY	13.33559	21.61959	
L	241923	12		Sisi		LOCALITY	12.81667	21.78333	
L	241924	25		Sisi		LOCALITY	12.71667	21.83333	
L	241927	12		Siref		LOCALITY	13.68057	21.2853	
L	241928	12		Siref		LOCALITY	13.29176	20.87616	
L	241929	25		Siref		LOCALITY	12.88333	20.25	
L	241930	25		Siref		LOCALITY	12.58333	20.21667	
L	241931	12		Siré		LOCALITY	13.80019	21.32897	
L	241932	12		Sira	سيرا	LOCALITY	13.5186	21.77408	
L	241939	25		Singila		LOCALITY	11.43191	22.50573	
L	241942	02		Siné		LOCALITY	14.60383	21.41644	
L	241943	12		Sinangoun		LOCALITY	14.26231	20.7544	
L	241946	02		Silmara		LOCALITY	14.81667	21.31667	
L	241948	25		Sileha		LOCALITY	12.73333	20.23333	
L	241949	25		Sila Toukougnan		LOCALITY	12.15	21.35	
L	241956	12		Siébé		LOCALITY	13.63131	21.18112	
L	241957	12		Siébat		LOCALITY	13.21519	22.13567	
L	241960	12		Sidada		LOCALITY	13.81224	21.45078	
L	241962	25		Sésabané		LOCALITY	11.7844	21.337	
L	241964	13		Sérir		LOCALITY	11.4309	20.0159	
L	241970	12		Sérdélouk		LOCALITY	12.95	21.51667	
L	241974	02		Serdaba		LOCALITY	15.73333	22.6	
L	241976	02		Sénéré		LOCALITY	14.49351	21.97346	
L	241977	02		Sendi		LOCALITY	14.68333	22.53333	
L	241979	02		Sémeskoul		LOCALITY	14.05	22.08333	
L	241985	02		Sélibé		LOCALITY	15.08333	21.5	
L	241986	12		Sélényou		LOCALITY	13.38181	22.25444	
L	241992	13		Séïfou		LOCALITY	11.24493	21.67236	
L	241993	13		Séhep		LOCALITY	11.2361	20.5773	
L	241994	25		Seheba		LOCALITY	12.7	20.13333	
L	241996	02		Ségré		LOCALITY	14.8	21.61667	
L	241997	02		Ségourbé Djoudjou		LOCALITY	15.28333	22	
L	241998	02		Ségétougo		LOCALITY	15.11667	21.56667	
L	242000	02		Séféïé		LOCALITY	14.36638	20.85878	
L	242009	02		Sarné		LOCALITY	14.11667	22.05	
L	242010	12		Sarkalia		LOCALITY	13.63816	21.17331	
L	242011	25		Sarfalgadi		LOCALITY	12.63333	21.15	
L	242017	13		Saraf		LOCALITY	11.9077	20.4162	
L	242018	13		Sara		LOCALITY	11.07921	20.2445	
L	242019	05		Saounya		LOCALITY	12.81667	20.16667	
L	242022	02		Sao Sao		LOCALITY	15	21.88333	
L	242026	12		Sanyoung		LOCALITY	13.16878	21.67261	
L	242030	02		Sangarfout		LOCALITY	14.6	22.2	
L	242031	25		Sangarfourt		LOCALITY	12.63333	22.38333	
L	242032	25		Sangara		LOCALITY	11.92907	22.04176	
L	242033	25		Sangafout		LOCALITY	12.51667	20.35	
L	242036	02		Sambouka		LOCALITY	14.83297	21.69693	
L	242037	13		Samata II		LOCALITY	9.79878	20.7865	
L	242038	13		Samata I		LOCALITY	9.82041	20.79792	
L	242039	13		Samata		LOCALITY	9.75	20.76667	
L	242040	13		Samar		LOCALITY	11.3416	20.6785	
L	242041	12		Samandaka		LOCALITY	13.34622	21.81158	
L	242042	13		Salta		LOCALITY	11.9515	20.4139	
L	242043	12		Salongo		LOCALITY	13.51504	21.55725	
L	242044	13		Salma		LOCALITY	10.08091	20.9832	
L	242046	02		Salemkey		LOCALITY	15.5	22.7	
L	242049	02		Salamalek		LOCALITY	14.75058	20.93101	
L	242053	25		Sakalmoudjou		LOCALITY	11.76411	22.16113	
L	242054	25		Sakalkaré		LOCALITY	12.08333	22.16667	
L	242058	12		Sakal		LOCALITY	13.28792	21.10484	
L	242059	02		Saigon		LOCALITY	14.26667	21.13333	
L	242061	25		Sahalé		LOCALITY	11.8064	21.2793	
L	242065	02		Saguéré		LOCALITY	14.14472	21.83508	
L	242069	12		Safay		LOCALITY	13.04943	21.53024	
L	242070	01		Safaé		LOCALITY	13.62959	20.22288	
L	242072	12		Sadié Naga		LOCALITY	14.22911	20.30728	
L	242079	13		Saada		LOCALITY	11.16242	20.19679	
L	242080	13		Saaba		LOCALITY	10.0098	20.8393	
L	242081	13		Royo		LOCALITY	9.81959	21.1011	
L	242083	12		Rout Rout		LOCALITY	13.83481	21.8066	
L	242084	12		Roura		LOCALITY	13.97892	21.73234	
L	242086	02		Roukout		LOCALITY	14.23061	21.19331	
L	242087	25		Roukoumen		LOCALITY	12.68333	21.8	
L	242090	02		Roudjial Afé		LOCALITY	14.06667	22.43333	
L	242096	12		Rogorokro		LOCALITY	13.00542	21.17016	
L	242097	12		Rogorin		LOCALITY	13.91667	22.13333	
L	242098	12		Rimété		LOCALITY	13.79255	21.6283	
L	242099	12		Rimélé		LOCALITY	14.05877	21.24795	
L	242100	12		Rimélé		LOCALITY	13.35099	20.72237	
L	242101	12		Rimélé		LOCALITY	13.16426	20.60715	
L	242102	12		Riguilidat		LOCALITY	13.79661	21.36444	
L	242105	12		Ribéné Astéréna		LOCALITY	14.0299	20.58111	
L	242106	12		Rhawar		LOCALITY	14.27715	20.47156	
L	242108	25		Rharouadji		LOCALITY	12.55	22.06667	
L	242110	01		Rhaba Zourban		LOCALITY	13.31159	20.06701	
L	242111	25		Rey		LOCALITY	12.8	21.58333	
L	242115	01		Raz el Fil		LOCALITY	13.57746	20.07633	
L	242116	13		Ras el Fîl		LOCALITY	11.02007	20.27671	
L	242121	12		Rakana		LOCALITY	13.72324	21.61958	
L	242125	01		Raha		LOCALITY	13.84138	20.02528	
L	242126	25		Rafira		LOCALITY	12.2	22.15	
L	242127	25		Rafa		LOCALITY	11.74532	22.39582	
L	242129	25		Rachracha		LOCALITY	12.11667	22.48333	
L	242130	25		Rachracha		LOCALITY	11.98575	22.10284	
L	242131	25		Rachracha		LOCALITY	11.95724	22.12524	
L	242132	13		Rabrap		LOCALITY	11.41672	20.09877	
L	242137	02		Oygo		LOCALITY	15.9	22.26667	
L	242139	25		Ouziné		LOCALITY	12.3	20.93333	
L	242142	01		Outach		LOCALITY	13.60886	20.12972	
L	242144	25		Oustani		LOCALITY	12.65	22.21667	
L	242145	25		Oustani		LOCALITY	12.58333	22.28333	
L	242146	25		Oustani		LOCALITY	12.43333	22.35	
L	242147	25		Oustani		LOCALITY	11.94773	22.01979	
L	242148	12		Ouroundou		LOCALITY	13.3894	20.74783	
L	242154	27		Ourini		LOCALITY	16.11589	22.41761	
L	242156	02		Ourgis		LOCALITY	14.62167	20.95653	
L	242159	12		Ourga		LOCALITY	12.86667	21.11667	
L	242167	02		Ourda		LOCALITY	15.53333	22.56667	
L	242171	02		Ourba		LOCALITY	15.38333	22.46667	
L	242177	12		Ountat		LOCALITY	13.92568	21.13091	
L	242179	28		Ounianga Kébir	أونيانقا كبير	LOCALITY	19.05263	20.48887	10000
L	242186	02		Oumou		LOCALITY	14.5	22.05	
L	242189	23		Oum-Chalouba		LOCALITY	15.8	20.76667	
L	242193	02		Oulikolé		LOCALITY	14.06703	21.86073	
L	242194	02		Ouligit		LOCALITY	15.08333	21.96667	
L	242198	12		Ouirégé		LOCALITY	12.95	21.05	
L	242199	12		Ouidirné		LOCALITY	13.45408	20.40601	
L	242203	12		Ougouné		LOCALITY	13.19161	20.76804	
L	242208	12		Ouéré		LOCALITY	13.68894	20.95536	
L	242209	12		Ouéré		LOCALITY	13.31772	21.24261	
L	242210	25		Ouéré		LOCALITY	12.31667	22.11667	
L	242213	13		Ouélana		LOCALITY	11.3803	20.8984	
L	242221	12		Oucha		LOCALITY	13.38555	20.52998	
L	242223	12		Ouasir	واسير	LOCALITY	13.48734	21.07247	
L	242226	02		Ouarchak		LOCALITY	14.18449	20.97276	
L	242228	12		Ouara	وارا	LOCALITY	14.23536	20.67391	
L	242229	12		Ouar		LOCALITY	13.15501	21.46075	
L	242233	12		Ouandalo		LOCALITY	13.35392	22.27311	
L	242235	13		Oualli		LOCALITY	11.5979	20.9896	
L	242237	01		Oualad Baachoum		LOCALITY	13.59824	20.11319	
L	242238	12		Ouala		LOCALITY	13.44808	21.91815	
L	242239	12		Ouagil		LOCALITY	12.76667	21.11667	
L	242241	12		Ouagif		LOCALITY	13.5144	21.12602	
L	242244	12		Ouaga		LOCALITY	13.6933	21.32464	
L	242255	02		Orouba		LOCALITY	14.86667	22.25	
L	242259	02		Orok		LOCALITY	14.43467	21.2003	
L	242263	02		Orgayba		LOCALITY	15.13333	21.88333	
L	242264	02		Orgayba		LOCALITY	15.11667	21.9	
L	242270	02		Oména		LOCALITY	14.09987	21.90248	
L	242271	02		Omol		LOCALITY	14.51521	21.30609	
L	242275	02		Om		LOCALITY	14.21667	22.53333	
L	242276	12		Olo Zabalat		LOCALITY	12.9	21.53333	
L	242278	12		Olo Ouaouala		LOCALITY	12.86667	21.55	
L	242282	02		Okua		LOCALITY	14.1913	21.03875	
L	242286	12		Ohour		LOCALITY	14.05023	21.40745	
L	242291	02		Ohang		LOCALITY	14.721	21.85381	
L	242293	12		Ogourbo		LOCALITY	13.8707	21.03317	
L	242295	02		Ogouba		LOCALITY	15.45	21.63333	
L	242302	02		Ogola		LOCALITY	14.78333	22.41667	
L	242303	02		Ofoun		LOCALITY	14.45082	20.95058	
L	242306	12		Odona Niangal		LOCALITY	13.62372	21.51221	
L	242307	12		Odona Nargasila		LOCALITY	13.62644	21.49334	
L	242310	02		Obé		LOCALITY	14.43333	22.05	
L	242315	25		Nzili		LOCALITY	11.13447	22.92405	
L	242316	12		Nyanyouléta		LOCALITY	13.01609	21.82681	
L	242322	02		Noursi Adya		LOCALITY	15.2	22.45	
L	242325	12		Nourkani	نوركاني	LOCALITY	13.15237	21.9918	
L	242329	01		Noumi		LOCALITY	13.66461	20.15532	
L	242331	02		Noro		LOCALITY	14.32519	21.29966	
L	242339	02		Nogoba		LOCALITY	15.15	22.36667	
L	242340	02		Nogoba		LOCALITY	15.06667	22.4	
L	242341	12		Nofar		LOCALITY	14.01364	20.15631	
L	242349	02		Nit		LOCALITY	14.30194	21.37305	
L	242350	12		Niourmo		LOCALITY	13.08581	20.64096	
L	242351	12		Nioulay		LOCALITY	11.6448	21.0909	
L	242352	12		Nioufoutou	نيوفوتو	LOCALITY	13.51667	21	
L	242353	12		Nioufoutou	نيوفوتو	LOCALITY	13.49574	21.05697	
L	242354	12		Nioufoutou	نيوفوتو	LOCALITY	13.51112	20.99413	
L	242356	13		Niouboté		LOCALITY	11.3725	20.6812	
L	242359	12		Niorian		LOCALITY	13.04322	21.59521	
L	242363	02		Niméringa		LOCALITY	14.3365	21.38105	
L	242367	12		Niguélim		LOCALITY	13.51736	21.2134	
L	242368	12		Niétimba		LOCALITY	13.55177	21.26915	
L	242369	25		Niéringa		LOCALITY	12.03333	22.33333	
L	242371	02		Niéré		LOCALITY	14.49619	21.15306	
L	242373	12		Nidep		LOCALITY	13.61027	21.51943	
L	242374	12		Niatogon		LOCALITY	13.3249	20.64989	
L	242375	12		Niatalay		LOCALITY	13.9536	20.65938	
L	242376	25		Niarta Kideyede		LOCALITY	12.83333	20.16667	
L	242377	05		Niarta Doungous		LOCALITY	12.81667	20.16667	
L	242378	25		Niarinion		LOCALITY	12.4	22.36667	
L	242380	13		Niansour		LOCALITY	11.037	21.3164	
L	242381	12		Nianigin		LOCALITY	14.17104	20.35408	
L	242383	12		Niangala		LOCALITY	13.27098	20.63583	
L	242384	12		Niangal		LOCALITY	13.46306	21.46693	
L	242386	12		Niandi		LOCALITY	13.82064	21.73804	
L	242387	12		Niamé		LOCALITY	13.63141	20.72853	
L	242389	01		Nialkata		LOCALITY	13.62532	20.08322	
L	242393	12		Niala		LOCALITY	13.35429	21.20073	
L	242396	25		Niagao		LOCALITY	12.93333	20.2	
L	242397	02		Niabourné		LOCALITY	14.36667	22.06667	
L	242399	25		Ngorloli		LOCALITY	12.46667	22.08333	
L	242400	13		Ngoïdé II		LOCALITY	9.76449	21.01947	
L	242401	13		Ngoidé II		LOCALITY	9.63333	20.9	
L	242402	13		Ngoïdé I		LOCALITY	9.79417	21.07507	
L	242404	12		Ngatar		LOCALITY	13.97511	20.91503	
L	242405	12		Ngarouma		LOCALITY	13.77499	21.83055	
L	242406	12		Ngarmang		LOCALITY	13.08342	21.87606	
L	242407	12		Ngaram		LOCALITY	13.4713	20.58444	
L	242409	02		Missiguir		LOCALITY	14.6905	21.09585	
L	242410	01		Néri		LOCALITY	13.67393	20.17052	
L	242412	25		Néouya		LOCALITY	11.83333	21.13333	
L	242414	02		Nélian		LOCALITY	14.28461	21.00388	
L	242416	13		Ndoubari		LOCALITY	9.7854	20.79234	
L	242418	12		Ndokouré		LOCALITY	13.02156	21.91545	
L	242420	13		Ndjèr		LOCALITY	10.3392	21.2617	
L	242422	13		Ndin		LOCALITY	11.4037	20.5888	
L	242425	12		Ndatirni		LOCALITY	13.48221	21.94091	
L	242426	12		Nbourkita		LOCALITY	13.13164	21.9684	
L	242434	02		Natika		LOCALITY	14.67499	21.96529	
L	242436	02		Narweyt		LOCALITY	15.13333	21.95	
L	242439	02		Narga		LOCALITY	15.08333	21.6	
L	242441	02		Nardogé		LOCALITY	15.46667	21.86667	
L	242445	02		Nangal		LOCALITY	14.50814	21.26405	
L	242447	12		Nana		LOCALITY	13.53949	21.39205	
L	242448	12		Nana		LOCALITY	13.36667	21.4	
L	242449	12		Namouroum		LOCALITY	13.45978	21.14698	
L	242452	12		Nakargoum		LOCALITY	14.18524	20.88106	
L	242453	12		Nakal		LOCALITY	14.02236	20.85571	
L	242454	02		Naydon		LOCALITY	14.28489	21.42805	
L	242458	02		Naga		LOCALITY	15.36667	22.95	
L	242461	13		Nabakay		LOCALITY	11.5946	20.1332	
L	242467	12		Nabagay Konga		LOCALITY	13.26904	22.08033	
L	242468	12		Nabagay Konga		LOCALITY	13.10523	21.93711	
L	242471	12		Nabagay		LOCALITY	12.86667	21.51667	
L	242472	25		Nabagay		LOCALITY	12.41667	20.91667	
L	242481	02		Moussimé		LOCALITY	14.66872	21.51115	
L	242489	02		Mourou		LOCALITY	14.14478	21.56967	
L	242490	12		Mourou		LOCALITY	13.87422	22.0642	
L	242491	12		Mourok		LOCALITY	13.23514	20.65669	
L	242496	25		Mouriou		LOCALITY	12.5	22.35	
L	242497	12		Mourdiguin		LOCALITY	13.23183	20.65513	
L	242501	12		Mourdaba		LOCALITY	14.12988	20.59697	
L	242502	13		Mouraya		LOCALITY	11.5454	20.9793	
L	242505	12		Mouray		LOCALITY	12.83333	21.25	
L	242506	25		Mouray		LOCALITY	12.4	21.2	
L	242507	25		Mouray		LOCALITY	12.38333	22.36667	
L	242508	25		Mouray		LOCALITY	11.993	21.9966	
L	242509	13		Mouray		LOCALITY	11.3418	20.8357	
L	242510	25		Moura Kebir		LOCALITY	12.83333	20.3	
L	242511	25		Moura Adjouz		LOCALITY	12.81667	20.33333	
L	242514	02		Moura		LOCALITY	14.64158	21.49613	
L	242515	12		Moura		LOCALITY	13.79336	21.20802	
L	242517	25		Mour		LOCALITY	12.66667	21.88333	
L	242518	13		Mounyaz		LOCALITY	10.68224	21.30158	
L	242519	25		Mounyang		LOCALITY	12.91667	20.25	
L	242520	25		Mountoumoundou		LOCALITY	11.91667	21.3	
L	242522	25		Moungalkasi		LOCALITY	12.58333	21.81667	
L	242526	12		Mougoultié		LOCALITY	13.43154	20.80183	
L	242529	25		Moudouga		LOCALITY	12.61667	22.13333	
L	242531	13		Moudjoud		LOCALITY	11.6161	21.0061	
L	242533	02		Moudéré		LOCALITY	14.65	22.18333	
L	242541	12		Moroské		LOCALITY	12.9	21.23333	
L	242547	25		Moro		LOCALITY	11.0929	22.7429	
L	242551	25		Mormondigi		LOCALITY	12.53333	22.2	
L	242553	13		Mored Kadé		LOCALITY	11.65034	21.05083	
L	242557	12		Monney		LOCALITY	13.40184	21.18974	
L	242558	02		Monmorga		LOCALITY	14.10429	21.2648	
L	242559	25		Monmbasa		LOCALITY	11.43007	22.64418	
L	242560	12		Montouyouk		LOCALITY	14.12316	21.38538	
L	242562	25		Mongororo		LOCALITY	12.01667	22.46667	
L	242564	13		Mongaré		LOCALITY	11.3538	20.8598	
L	242566	01		Mondouri		LOCALITY	13.77637	20.22667	
L	242568	12		Mondjiguin		LOCALITY	13.5323	20.64714	
L	242569	02		Monada		LOCALITY	14.33532	21.18136	
L	242571	12		Molou		LOCALITY	13.70212	21.7384	
L	242575	12		Mokochaché		LOCALITY	13.17361	21.48548	
L	242578	12		Mokat		LOCALITY	13.66005	21.34162	
L	242583	12		Mona		LOCALITY	14.05096	21.77607	
L	242586	12		Mogouchaché		LOCALITY	13.11445	21.9799	
L	242588	12		Mogo		LOCALITY	13.90173	21.08866	
L	242589	25		Moganda		LOCALITY	12.3	22.21667	
L	242590	25		Modoyna		LOCALITY	12.56667	22.33333	
L	242593	25		Modo		LOCALITY	12.3	21.45	
L	242600	12		Mistérédé		LOCALITY	13.87033	20.566	
L	242601	01		Mistérédé		LOCALITY	13.83064	20.10431	
L	242603	12		Mirkilin		LOCALITY	12.98333	21.83333	
L	242604	13		Mirer		LOCALITY	11.2931	20.1122	
L	242605	12		Mirek		LOCALITY	13.42415	20.71926	
L	242606	02		Miréguéré		LOCALITY	14.41096	21.52226	
L	242607	25		Mirdi		LOCALITY	11.33333	22.81667	
L	242610	02		Miniéri		LOCALITY	14.14064	21.27888	
L	242613	13		Minéri		LOCALITY	10.68333	21.26667	
L	242614	13		Mindrang		LOCALITY	10.05	21.0095	
L	242617	13		Mindjik		LOCALITY	10.2641	20.8502	
L	242622	02		Milé		LOCALITY	14.60233	21.91027	
L	242623	12		Miélé Sabani		LOCALITY	13.67215	21.6273	
L	242624	12		Miélé Karbani		LOCALITY	13.66724	21.60637	
L	242627	25		Miele		LOCALITY	12.63333	20.18333	
L	242629	25		Mié		LOCALITY	11.6961	21.1719	
L	242633	12		Métié		LOCALITY	13.21143	21.89922	
L	242634	02		Métémiti		LOCALITY	14.24166	21.06835	
L	242635	25		Métémetko		LOCALITY	12.26667	21.98333	
L	242636	02		Métembé		LOCALITY	14.17765	21.26338	
L	242637	01		Métamé		LOCALITY	13.83652	20.07558	
L	242638	25		Métalbanda		LOCALITY	12.21667	22.46667	
L	242640	02		Méssér		LOCALITY	14.49543	21.15817	
L	242641	12		Méser		LOCALITY	13.81813	21.04711	
L	242642	12		Mermer		LOCALITY	13.25004	21.60317	
L	242646	13		Mérik		LOCALITY	11.387	20.4436	
L	242649	12		Mérérié		LOCALITY	12.81667	21.23333	
L	242650	25		Mérérié		LOCALITY	12.4	21.2	
L	242651	13		Mérer I		LOCALITY	11.1025	20.1691	
L	242652	13		Mérer II		LOCALITY	11.1079	20.1535	
L	242653	12		Mérendé		LOCALITY	13.03389	21.10487	
L	242654	13		Mérékika		LOCALITY	11.15668	20.55533	
L	242659	02		Méni-Méni		LOCALITY	14.25	22.31667	
L	242660	02		Méni Méni		LOCALITY	14.05	22.4	
L	242665	02		Ménéouéré		LOCALITY	14.3874	21.95407	
L	242667	02		Ménéret		LOCALITY	14.43333	22.3	
L	242674	02		Méli		LOCALITY	14.95	22.26667	
L	242675	25		Méléli		LOCALITY	12.35	21.81667	
L	242677	25		Mélabada		LOCALITY	12.43333	21.85	
L	242679	12		Mégren		LOCALITY	13.30669	21.515	
L	242682	01		Médisis		LOCALITY	13.52251	20.08655	
L	242683	02		Médiéguéssé		LOCALITY	14.48153	21.55244	
L	242685	02		Méder		LOCALITY	14.81667	22.31667	
L	242692	12		Mbéter		LOCALITY	13.45476	21.06694	
L	242694	13		Mbaldia		LOCALITY	11.4141	20.3843	
L	242696	12		Mazembam		LOCALITY	13.40528	21.23018	
L	242698	25		Mayo		LOCALITY	12.13333	22.25	
L	242703	02		Mayé		LOCALITY	15.3	22.4	
L	242707	02		Mayba		LOCALITY	14.91667	22.51667	
L	242716	12		Matoukouli		LOCALITY	14.14939	20.5147	
L	242717	12		Matoukouli		LOCALITY	13.97245	20.70177	
L	242718	02		Matoua		LOCALITY	14.2304	21.16049	
L	242720	25		Matodjo		LOCALITY	11.98	21.4769	
L	242721	12		Matio		LOCALITY	13.93839	20.46401	
L	242722	02		Materfok		LOCALITY	14.14155	21.10345	
L	242725	13		Matègn		LOCALITY	10.5747	20.2888	
L	242726	12		Matazé		LOCALITY	13.1447	21.28093	
L	242728	12		Matarouda		LOCALITY	13	21.56667	
L	242729	12		Matar		LOCALITY	13.62508	20.62185	
L	242730	12		Matagué		LOCALITY	13.68789	21.53224	
L	242733	12		Matabono		LOCALITY	13.77554	21.34071	
L	242734	12		Matabono		LOCALITY	13.51089	20.9635	
L	242735	12		Matabono		LOCALITY	13.09467	21.61301	
L	242736	25		Matabgué		LOCALITY	11.9683	20.8648	
L	242737	25		Matabano		LOCALITY	12.58333	21.45	
L	242738	12		Mata		LOCALITY	14.04239	21.16164	
L	242739	12		Mastaridé		LOCALITY	12.98333	21.21667	
L	242740	13		Masembagn		LOCALITY	9.52132	20.86811	
L	242742	12		Masangania		LOCALITY	13.90432	20.41051	
L	242746	01		Marzouga		LOCALITY	13.5988	20.09526	
L	242750	02		Martébé		LOCALITY	14.9824	21.3472	
L	242751	02		Martala		LOCALITY	14.73741	21.1083	
L	242755	02		Marnié		LOCALITY	14.51667	22.01667	
L	242756	02		Marnié		LOCALITY	14.28333	22.2	
L	242759	25		Marmari		LOCALITY	11.95743	22.17292	
L	242760	12		Marmana		LOCALITY	13.7689	21.5084	
L	242761	12		Markasagan		LOCALITY	13.06667	20.78722	
L	242765	02		Margoumoun		LOCALITY	14.48333	22.38333	
L	242772	25		Marfakatèl		LOCALITY	11.9403	21.9216	
L	242776	02		Mardou		LOCALITY	15.3	22	
L	242782	12		Marchout		LOCALITY	13.56156	20.84069	
L	242785	02		Maraoné		LOCALITY	14.64355	21.56857	
L	242787	01		Marada		LOCALITY	13.59869	20.00313	
L	242788	12		Maraboto		LOCALITY	12.93333	21.48333	
L	242789	25		Marabila		LOCALITY	11.68154	22.09718	
L	242791	02		Maraba		LOCALITY	14.18541	21.92619	
L	242795	01		Manzolo		LOCALITY	13.49754	20.08061	
L	242796	12		Manzolo		LOCALITY	13.46297	20.72156	
L	242798	01		Manouachi		LOCALITY	13.81465	20.12064	
L	242802	13		Mangueigne		LOCALITY	10.5151	21.3132	
L	242804	12		Mangarna		LOCALITY	13.19796	20.62698	
L	242806	12		Manga		LOCALITY	13.02372	21.13104	
L	242807	02		Mandoun		LOCALITY	14.14694	21.17966	
L	242808	12		Mandési		LOCALITY	13.24882	21.99847	
L	242810	12		Mandap		LOCALITY	13.87172	21.10002	
L	242811	12		Mandafana		LOCALITY	13.88612	20.75366	
L	242815	12		Mandaba		LOCALITY	14.25886	20.70994	
L	242817	12		Mamour		LOCALITY	13.32375	21.85809	
L	242818	12		Malongo		LOCALITY	13.05303	20.71642	
L	242820	12		Malkoko		LOCALITY	13.90961	20.90133	
L	242821	12		Malkoko		LOCALITY	13.8635	20.70191	
L	242824	13		Malap		LOCALITY	9.63932	20.96983	
L	242826	12		Malanga Kaokawa		LOCALITY	14.24795	20.76943	
L	242828	13		Malam		LOCALITY	11.448	20.9756	
L	242829	13		Malak		LOCALITY	11.71331	20.41734	
L	242830	02		Malagui		LOCALITY	14.39945	21.11105	
L	242831	12		Malabat		LOCALITY	13.87924	21.10571	
L	242832	25		Malabada		LOCALITY	12.06667	22.11667	
L	242833	02		Malaba		LOCALITY	14.5314	21.53184	
L	242834	12		Makouro		LOCALITY	13.75687	20.42178	
L	242835	13		Makoua		LOCALITY	9.91985	21.13728	
L	242836	13		Makoua		LOCALITY	9.91667	21.06667	
L	242837	25		Makokou		LOCALITY	12.3	20.75	
L	242839	12		Makarou		LOCALITY	13.67002	21.49405	
L	242840	12		Makalka		LOCALITY	13.23359	21.43095	
L	242846	25		Magram Seko		LOCALITY	12.83333	20.26667	
L	242847	25		Magram Kébil		LOCALITY	12.83333	20.25	
L	242848	02		Magram		LOCALITY	14.74065	20.81722	
L	242850	12		Maguilbé		LOCALITY	13.74323	20.68724	
L	242851	25		Magilang		LOCALITY	11.35914	22.72822	
L	242853	12		Magatéta		LOCALITY	13.17183	22.10234	
L	242854	12		Magarin Saba		LOCALITY	13.96989	20.29629	
L	242855	12		Magarin Ghalib		LOCALITY	13.95331	20.26339	
L	242857	12		Magarin		LOCALITY	13.82757	21.86648	
L	242859	12		Magaren		LOCALITY	13.58554	20.61625	
L	242860	25		Magardjala		LOCALITY	12.48333	21.76667	
L	242862	02		Mogar		LOCALITY	14.16798	21.23156	
L	242863	02		Magaoné		LOCALITY	14.0683	21.97888	
L	242864	13		Magal		LOCALITY	11.87094	20.4201	
L	242865	12		Madrong		LOCALITY	13.29449	22.00172	
L	242866	25		Madou		LOCALITY	12.51667	22.4	
L	242868	25		Madjorto		LOCALITY	11.9539	21.4928	
L	242869	02		Madjoné		LOCALITY	14.54348	21.78664	
L	242872	13		Madi Salamat		LOCALITY	10.4873	20.2151	
L	242875	13		Madi Chérif		LOCALITY	10.5065	20.2342	
L	242881	02		Madamdama		LOCALITY	14.25702	20.89702	
L	242882	13		Madak		LOCALITY	11.3873	20.9252	
L	242884	28		Madadi		LOCALITY	18.46667	20.75	
L	242887	13		Machicha		LOCALITY	11.4173	20.9585	
L	242890	12		Mabouguin		LOCALITY	13.48824	21.69815	
L	242897	02		Lourga		LOCALITY	14.12623	21.21585	
L	242898	02		Loumé I		LOCALITY	14.72016	21.92132	
L	242899	02		Loumé		LOCALITY	14.70651	21.88251	
L	242900	02		Louminé		LOCALITY	14.43083	21.57894	
L	242906	25		Loubané		LOCALITY	12.58333	22	
L	242907	25		Loubané		LOCALITY	12.4	21.65	
L	242909	02		Lotour		LOCALITY	15.11667	21.38333	
L	242913	02		Lodok		LOCALITY	14.37089	21.16369	
L	242915	02		Lobodo		LOCALITY	14.63114	20.58692	
L	242916	12		Lobodo		LOCALITY	14.17767	20.32069	
L	242919	12		Lira	ليرا	LOCALITY	13.47249	21.69864	
L	242920	12		Linyé Matar		LOCALITY	13.40339	22.08497	
L	242921	12		Linyé Disang		LOCALITY	13.39459	22.10256	
L	242922	12		Linyé		LOCALITY	13.43596	22.08823	
L	242924	12		Limbet		LOCALITY	13.18009	20.68263	
L	242925	12		Liman		LOCALITY	13.26874	21.71687	
L	242927	12		Lilingkèrkéré		LOCALITY	13.78985	21.8561	
L	242928	12		Lilima		LOCALITY	13.16939	20.74416	
L	242930	12		Lilek		LOCALITY	13.82604	21.94576	
L	242935	12		Lèlkinbé		LOCALITY	13.61002	21.28723	
L	242941	25		Le Boutiké		LOCALITY	11.96858	21.48294	
L	242943	12		Langué		LOCALITY	13.41503	21.55925	
L	242944	25		Langata		LOCALITY	12.63363	22.16027	
L	242946	12		Lagia		LOCALITY	12.93333	21.01667	
L	242950	12		Labidé		LOCALITY	13.57936	21.44644	
L	242952	12		Labdé		LOCALITY	13.36713	21.72752	
L	242953	25		Labde		LOCALITY	12.85	20.25	
L	242955	12		Labar		LOCALITY	13.03877	21.66175	
L	242957	25		Labada		LOCALITY	12.58333	20.28333	
L	242966	13		Kozoued		LOCALITY	11.5738	20.9939	
L	242970	02		Koyma		LOCALITY	14.28976	21.9666	
L	242971	02		Kouskoué		LOCALITY	14.47401	20.62664	
L	242972	12		Kouzoué		LOCALITY	14.0295	20.79981	
L	242973	12		Kouzoué		LOCALITY	13.51293	21.30538	
L	242974	25		Kouzouay		LOCALITY	12.45	22.16667	
L	242975	12		Kouziwahed		LOCALITY	13.51047	20.78815	
L	242976	12		Kouziouet		LOCALITY	12.9	21.55	
L	242977	25		Kouziouet		LOCALITY	12.01667	21.65	
L	242978	25		Kouziouèd		LOCALITY	11.56695	22.53774	
L	242979	25		Kouziouèd		LOCALITY	11.75355	22.22552	
L	242981	02		Kouzera		LOCALITY	14.7368	20.76843	
L	242984	12		Koutourné		LOCALITY	13.41061	21.61599	
L	242986	12		Koutoul		LOCALITY	13.85786	21.09842	
L	242994	25		Kousoukoumou		LOCALITY	12.53333	22.4	
L	242996	12		Kourtoufal		LOCALITY	13.53503	20.98677	
L	242999	12		Kourtia		LOCALITY	13.34462	22.11347	
L	243001	25		Kourtandjo		LOCALITY	11.82627	22.52326	
L	243002	02		Koursoulfou		LOCALITY	14.37274	21.35037	
L	243003	02		Koursigué		LOCALITY	14.63806	21.88765	
L	243006	25		Kouroukoul		LOCALITY	12.25	21.38333	
L	243014	02		Kouro		LOCALITY	14.36745	21.07485	
L	243017	02		Kourniala		LOCALITY	14.68229	21.0352	
L	243019	02		Kourmoutou		LOCALITY	14.35	22.05	
L	243020	12		Kourmoudi		LOCALITY	14.33554	20.6992	
L	243022	02		Kourmon		LOCALITY	14.27115	20.96978	
L	243023	25		Kourlalou		LOCALITY	12.2	22.28333	
L	243024	12		Kourkouti		LOCALITY	13.57728	21.34109	
L	243026	02		Kourkoulé		LOCALITY	14.21433	20.98042	
L	243027	25		Kourkoudou		LOCALITY	12.43333	22.06667	
L	243028	25		Kourkilé		LOCALITY	11.93844	22.12897	
L	243037	12		Kourérian		LOCALITY	13.53768	21.13028	
L	243040	12		Kourdoufal		LOCALITY	13.54481	20.66674	
L	243042	12		Kourdofal		LOCALITY	13.55494	21.27452	
L	243043	12		Kourdofal		LOCALITY	13.36256	21.16234	
L	243044	13		Kourdjoukol		LOCALITY	11.6674	20.998	
L	243048	02		Kourdi		LOCALITY	15.76667	22.73333	
L	243051	25		Kourbou Al Goz		LOCALITY	11.7985	22.2084	
L	243053	12		Kourbon		LOCALITY	14.09996	21.29241	
L	243054	12		Kourboulo		LOCALITY	13.30901	21.64398	
L	243055	01		Kourbié		LOCALITY	13.77386	20.21821	
L	243056	02		Kourasiri		LOCALITY	15.06667	22.43333	
L	243059	02		Kourak		LOCALITY	14.0777	21.19662	
L	243061	12		Koura		LOCALITY	13.99062	20.39642	
L	243063	25		Kounous		LOCALITY	11.97325	21.80805	
L	243064	02		Kounoungo		LOCALITY	14.46085	21.94037	
L	243065	12		Kouno		LOCALITY	13.676	21.55757	
L	243066	02		Koungo		LOCALITY	14.37351	21.48281	
L	243067	12		Koundousa		LOCALITY	13.11907	21.70344	
L	243069	05		Koundour		LOCALITY	12.78333	20.16667	
L	243070	12		Koundouno		LOCALITY	13.36702	20.70632	
L	243071	12		Koundou		LOCALITY	13.79207	22.03642	
L	243072	12		Koundjoubay		LOCALITY	13.16877	21.76946	
L	243074	25		Koumourou		LOCALITY	11.48288	22.64218	
L	243075	02		Koumoudji		LOCALITY	14.46667	22.26667	
L	243076	25		Koumir		LOCALITY	12.48333	21.2	
L	243077	12		Koumi		LOCALITY	12.95	21.31667	
L	243079	02		Koumalé		LOCALITY	14.58165	21.40177	
L	243081	02		Kouloungoulé		LOCALITY	14.57913	21.61185	
L	243083	12		Koulkoula		LOCALITY	13.82455	21.61862	
L	243094	12		Koulé		LOCALITY	13.10143	21.89996	
L	243095	12		Koulé		LOCALITY	13.08699	21.90214	
L	243096	12		Kouldi		LOCALITY	13.34277	20.67371	
L	243098	12		Koulbo		LOCALITY	13.29551	20.99724	
L	243099	02		Koulbarak		LOCALITY	14.19309	21.31815	
L	243101	02		Koulalangué		LOCALITY	14.16394	21.50211	
L	243104	02		Koulourbé		LOCALITY	14.29509	21.49439	
L	243105	12		Koukoulayé		LOCALITY	13.58114	20.28929	
L	243106	25		Koukou Bornou		LOCALITY	11.9964	21.6481	
L	243107	25		Koukou Angarana	كوكو أنغرانا	LOCALITY	12.01667	21.68333	
L	243110	25		Koukou		LOCALITY	11.34369	22.64564	
L	243114	13		Kouga		LOCALITY	9.96193	21.12056	
L	243115	13		Kouga		LOCALITY	9.93333	21.05	
L	243123	25		Koudougous		LOCALITY	12.26667	22.38333	
L	243128	12		Koudjan Kodolo		LOCALITY	13.36935	21.63624	
L	243129	12		Koudjan Itélé		LOCALITY	13.34575	21.62655	
L	243131	02		Koudiouré		LOCALITY	14.40195	21.71185	
L	243132	12		Koudioméra		LOCALITY	13.55892	21.05633	
L	243133	02		Koudigui		LOCALITY	14.22652	21.08805	
L	243135	12		Kouchoulou		LOCALITY	13.24136	20.63137	
L	243137	12		Kouchaguine		LOCALITY	13.41852	21.50359	
L	243144	13		Koubo Abou Gara		LOCALITY	10.60665	20.71265	
L	243146	13		Koubo Abou Azrak		LOCALITY	10.8561	20.5746	
L	243148	25		Koubigou		LOCALITY	12.28333	21.41667	
L	243151	12		Koua		LOCALITY	13.92995	21.59359	
L	243152	13		Kou		LOCALITY	11.5794	20.0917	
L	243153	25		Kotro		LOCALITY	12.4	21.1	
L	243162	25		Koschmolo		LOCALITY	11.36667	22.75	
L	243165	02		Korouba		LOCALITY	14.3444	21.01985	
L	243166	12		Kororok		LOCALITY	14.03633	21.21755	
L	243167	12		Kororak		LOCALITY	13.39125	22.13639	
L	243168	02		Koronboué		LOCALITY	14.43456	20.95559	
L	243169	02		Korombaytal		LOCALITY	14.39905	21.00367	
L	243172	02		Korok		LOCALITY	14.06667	22.33333	
L	243173	12		Korodom		LOCALITY	13.91301	21.7152	
L	243176	02		Kornoy		LOCALITY	15.33333	22.55	
L	243177	01		Kornoe		LOCALITY	13.65148	20.05501	
L	243178	05		Korno Djigdjig		LOCALITY	12.78333	20.06667	
L	243179	05		Korno Dele		LOCALITY	12.78333	20.11667	
L	243181	05		Korno		LOCALITY	12.78333	20.08333	
L	243182	12		Korné		LOCALITY	13.98118	21.34387	
L	243184	12		Kornay		LOCALITY	13.31703	20.70839	
L	243185	12		Kormododo		LOCALITY	13.14666	22.05167	
L	243188	12		Korkoro		LOCALITY	12.86667	21.01667	
L	243194	12		Korio		LOCALITY	13.09068	21.43994	
L	243196	02		Korgo		LOCALITY	14.76384	21.89852	
L	243199	02		Koré		LOCALITY	14.45046	21.53011	
L	243200	12		Koré		LOCALITY	13.75358	21.80146	
L	243201	12		Koré		LOCALITY	13.14985	21.5797	
L	243203	25		Kordo		LOCALITY	12.31667	21.8	
L	243209	02		Kora		LOCALITY	14.48848	21.60043	
L	243213	12		Koniéréta		LOCALITY	13.43688	21.96107	
L	243215	12		Kongour		LOCALITY	13.3017	21.20694	
L	243217	12		Kongo		LOCALITY	13.63812	21.62138	
L	243220	02		Kondoko		LOCALITY	14.48763	21.98127	
L	243222	02		Kondobor		LOCALITY	14.47404	20.74628	
L	243224	12		Kondjiguin		LOCALITY	13.9606	20.53614	
L	243228	12		Komoské		LOCALITY	12.8	21.31667	
L	243229	12		Kolten		LOCALITY	13.40348	20.76442	
L	243230	25		Koloy		LOCALITY	12.53333	22.18333	
L	243233	02		Kolka		LOCALITY	14.3681	21.33025	
L	243234	12		Kolingué		LOCALITY	13.24815	22.11425	
L	243235	12		Kolé		LOCALITY	13.39142	22.12323	
L	243236	02		Kokormélé		LOCALITY	14.21252	21.11219	
L	243237	12		Kokorko		LOCALITY	13.48439	21.66051	
L	243239	02		Kokor		LOCALITY	14.19241	21.39865	
L	243240	13		Kokodjo		LOCALITY	11.7201	20.5594	
L	243241	12		Koko		LOCALITY	13.55104	21.80971	
L	243242	12		Koko		LOCALITY	13.48535	21.10586	
L	243245	12		Koïma		LOCALITY	13.90325	21.82281	
L	243246	12		Koïbo		LOCALITY	14.25741	20.49755	
L	243250	02		Kodrok		LOCALITY	14.76714	21.23078	
L	243253	12		Kodono		LOCALITY	13.78338	21.34429	
L	243254	25		Kodomoro		LOCALITY	11.77837	22.19669	
L	243255	12		Kodolok		LOCALITY	13.47474	21.88266	
L	243256	02		Kodok		LOCALITY	14.24967	21.14183	
L	243259	13		Kodjoko		LOCALITY	10.5139	21.3274	
L	243260	25		Kodjan		LOCALITY	12.6	21.88333	
L	243261	13		Kodioumbrang		LOCALITY	9.86473	21.11546	
L	243262	12		Kodélé		LOCALITY	13.18733	21.99441	
L	243265	25		Kochokor		LOCALITY	11.7437	21.298	
L	243269	25		Kobolko		LOCALITY	12.63333	21.9	
L	243272	02		Koba		LOCALITY	15.25	22.21667	
L	243273	13		Koanié		LOCALITY	9.86072	20.84112	
L	243281	12		Kisikita		LOCALITY	13.36966	22.18837	
L	243282	02		Kisélé		LOCALITY	14.5	22.23333	
L	243283	02		Kirzim		LOCALITY	14.81565	20.87671	
L	243287	02		Kirio		LOCALITY	14.48438	21.87304	
L	243288	12		Kirey		LOCALITY	13.96508	20.43854	
L	243289	12		Kirana		LOCALITY	12.93333	21.8	
L	243291	12		Kipdelfi		LOCALITY	13.15163	21.38039	
L	243292	12		Kiouguéré		LOCALITY	13.96522	20.51722	
L	243293	12		Kinin		LOCALITY	13.82807	20.80557	
L	243295	02		Kinéda		LOCALITY	14.44339	21.1758	
L	243297	13		Kimbil		LOCALITY	10.0073	20.9712	
L	243298	25		Kilmakari		LOCALITY	12.3	22.4	
L	243301	12		Kiliguen		LOCALITY	13.84951	20.95317	
L	243304	12		Kilato		LOCALITY	13.27858	20.67291	
L	243312	02		Kidjiri		LOCALITY	14.63333	22.05	
L	243313	12		Kideydé		LOCALITY	13.55248	20.94041	
L	243314	12		Kidéguin		LOCALITY	13.40403	20.53733	
L	243317	12		Kibdé		LOCALITY	13.95387	21.35184	
L	243318	13		Kiadopto		LOCALITY	9.99539	20.70426	
L	243319	25		Khoumi		LOCALITY	12.58333	20.36667	
L	243320	25		Khibeche		LOCALITY	12.91667	20.16667	
L	243325	12		Khachim el Djarad		LOCALITY	13.36565	21.04392	
L	243330	02		Keyramara		LOCALITY	15.48333	22.51667	
L	243341	25		Kételtek		LOCALITY	12.8	21.78333	
L	243344	02		Kété		LOCALITY	14.40137	21.82761	
L	243345	02		Kété		LOCALITY	14.32234	21.81452	
L	243350	12		Kerkéré		LOCALITY	13.56487	20.40002	
L	243351	02		Kérkébé		LOCALITY	14.21589	21.61161	
L	243354	12		Kéri		LOCALITY	14.08155	20.88735	
L	243355	25		Kéréta		LOCALITY	11.823	21.5483	
L	243356	12		Kérendé		LOCALITY	13.86089	21.05055	
L	243364	12		Kéouéka Mousa		LOCALITY	13.40437	21.28272	
L	243365	12		Kéouéka Adam		LOCALITY	13.41832	21.26817	
L	243367	12		Kénoual		LOCALITY	13.46073	21.62841	
L	243368	12		Kengala		LOCALITY	14.0748	21.3007	
L	243373	02		Kendem		LOCALITY	14.31762	20.9417	
L	243374	12		Kénam		LOCALITY	13.54268	21.22878	
L	243375	02		Kèmbita		LOCALITY	14.41995	21.12287	
L	243377	02		Kélki		LOCALITY	14.39314	21.33987	
L	243378	02		Kéligué		LOCALITY	14.35876	21.48834	
L	243380	02		Kelgouli Adia		LOCALITY	15.55	21.81667	
L	243383	25		Kelang		LOCALITY	12.91667	20.3	
L	243384	02		Kékerké		LOCALITY	14.5017	21.5523	
L	243393	12		Kedjabijin		LOCALITY	13.89344	21.02887	
L	243396	25		Kédet		LOCALITY	11.43408	22.68679	
L	243403	25		Kaywa		LOCALITY	12.55	21.95	
L	243405	25		Kaykomala		LOCALITY	12.01667	22.41667	
L	243407	12		Kaya		LOCALITY	13.87876	21.56886	
L	243410	12		Kawa		LOCALITY	13.87222	21.93153	
L	243412	13		Kati		LOCALITY	9.95304	21.16813	
L	243413	12		Katelké		LOCALITY	13.79624	21.50711	
L	243414	13		Katékan		LOCALITY	10.0988	20.99	
L	243416	12		Katchalong		LOCALITY	13.18673	21.73603	
L	243418	12		Katarfa		LOCALITY	13.09473	21.96757	
L	243421	12		Katakar		LOCALITY	13.51723	21.11481	
L	243422	12		Katagané		LOCALITY	14.14437	20.47964	
L	243423	12		Kataférita		LOCALITY	13.23986	21.99912	
L	243424	12		Katafa		LOCALITY	13.17193	20.60204	
L	243425	02		Kassine		LOCALITY	14.25	21.5	
L	243428	02		Kasmadjiéni		LOCALITY	15.41667	22.5	
L	243432	02		Kassara		LOCALITY	14.56155	21.23404	
L	243433	12		Karoup		LOCALITY	12.95	21.5	
L	243434	25		Karoub		LOCALITY	12.63333	21.33333	
L	243435	25		Karoub		LOCALITY	12.58333	21.71667	
L	243436	12		Karouadji		LOCALITY	12.8	21.01667	
L	243438	25		Karo		LOCALITY	12.31667	21.68333	
L	243439	25		Karnoy		LOCALITY	12.73333	20.3	
L	243441	12		Karnak		LOCALITY	13.97606	20.32468	
L	243442	27		Karna		LOCALITY	15.88333	22.68333	
L	243444	12		Karma		LOCALITY	13.30356	20.6227	
L	243449	02		Karka		LOCALITY	14.6913	21.70604	
L	243453	25		Karfi		LOCALITY	11.8934	21.302	
L	243454	12		Karfan		LOCALITY	13.54206	21.54137	
L	243464	12		Karangala		LOCALITY	13.68967	21.36724	
L	243465	13		Karandéti		LOCALITY	11.4104	20.9279	
L	243466	13		Karaka		LOCALITY	11.3763	20.6049	
L	243471	02		Kapka Géni		LOCALITY	15.05	21.61667	
L	243472	02		Kapka Djémé		LOCALITY	15.13333	21.73333	
L	243475	13		Kapba		LOCALITY	11.4326	20.403	
L	243479	12		Kaoré Oulad Tao		LOCALITY	13.52258	20.55305	
L	243480	12		Kaoré Oulad Mousa		LOCALITY	13.51198	20.53371	
L	243481	12		Kaoré Oulad Farka		LOCALITY	13.52555	20.6013	
L	243482	12		Kaoré Oulad Djaman		LOCALITY	13.51499	20.5188	
L	243483	12		Kaoré Adjous		LOCALITY	13.51835	20.55896	
L	243484	12		Kaoré		LOCALITY	14.143	20.6319	
L	243486	12		Kaokawa		LOCALITY	13.87708	20.31582	
L	243490	02		Kanoua		LOCALITY	15.81667	22.6	
L	243496	12		Kandarang		LOCALITY	13.75179	20.90294	
L	243497	02		Kandabor		LOCALITY	14.54175	20.59939	
L	243500	25		Kamourou		LOCALITY	12.2	22.08333	
L	243501	12		Kamnagan		LOCALITY	13.67204	20.22363	
L	243503	12		Kamina		LOCALITY	13.83333	20.83333	
L	243504	12		Kaméré		LOCALITY	13.44522	21.10537	
L	243507	13		Kambol		LOCALITY	9.54769	20.92056	
L	243508	02		Kamato		LOCALITY	14.26418	21.24949	
L	243510	13		Kamanay		LOCALITY	11.5057	20.6484	
L	243511	13		Kamaday		LOCALITY	11.2882	20.0965	
L	243512	25		Kamadaloua		LOCALITY	12.68333	20.51667	
L	243516	12		Kalatek		LOCALITY	13.87931	21.28469	
L	243517	12		Kalankara		LOCALITY	13.5731	21.28628	
L	243518	25		Kalaka		LOCALITY	12.66667	21.45	
L	243520	02		Kalagui		LOCALITY	14.77849	21.19574	
L	243521	25		Kalaga Sérir		LOCALITY	12.33333	22.38333	
L	243522	25		Kalaga Boudo		LOCALITY	12.53333	22.05	
L	243523	25		Kalaga		LOCALITY	12.3	22.36667	
L	243524	13		Kal		LOCALITY	10.3613	21.1769	
L	243528	02		Kakalanba		LOCALITY	14.47034	21.24342	
L	243531	25		Kaio		LOCALITY	12.33333	21.06667	
L	243532	12		Kaingam		LOCALITY	13.97862	20.54967	
L	243533	12		Kaïgnan		LOCALITY	14.25822	20.80541	
L	243535	12		Kaférek		LOCALITY	13.40694	20.42898	
L	243536	12		Kafala		LOCALITY	13.13844	20.75588	
L	243538	02		Kadour		LOCALITY	14.53593	21.1766	
L	243539	25		Kadouma		LOCALITY	12.2	22.45	
L	243541	12		Kado		LOCALITY	13.19891	22.03771	
L	243542	02		Kadkarir		LOCALITY	14.10313	21.86822	
L	243543	02		Kad Kali		LOCALITY	14.32869	21.59873	
L	243547	13		Kadji		LOCALITY	10.395	19.998	
L	243548	25		Kadjeské		LOCALITY	12.68333	21.4	
L	243552	13		Kadjangaré		LOCALITY	11.3856	20.5495	
L	243553	12		Kadjala		LOCALITY	13.44068	21.6008	
L	243556	02		Kadinkan		LOCALITY	14.34356	21.37965	
L	243557	25		Kadili		LOCALITY	11.9784	21.7102	
L	243558	12		Kadigué		LOCALITY	13.74761	21.80189	
L	243559	12		Kadara		LOCALITY	13.77295	21.55618	
L	243561	25		Kadana		LOCALITY	12.98333	20.21667	
L	243564	12		Kacha		LOCALITY	13.90585	20.67746	
L	243566	02		Kabga		LOCALITY	14.49896	20.32174	
L	243568	12		Kabas		LOCALITY	13.57814	21.41454	
L	243571	25		Kabaisa		LOCALITY	11.9	22.01982	
L	243572	02		Kaba		LOCALITY	14.63643	20.95737	
L	243577	12		Itiké		LOCALITY	13.85766	20.45192	
L	243579	12		Itété		LOCALITY	13.81263	21.60299	
L	243580	12		Itès		LOCALITY	13.58926	21.54178	
L	243581	25		Itehim		LOCALITY	12.73333	20.71667	
L	243582	12		Isikta		LOCALITY	13.36456	22.0333	
L	243583	12		Iséré		LOCALITY	13.5554	21.31156	
L	243587	02		Iring		LOCALITY	14.33172	21.11468	
L	243590	02		Iriba	إريبا	LOCALITY	15.11667	22.25	47972
L	243594	12		Irégat		LOCALITY	13.8675	20.27657	
L	243595	12		Irédibé		LOCALITY	13.40995	20.57429	
L	243596	25		Irédibé		LOCALITY	12.78333	20.58333	
L	243599	02		Inigoua		LOCALITY	14.33598	21.25794	
L	243600	02		Iningué		LOCALITY	14.32144	21.18449	
L	243601	02		Inguiné		LOCALITY	14.87717	21.82644	
L	243602	12		Inédé		LOCALITY	13.72124	21.64488	
L	243605	02		Indiné		LOCALITY	14.23131	21.27135	
L	243607	12		Imédé		LOCALITY	13.37267	21.10756	
L	243608	25		Imédé		LOCALITY	12.33333	21.65	
L	243609	25		Imar Djédid		LOCALITY	12.15	22.48333	
L	243610	12		Ilatab		LOCALITY	13.85357	21.53825	
L	243611	12		Ilili		LOCALITY	13.36903	22.07024	
L	243616	12		Ilédjid		LOCALITY	12.86667	21.21667	
L	243621	12		Iger Leben		LOCALITY	12.95	21.26667	
L	243622	12		Iguémé		LOCALITY	13.25684	21.2265	
L	243628	12		Idjeyné		LOCALITY	14.23781	20.21129	
L	243629	12		Idjerlében		LOCALITY	13.42736	21.18231	
L	243630	25		Idjélidjé		LOCALITY	11.8507	20.7861	
L	243634	12		Id el Har		LOCALITY	13.68913	20.77963	
L	243636	12		Id el Gara		LOCALITY	13.73815	21.44471	
L	243637	25		Idel Bagar		LOCALITY	12.96667	20.2	
L	243638	25		Idel Asat Saba		LOCALITY	12.46667	20.45	
L	243641	12		Idéba		LOCALITY	13.88	20.25886	
L	243642	13		Idater		LOCALITY	11.1286	20.2165	
L	243643	12		Ibn del Ralam		LOCALITY	14.15748	20.07615	
L	243645	02		Ibéydé		LOCALITY	14.26667	22.33333	
L	243657	02		Homba		LOCALITY	15.08333	22.43333	
L	243661	25		Himédé		LOCALITY	12.63333	22.33333	
L	243662	25		Himédé		LOCALITY	12.35	22.35	
L	243663	25		Himédé		LOCALITY	11.7026	21.2717	
L	243664	13		Hillé Talbornou		LOCALITY	11.63967	21.02626	
L	243665	25		Hille Ouaddaï		LOCALITY	11.9255	21.2973	
L	243666	12		Hillékèt		LOCALITY	13.06877	21.84597	
L	243668	02		Hilit		LOCALITY	15.1	21.98333	
L	243674	12		Hidjer Lében		LOCALITY	13.53333	20.98333	
L	243675	12		Hidjérat		LOCALITY	13.53352	20.66964	
L	243677	12		Hidjélidjé		LOCALITY	13.54321	20.63528	
L	243684	12		Hérel		LOCALITY	13.40751	21.47854	
L	243689	02		Hélikédé		LOCALITY	15.23333	21.9	
L	243693	02		Házélé		LOCALITY	14.83333	22.23333	
L	243698	25		Hatab Djimèze		LOCALITY	11.45	22.75	
L	243700	02		Harouba		LOCALITY	14.06667	22.05	
L	243702	12		Harazé		LOCALITY	13.71861	20.74325	
L	243703	12		Harazé		LOCALITY	13.32401	20.95598	
L	243706	25		Haraz		LOCALITY	11.27867	22.82027	
L	243707	25		Haouich		LOCALITY	12.4	20.91667	
L	243711	12		Hamin		LOCALITY	14.06196	21.42259	
L	243713	02		Hamena		LOCALITY	15.06667	21.35	
L	243717	02		Hamé		LOCALITY	15.38333	21.85	
L	243720	05		Hallouf		LOCALITY	12.9	22.05	
L	243728	25		Hadjilidjé		LOCALITY	12.41667	22.36667	
L	243729	12		Hadjernoga		LOCALITY	14.06704	21.09905	
L	243730	02		Hadjernam		LOCALITY	14.86667	22.11667	
L	243731	13		Hadjer Méram		LOCALITY	11.48042	21.80392	
L	243732	12		Hadjer Kélé		LOCALITY	13.08416	21.92688	
L	243733	12		Hadjer Hadid	هاجر حديد	LOCALITY	13.44121	21.65526	
L	243734	12		Hadjer Fana		LOCALITY	13.41667	21.06667	
L	243735	25		Hadjer Béïda		LOCALITY	12.45	22.31667	
L	243736	25		Hadjer Béïd		LOCALITY	12.63333	22.25	
L	243737	13		Hadjer Bandala		LOCALITY	11.514	21.961	
L	243738	02		Hadjérat		LOCALITY	14.23333	22.33333	
L	243739	13		Hadjéra		LOCALITY	10.18333	21.05	
L	243740	13		Hadjéra		LOCALITY	10.17969	21.20554	
L	243741	12		Hadjélidjé		LOCALITY	13.96182	21.32229	
L	243742	12		Hadjelidjé		LOCALITY	13.70834	21.33837	
L	243750	12		Habilé		LOCALITY	13.31934	20.98126	
L	243751	02		Habil		LOCALITY	14.18333	22.56667	
L	243760	02		Guéréda		LOCALITY	14.51667	22.08333	6598
L	243771	13		Goz Togoula I		LOCALITY	9.92604	20.72846	
L	243772	13		Goz Togoula II		LOCALITY	9.93799	20.67408	
L	243773	12		Goz Oulmet		LOCALITY	13.65163	21.39223	
L	243775	12		Goz Mérem		LOCALITY	13.03056	21.86768	
L	243776	25		Goz Mara		LOCALITY	12.78333	20.58333	
L	243777	25		Goz Malik	قوز مالك	LOCALITY	12.05	22.35	
L	243778	12		Goz Louban		LOCALITY	12.98333	21.56667	
L	243779	25		Goz Lében		LOCALITY	12.46667	21.91667	
L	243782	25		Goz Djerat		LOCALITY	12.7	20.5	
L	243783	12		Goz Béïda	قوز بيضة	LOCALITY	13.94563	20.5468	1500
L	243784	12		Goz Béïda	قوز بيضة	LOCALITY	13.83101	21.4814	
L	243785	12		Goz Béïda	قوز بيضة	LOCALITY	13.71934	20.76617	
L	243786	12		Goz Béïda	قوز بيضة	LOCALITY	12.71667	21.41667	
L	243787	25		Goz Beida	قوز بيضة	CITY	12.22643	21.40983	58941
L	243788	12		Goz Banat		LOCALITY	13.2855	22.18644	
L	243789	12		Goz Bagar		LOCALITY	13.64655	21.19308	
L	243790	12		Goz Bagar		LOCALITY	13.16844	21.71557	
L	243791	25		Goz Ardeb		LOCALITY	11.9	22.41667	
L	243793	12		Gozamra		LOCALITY	13.65036	21.24913	
L	243795	13		Goz al Himet		LOCALITY	11.1858	20.1604	
L	243796	25		Goz Achié		LOCALITY	12.1	22.46667	
L	243798	12		Goz		LOCALITY	14.03923	21.38998	
L	243799	12		Goz		LOCALITY	13.85967	21.52992	
L	243800	13		Goz		LOCALITY	11.6012	20.2816	
L	243802	13		Gousay		LOCALITY	11.7083	20.0364	
L	243807	02		Gourouf		LOCALITY	14.81667	21.18333	
L	243808	12		Gourouf		LOCALITY	13.68078	20.80313	
L	243812	02		Gourmoga		LOCALITY	14.51332	21.20761	
L	243816	02		Gourgoumo		LOCALITY	14.26119	21.22504	
L	243817	12		Gourgoudji		LOCALITY	13.30269	21.69864	
L	243818	12		Gourgo		LOCALITY	13.57575	21.57409	
L	243819	12		Gourgo		LOCALITY	12.86667	21.31667	
L	243820	12		Gourgal		LOCALITY	13.23016	21.05759	
L	243821	02		Gourfounogo		LOCALITY	15.08333	21.56667	
L	243823	02		Gourfoumara		LOCALITY	15.33333	21.7	
L	243825	12		Gourdat		LOCALITY	13.38281	21.08936	
L	243831	12		Goungour		LOCALITY	13.18454	22.05648	
L	243832	12		Goundoguin		LOCALITY	13.88218	21.99042	
L	243833	12		Goundo		LOCALITY	13.98059	21.96428	
L	243834	12		Goundo		LOCALITY	13.34869	22.13557	
L	243835	12		Goundo		LOCALITY	13.08873	21.84209	
L	243836	12		Goundiguiné		LOCALITY	13.56948	21.11865	
L	243837	12		Goundiang		LOCALITY	13.14651	21.67195	
L	243838	12		Goundang		LOCALITY	13.16245	22.01775	
L	243841	25		Gounboutou		LOCALITY	11.9679	21.4227	
L	243842	12		Goumoulké		LOCALITY	12.88333	21.36667	
L	243843	25		Goumbatou		LOCALITY	11.98348	22.07912	
L	243846	02		Goukouré		LOCALITY	14.63333	22.13333	
L	243849	25		Goufo		LOCALITY	11.9173	20.8305	
L	243851	12		Goudoumi		LOCALITY	13.30853	21.98817	
L	243852	12		Goudam		LOCALITY	13.11035	21.10868	
L	243854	02		Goubourté		LOCALITY	14.45	22.05	
L	243858	13		Gouatéfénet		LOCALITY	11.2381	20.5405	
L	243860	12		Goroumba		LOCALITY	13.91743	21.78266	
L	243861	12		Goroné		LOCALITY	13.12806	21.62233	
L	243862	02		Goron		LOCALITY	14.12393	21.22009	
L	243866	02		Gorang		LOCALITY	14.32306	21.40705	
L	243871	12		Gono		LOCALITY	13.93333	21.3	
L	243873	12		Gongoron		LOCALITY	13.4506	21.15894	
L	243875	12		Gongo		LOCALITY	14.08422	21.41515	
L	243876	25		Gondonian		LOCALITY	12.23333	21.53333	
L	243877	02		Gona		LOCALITY	14.22924	21.62154	
L	243881	25		Gododigé		LOCALITY	12	21.56667	
L	243884	12		Gnoro		LOCALITY	13.37012	20.3001	
L	243887	25		Gisese		LOCALITY	12.46667	20.53333	
L	243890	02		Guirnit		LOCALITY	14.19402	21.46797	
L	243892	25		Girlie		LOCALITY	12.76667	20.55	
L	243893	12		Guirindik		LOCALITY	13.48065	20.55301	
L	243897	12		Giolos		LOCALITY	13.79525	21.37874	
L	243898	12		Guinedilé		LOCALITY	13.66836	20.82561	
L	243899	12		Guindita		LOCALITY	13.33653	22.06151	
L	243900	12		Guindikaïn		LOCALITY	13.56238	20.77819	
L	243902	25		Gindi		LOCALITY	12.21667	21.56667	
L	243903	25		Gindésa		LOCALITY	12.48333	22.31667	
L	243904	12		Guindakaïn		LOCALITY	13.58574	21.45886	
L	243906	12		Ginda		LOCALITY	14.12373	20.91462	
L	243913	25		Gilté		LOCALITY	12.55	21.2	
L	243915	12		Guilin		LOCALITY	13.9451	20.89247	
L	243916	12		Guilim		LOCALITY	13.36229	21.64562	
L	243918	25		Gihese		LOCALITY	12.75	20.3	
L	243920	12		Guifélé		LOCALITY	13.98254	20.458	
L	243927	12		Getgéré		LOCALITY	14.19084	20.72765	
L	243928	25		Gététat		LOCALITY	12.6	21.1	
L	243931	12		Guernyé		LOCALITY	13.40471	22.05039	
L	243932	12		Guernyé		LOCALITY	13.39606	22.03022	
L	243933	12		Gerli		LOCALITY	12.66667	21.33333	
L	243935	02		Gueringa		LOCALITY	14.15615	21.21037	
L	243936	12		Géri Gaybang		LOCALITY	14.13087	20.35024	
L	243939	12		Géri		LOCALITY	14.17023	20.86044	
L	243940	12		Géri		LOCALITY	12.96667	21.58333	
L	243944	12		Guérésang		LOCALITY	13.22081	21.99782	
L	243946	25		Géréré		LOCALITY	12.53333	21.48333	
L	243947	12		Guérédi		LOCALITY	13.54275	20.99092	
L	243948	12		Guerdout		LOCALITY	13.01477	21.64248	
L	243953	12		Guényangué		LOCALITY	13.25235	21.9881	
L	243954	12		Guènguèn		LOCALITY	13.68384	21.65585	
L	243955	12		Guendour		LOCALITY	13.2288	21.3455	
L	243956	12		Gendaker		LOCALITY	14.24662	20.37334	
L	243957	25		Gelgel		LOCALITY	12.5	21.78333	
L	243958	25		Gélember		LOCALITY	11.32867	22.9099	
L	243964	02		Guéderné		LOCALITY	14.78167	21.73052	
L	243975	25		Gasiré	قسيري	LOCALITY	12.26667	21.45	
L	243978	01		Garniengo		LOCALITY	13.17285	20.08638	
L	243982	12		Gargounyou		LOCALITY	13.26368	22.02935	
L	243984	12		Garfa		LOCALITY	13.13613	21.56751	
L	243987	02		Garak		LOCALITY	14.2434	21.22444	
L	243989	12		Garaday		LOCALITY	13.92888	21.09729	
L	243990	12		Garaday		LOCALITY	13.33653	21.82694	
L	243995	12		Gara		LOCALITY	13.99663	21.45726	
L	244003	12		Ganyinga		LOCALITY	13.04778	21.85448	
L	244004	12		Ganyé Fourounga		LOCALITY	13.26596	22.18936	
L	244005	12		Gantouch		LOCALITY	12.91667	21.36667	
L	244007	25		Ganmbasa		LOCALITY	11.36832	22.67253	
L	244008	12		Gandiguiné		LOCALITY	13.47204	21.12905	
L	244009	25		Gandagiré		LOCALITY	12.23333	21.83333	
L	244015	13		Ganatir		LOCALITY	11.0593	20.2927	
L	244017	25		Gana		LOCALITY	12.01667	20.75	
L	244018	12		Gaminia		LOCALITY	12.93333	21.21667	
L	244019	12		Gaméré		LOCALITY	13.34157	21.09097	
L	244023	02		Gamara		LOCALITY	14.41629	20.9004	
L	244024	25		Gamar		LOCALITY	12.88333	20.11667	
L	244028	01		Galis		LOCALITY	13.8212	20.10164	
L	244029	12		Galis		LOCALITY	13.4019	20.92823	
L	244031	12		Galgas		LOCALITY	13.27251	21.24464	
L	244034	25		Galbasa		LOCALITY	12.75	20.5	
L	244041	25		Gadoum		LOCALITY	12.16667	20.71667	
L	244043	12		Gadiguin		LOCALITY	13.03905	21.57641	
L	244044	12		Gadarif		LOCALITY	13.35154	21.99776	
L	244046	12		Gabina		LOCALITY	13.36205	22.15933	
L	244048	12		Gabat		LOCALITY	13.23084	21.70239	
L	244049	25		Gabasour		LOCALITY	11.6482	22.41682	
L	244057	25		Founo		LOCALITY	13	20.68333	
L	244059	12		Foungui		LOCALITY	13.84635	21.51264	
L	244060	12		Foundouk		LOCALITY	13.47037	20.70049	
L	244061	12		Foundou		LOCALITY	14.13748	20.73642	
L	244068	12		Farchana		LOCALITY	13.57845	21.82003	
L	244069	25		Fongousso		LOCALITY	12.26667	22.16667	
L	244071	12		Folou		LOCALITY	13.86209	20.63469	
L	244073	25		Fokfogé		LOCALITY	11.68348	22.4593	
L	244075	12		Foji		LOCALITY	13.73849	21.16595	
L	244076	25		Fofolko		LOCALITY	12.25	21.6	
L	244080	02		Fitourkan		LOCALITY	14.32074	21.35672	
L	244081	12		Fitiné		LOCALITY	13.1079	21.56255	
L	244082	12		Fircha		LOCALITY	14.04673	20.49662	
L	244083	12		Finay		LOCALITY	14.13707	20.49125	
L	244084	12		Filet		LOCALITY	13.8811	21.12771	
L	244085	01		Filé		LOCALITY	13.56154	20.27351	
L	244086	02		Fila		LOCALITY	14.2	21.45	
L	244087	02		Fila		LOCALITY	14.19253	21.2817	
L	244090	12		Fida		LOCALITY	14.12407	21.44169	
L	244093	25		Féridé		LOCALITY	12.25	21.88333	
L	244099	12		Féné		LOCALITY	13.47487	21.20929	
L	244100	02		Féhiné		LOCALITY	14.30292	21.90342	
L	244103	12		Fatoumata		LOCALITY	13.15606	21.89837	
L	244105	25		Farsay		LOCALITY	12.3	22.43333	
L	244106	12		Faroua		LOCALITY	12.95	21.68333	
L	244107	12		Fardjia		LOCALITY	13.33445	21.57381	
L	244109	12		Fardakala		LOCALITY	13.84322	21.45102	
L	244111	12		Faranga		LOCALITY	13.45814	21.68354	
L	244112	12		Faral		LOCALITY	13.49049	21.11566	
L	244118	12		Falélé		LOCALITY	13.38925	20.67346	
L	244120	12		Fakir		LOCALITY	13.44446	21.62248	
L	244121	02		Faguiré		LOCALITY	14.43119	21.88044	
L	244123	12		Fafoul		LOCALITY	13.12878	21.55504	
L	244124	25		Fafalko		LOCALITY	12.46667	22.18333	
L	244127	12		Fadjalala		LOCALITY	13.23711	20.84259	
L	244128	28		Fada	فدا	CITY	17.19186	21.58081	17240
L	244130	12		Facha		LOCALITY	13.70503	20.64243	
L	244138	12		Etéta		LOCALITY	13.38841	21.99611	
L	244140	12		Etéchan		LOCALITY	13.6373	21.30387	
L	244142	12		Estéréna		LOCALITY	13.37683	21.21179	
L	244143	12		Estéréna		LOCALITY	13.18941	21.69674	
L	244144	25		Estéréna		LOCALITY	12.35	21.56667	
L	244146	01		Eséré		LOCALITY	13.4856	20.10951	
L	244150	12		Erte		LOCALITY	14.02085	21.17239	
L	244154	12		Eroua		LOCALITY	14.10176	20.94197	
L	244155	12		Erminek		LOCALITY	14.04153	21.12112	
L	244156	02		Erné		LOCALITY	14.1858	21.52298	
L	244158	02		Erkié		LOCALITY	14.52498	21.68372	
L	244162	02		Eri		LOCALITY	14.03333	22.3	
L	244164	12		Ergourdi		LOCALITY	13.6674	20.73052	
L	244175	02		Eré		LOCALITY	14.31568	21.67456	
L	244176	12		Eré		LOCALITY	14.01667	21.18333	
L	244177	02		Erdingui		LOCALITY	14.64816	21.5479	
L	244180	12		Erdébé Dondonta		LOCALITY	12.96667	21.83333	
L	244182	25		Erdébé		LOCALITY	12.75	21.75	
L	244183	25		Erdébé		LOCALITY	12.41667	21.98333	
L	244191	02		Er		LOCALITY	15.18333	22.11667	
L	244197	02		Enmé		LOCALITY	15.46667	21.68333	
L	244204	02		Emaka		LOCALITY	14.12342	21.86848	
L	244206	13		El Ogna		LOCALITY	11.0701	20.3115	
L	244208	13		El Kouk		LOCALITY	11.2757	20.6144	
L	244209	02		El Kop Krik		LOCALITY	14.48333	22.33333	
L	244210	02		El Kop Ek		LOCALITY	14.45	22.35	
L	244211	02		El Kop Bourgou Bourgou		LOCALITY	14.51667	22.31667	
L	244216	02		Elilèngué		LOCALITY	14.67219	21.55846	
L	244227	25		El Biher		LOCALITY	12.78333	20.65	
L	244228	12		Elanbarout		LOCALITY	13.86083	21.06835	
L	244231	12		Ekon		LOCALITY	13.89633	22.09848	
L	244246	02		Edéré		LOCALITY	14.56667	22.36667	
L	244248	12		Echbara Sarer		LOCALITY	12.71667	21.33333	
L	244249	12		Echbara		LOCALITY	13.63333	22.08333	
L	244250	12		Echbara		LOCALITY	13	21.83333	
L	244251	12		Echbara		LOCALITY	12.9	21.58333	
L	244252	12		Echbara		LOCALITY	12.7	21.33333	
L	244260	25		Ebe		LOCALITY	12.78333	20.38333	
L	244261	13		Eban		LOCALITY	11.6802	20.1669	
L	244270	25		Dourti Souar		LOCALITY	11.9636	21.606	
L	244271	13		Douroumbédat		LOCALITY	11.2959	20.6614	
L	244272	12		Douroubari		LOCALITY	13.96708	21.09008	
L	244275	12		Dournoan		LOCALITY	13.82771	21.44242	
L	244276	02		Dourningué		LOCALITY	14.11947	21.83477	
L	244278	02		Dourna		LOCALITY	14.21882	21.33329	
L	244279	02		Dourkoulé		LOCALITY	14.45	22.21667	
L	244281	02		Dourdouré		LOCALITY	14.21667	22.2	
L	244282	25		Dourdoura		LOCALITY	12.78333	20.26667	
L	244283	13		Dourdoura		LOCALITY	11.4089	21.5137	
L	244285	02		Dourdafo		LOCALITY	14.82409	21.0264	
L	244288	13		Doumbané		LOCALITY	11.3857	20.9036	
L	244289	13		Doumané		LOCALITY	11.3912	20.8939	
L	244290	25		Douma Dadjo		LOCALITY	12.65	20.38333	
L	244291	25		Douma Charafa		LOCALITY	12.66667	20.38333	
L	244293	12		Doulousa		LOCALITY	13.6988	21.90998	
L	244294	12		Doula	دولا	LOCALITY	13.39027	21.78674	
L	244296	02		Doukoussa		LOCALITY	14.39078	21.512	
L	244297	12		Doukour		LOCALITY	13.57425	21.37156	
L	244303	02		Dougoun		LOCALITY	14.32503	20.92644	
L	244304	13		Dougouma		LOCALITY	11.5844	20.2405	
L	244305	12		Dougi		LOCALITY	13.2611	21.38226	
L	244306	12		Dougay		LOCALITY	13.23348	21.6232	
L	244307	12		Dougaga		LOCALITY	13.08635	21.47709	
L	244311	02		Doudoun		LOCALITY	14.30723	21.12134	
L	244312	13		Doudéï		LOCALITY	10.0708	20.9274	
L	244313	12		Douban		LOCALITY	13.69867	20.91534	
L	244314	02		Douay		LOCALITY	14.46667	22.16667	
L	244315	12		Douas		LOCALITY	13.29208	22.01805	
L	244320	25		Doroté II		LOCALITY	12.46667	21.56667	
L	244321	25		Doroté I		LOCALITY	12.5	21.56667	
L	244322	25		Doroté		LOCALITY	12.43333	21.91667	
L	244323	25		Dorota		LOCALITY	12.93333	20.21667	
L	244324	25		Dorondo		LOCALITY	12.23333	21.2	
L	244326	02		Doroba Togrou		LOCALITY	15.3	21.63333	
L	244333	25		Dorno Djoutougué		LOCALITY	12.51667	22.26667	
L	244334	25		Dorno Albos		LOCALITY	12.51667	22.23333	
L	244336	12		Doring		LOCALITY	13.90614	21.01527	
L	244337	12		Doring		LOCALITY	13.88139	20.97229	
L	244338	01		Dori Kalam		LOCALITY	13.47184	20.13638	
L	244339	02		Dorgoy		LOCALITY	14.83718	21.45017	
L	244342	01		Dopdopdop		LOCALITY	13.61857	20.1256	
L	244344	12		Donkouch		LOCALITY	13.36779	21.60791	
L	244347	02		Domkouch		LOCALITY	14.54839	20.87952	
L	244348	12		Domboul		LOCALITY	14.06346	21.50312	
L	244349	12		Domboli Djado		LOCALITY	12.8	21.35	
L	244350	25		Domboli		LOCALITY	12.23333	21.58333	
L	244353	12		Dolé		LOCALITY	13.29489	21.21888	
L	244354	12		Dol		LOCALITY	13.5241	21.23395	
L	244355	02		Dokoré		LOCALITY	14.08055	21.20972	
L	244356	25		Dokan		LOCALITY	12.75	21.75	
L	244361	12		Dodorok		LOCALITY	13.61378	21.68738	
L	244362	12		Dodorok		LOCALITY	13.43101	21.93062	
L	244364	25		Dodjoré	دوجوري	LOCALITY	12.06667	22.28333	
L	244366	12		Dobou		LOCALITY	14.07119	20.43903	
L	244367	12		Dobou		LOCALITY	13.21627	21.58058	
L	244372	13		Djouna		LOCALITY	10.4526	20.0681	
L	244374	12		Djoukouloum		LOCALITY	14.18033	20.94417	
L	244375	25		Djoukha		LOCALITY	12.31667	20.95	
L	244378	12		Djouganta		LOCALITY	13.24992	22.02651	
L	244381	12		Djoubo		LOCALITY	13.03686	21.34353	
L	244382	01		Djoubdjoumala		LOCALITY	13.58707	20.04755	
L	244386	25		Djoua		LOCALITY	12.55	21.31667	
L	244387	25		Djorlo		LOCALITY	11.94689	21.40121	
L	244388	12		Djombo Fakara		LOCALITY	13.60434	21.16652	
L	244394	25		Djoaro		LOCALITY	11.97313	22.22388	
L	244395	12		Djoamé		LOCALITY	13.96482	20.47469	
L	244396	01		Djiré		LOCALITY	13.82148	20.1311	
L	244403	02		Djiogi		LOCALITY	15.33333	22.35	
L	244408	12		Djiminofou		LOCALITY	13.80864	20.83167	
L	244410	12		Djimézé		LOCALITY	13.81285	22.00257	
L	244411	25		Djimèz Arourou		LOCALITY	11.98859	22.23829	
L	244412	25		Djimèz		LOCALITY	11.9437	21.9693	
L	244415	02		Djilimé		LOCALITY	14.17949	21.90634	
L	244418	02		Djiérna		LOCALITY	14.63333	22.25	
L	244419	02		Djiérna		LOCALITY	14.63333	22.16667	
L	244424	02		Djiagalaba		LOCALITY	15.06667	22.76667	
L	244426	12		Djéroua		LOCALITY	13.82708	20.77232	
L	244429	12		Djerkénè		LOCALITY	14.25792	20.39959	
L	244430	13		Djérid		LOCALITY	11.4248	20.3618	
L	244431	25		Djéréna		LOCALITY	12.65846	22.1422	
L	244432	12		Djérat		LOCALITY	13.53474	20.99791	
L	244434	25		Djerangeli		LOCALITY	12.66667	20.3	
L	244437	12		Djéné		LOCALITY	13.50755	21.49405	
L	244440	25		Djemilasit		LOCALITY	12.78333	20.18333	
L	244441	13		Djéména		LOCALITY	11.33333	20.78333	
L	244443	12		Djéli		LOCALITY	13.64195	20.29978	
L	244444	02		Léler		LOCALITY	14.22476	21.48012	
L	244448	25		Djédidé		LOCALITY	12.68378	22.22233	
L	244449	25		Djédidé		LOCALITY	12.3	21.56667	
L	244450	25		Djédidé		LOCALITY	11.95164	21.94631	
L	244451	25		Djédidé		LOCALITY	11.67463	22.08979	
L	244452	13		Djédida		LOCALITY	11.4014	20.9183	
L	244455	02		Djédid		LOCALITY	14.71667	20.7	
L	244458	12		Djébéranding		LOCALITY	13.04907	21.73717	
L	244460	25		Djébé		LOCALITY	11.92867	22.14038	
L	244461	12		Djati		LOCALITY	13.32284	22.16616	
L	244462	12		Djarkéné		LOCALITY	14.10165	20.52027	
L	244464	25		Djaouindé		LOCALITY	11.97597	22.02131	
L	244465	12		Djaouamé		LOCALITY	13.52606	20.83376	
L	244466	25		Djangoul		LOCALITY	12.85	20.21667	
L	244468	02		Djangé		LOCALITY	14.16667	22.4	
L	244469	25		Djangatiti Dafana		LOCALITY	11.7735	21.3158	
L	244470	25		Djangatiti Abdeghaman		LOCALITY	11.7617	21.3076	
L	244472	12		Djanéhané		LOCALITY	13.79664	20.40768	
L	244473	25		Djamilasité		LOCALITY	11.9767	21.4428	
L	244474	02		Djamar		LOCALITY	14.27316	20.90515	
L	244475	12		Djamal Himédé		LOCALITY	13.96699	21.90958	
L	244479	12		Djakatoutou		LOCALITY	12.81667	21.03333	
L	244481	01		Djajiré		LOCALITY	13.6	20.05	
L	244484	25		Djabel		LOCALITY	12.23333	21.38333	
L	244486	02		Ditoli		LOCALITY	15.41667	21.66667	
L	244488	01		Diseyré		LOCALITY	13.64521	20.06951	
L	244491	25		Diri		LOCALITY	11.9986	21.8915	
L	244493	25		Direïté		LOCALITY	12.5	20.31667	
L	244496	25		Dirango		LOCALITY	12.23333	22.38333	
L	244499	12		Diour		LOCALITY	13.56898	20.80107	
L	244504	12		Dioroko		LOCALITY	13.38933	21.9429	
L	244510	12		Dinguilérou		LOCALITY	14.10269	21.35382	
L	244511	02		Diméza		LOCALITY	14.15	22.41667	
L	244514	12		Dilit Soba		LOCALITY	13.16703	21.04077	
L	244515	12		Dilit Arip		LOCALITY	13.16511	21.03243	
L	244516	12		Diléma		LOCALITY	13.96636	20.56593	
L	244517	12		Dilébat		LOCALITY	13.71972	20.82718	
L	244519	25		Dilèb		LOCALITY	11.7623	21.9321	
L	244520	25		Dilanba		LOCALITY	12.03333	22.28333	
L	244521	12		Dikta	ديكتا	LOCALITY	13.42489	21.67073	
L	244524	13		Diguindéti		LOCALITY	11.6492	20.4918	
L	244527	13		Difir		LOCALITY	11.31733	20.16994	
L	244537	25		Dibis		LOCALITY	11.9828	21.7896	
L	244542	12		Déyé		LOCALITY	13.07234	21.6518	
L	244543	02		Derta		LOCALITY	14.44728	21.71417	
L	244545	02		Dèrkolé		LOCALITY	14.48333	21.6	
L	244547	02		Dérétina		LOCALITY	14.21495	21.22346	
L	244548	12		Déréta		LOCALITY	13.4276	21.78094	
L	244549	12		Déréssa		LOCALITY	13.19068	20.57522	
L	244552	12		Derbano Boua		LOCALITY	13.96467	21.58873	
L	244554	12		Déouaré		LOCALITY	13.89072	21.53211	
L	244556	12		Déniésé		LOCALITY	13.00262	21.88494	
L	244558	02		Déni		LOCALITY	15.6	21.81667	
L	244559	13		Dengui		LOCALITY	11.47	20.9802	
L	244560	13		Dengui		LOCALITY	11.5019	20.9856	
L	244561	12		Démi Konga		LOCALITY	13.05358	21.89796	
L	244564	12		Dembé		LOCALITY	14.34856	20.77652	
L	244569	13		Déléïma		LOCALITY	11.0114	20.2876	
L	244573	12		Dékoïté		LOCALITY	13.32905	22.13483	
L	244575	02		Dékér		LOCALITY	14.45595	21.07191	
L	244576	13		Dékati		LOCALITY	10.7212	21.2493	
L	244577	13		Dèj		LOCALITY	9.59271	20.54733	
L	244578	01		Déheché		LOCALITY	13.17932	20.16272	
L	244581	02		Dégé		LOCALITY	14.61667	22.4	
L	244586	12		Dayem		LOCALITY	13.30765	21.13216	
L	244594	12		Darongol		LOCALITY	13.22124	21.73461	
L	244595	02		Darnané		LOCALITY	14.16449	21.1187	
L	244598	01		Darmoli		LOCALITY	13.48019	20.122	
L	244604	13		Dar el Ech		LOCALITY	11.1817	21.3561	
L	244605	12		Dardiga		LOCALITY	12.99956	21.18519	
L	244610	12		Darangala		LOCALITY	13.44386	20.49391	
L	244615	25		Dapkaray		LOCALITY	12.38333	20.53333	
L	244616	12		Daouay		LOCALITY	13.62526	22.09808	
L	244617	12		Dankouy		LOCALITY	14.26768	20.6836	
L	244619	01		Dankoutch		LOCALITY	13.47585	20.11133	
L	244620	02		Dankou		LOCALITY	14.44385	20.88803	
L	244621	12		Dangui		LOCALITY	13.94947	21.31871	
L	244622	13		Dangui		LOCALITY	11.3613	20.85494	
L	244623	13		Dangasti		LOCALITY	11.3302	20.8063	
L	244624	13		Dangaousi		LOCALITY	10.03042	21.16309	
L	244626	12		Dangala		LOCALITY	13.70058	21.17306	
L	244628	25		Damrébournou		LOCALITY	11.9357	21.3026	
L	244629	25		Damré		LOCALITY	12.51667	22.2	
L	244630	25		Damré		LOCALITY	11.98539	21.61711	
L	244631	12		Damiré Kochola		LOCALITY	13.45023	21.93218	
L	244632	02		Daméré		LOCALITY	14.326	21.36571	
L	244634	02		Dam Dam		LOCALITY	14.23333	22.28333	
L	244635	25		Damarit Bornou		LOCALITY	12.6	20.66667	
L	244636	12		Damaré		LOCALITY	13.82934	21.51075	
L	244637	12		Dama		LOCALITY	13.08202	21.0502	
L	244638	02		Daloual		LOCALITY	14.24085	21.30515	
L	244640	12		Dalinia		LOCALITY	12.9	21.4	
L	244641	02		Dalamé		LOCALITY	14.161	21.14885	
L	244642	01		Dalala		LOCALITY	13.81454	20.21926	
L	244643	01		Dalala		LOCALITY	13.81846	20.18609	
L	244644	25		Dalala		LOCALITY	11.9929	21.6338	
L	244647	12		Dakaïko		LOCALITY	13.14699	20.75164	
L	244651	25		Dagésa	داقيسا	LOCALITY	12.03333	22.41667	
L	244652	12		Dagari		LOCALITY	13.82789	20.42186	
L	244653	25		Dagagnar		LOCALITY	12.91667	20.13333	
L	244654	02		Dagaga		LOCALITY	14.79359	20.89742	
L	244656	25		Dafade		LOCALITY	12.76667	20.16667	
L	244658	25		Daberti		LOCALITY	12.9	20.25	
L	244659	12		Dabangat		LOCALITY	12.91667	21.55	
L	244660	12		Dabangat		LOCALITY	12.78333	21.3	
L	244661	25		Daalou		LOCALITY	12.01667	21.61667	
L	244662	13		Cotonfran		LOCALITY	10.9983	20.2715	
L	244664	25		Choutak		LOCALITY	12.76667	20.3	
L	244665	25		Choukhara		LOCALITY	12.55	20.36667	
L	244666	12		Chokoyan		LOCALITY	13.35966	21.23444	
L	244667	12		Chokolki		LOCALITY	12.95	21.25	
L	244668	12		Chokan		LOCALITY	12.83333	21.08333	
L	244672	12		Chioum Hidjer		LOCALITY	13.13874	20.65354	
L	244673	12		Chiotak Toundourné		LOCALITY	13.81319	21.57386	
L	244674	12		Chiotak Katelké		LOCALITY	13.81301	21.56017	
L	244675	12		Chiotak		LOCALITY	13.79791	21.53212	
L	244676	12		Chinini		LOCALITY	12.96667	21.28333	
L	244688	01		Chibina		LOCALITY	13.62856	20.0088	
L	244693	12		Cherganié		LOCALITY	13.35119	20.89721	
L	244697	12		Chélé		LOCALITY	13.33075	20.73183	
L	244698	01		Chek Falata		LOCALITY	13.21927	20.01782	
L	244702	12		Chéfer		LOCALITY	13.18407	20.58664	
L	244703	12		Chéchan		LOCALITY	13.31373	20.95865	
L	244705	12		Charambala		LOCALITY	13.41493	20.77101	
L	244708	25		Chamir		LOCALITY	12.5	21.16667	
L	244709	01		Chamié		LOCALITY	13.84928	20.18444	
L	244711	12		Chambol		LOCALITY	13.02652	20.71199	
L	244712	13		Chamata		LOCALITY	9.78333	20.7	
L	244714	12		Chalkandié		LOCALITY	13.79876	20.47142	
L	244715	25		Chakoura		LOCALITY	12.43333	21.71667	
L	244716	12		Chakarnaba		LOCALITY	14.22662	20.84569	
L	244717	25		Chaïb		LOCALITY	12.66667	20.95	
L	244719	01		Chabalo		LOCALITY	13.14437	20.11853	
L	244722	02		Brounkoun		LOCALITY	14.26801	21.49708	
L	244724	02		Bronkoul		LOCALITY	14.33374	21.47225	
L	244725	12		Bricha Romala		LOCALITY	13.17168	21.52828	
L	244726	12		Brége		LOCALITY	13.62343	22.00928	
L	244727	12		Brédjil		LOCALITY	13.32335	22.11113	
L	244729	02		Brahouné		LOCALITY	14.60756	21.439	
L	244734	12		Bousgouyanga		LOCALITY	14.01559	21.34171	
L	244735	25		Bourtoutou		LOCALITY	11.2578	22.86035	
L	244736	12		Bourtay Zaoué		LOCALITY	14.08807	20.63083	
L	244737	12		Bourtay Ganoun		LOCALITY	14.05803	20.63897	
L	244738	12		Bourtaïl		LOCALITY	13.16674	21.63806	
L	244739	25		Bouroukou		LOCALITY	12.43333	21.55	
L	244746	12		Bourkouman		LOCALITY	12.96667	21.55	
L	244747	02		Bourkil		LOCALITY	14.29089	20.9566	
L	244748	02		Bourkélé		LOCALITY	14.23275	20.97076	
L	244754	02		Boumdèl		LOCALITY	14.23866	21.10625	
L	244758	25		Boukboukou		LOCALITY	12.16667	21.76667	
L	244759	25		Boukas		LOCALITY	12.45	21.21667	
L	244762	02		Bougouradi		LOCALITY	15.75	22.66667	
L	244764	25		Boufouta		LOCALITY	11.30855	22.81396	
L	244766	12		Boudjoul		LOCALITY	13.36086	21.71245	
L	244770	13		Boubou		LOCALITY	11.4228	20.4169	
L	244774	25		Bouabir		LOCALITY	11.36967	22.85421	
L	244778	02		Boto		LOCALITY	14.27374	21.40227	
L	244783	02		Borouba		LOCALITY	15.16667	22.65	
L	244784	02		Borouba		LOCALITY	15.15	22.7	
L	244788	12		Borota		LOCALITY	13.00352	21.84767	
L	244789	01		Bororik		LOCALITY	13.45116	20.1773	
L	244790	12		Boro Kateltek		LOCALITY	13.3948	21.66207	
L	244791	12		Boro Kateltek		LOCALITY	13.36762	21.66602	
L	244792	12		Boro Adjous		LOCALITY	13.37501	21.6933	
L	244793	12		Boro		LOCALITY	13.56954	22.12299	
L	244795	02		Bornodoukoumé		LOCALITY	14.84459	21.23225	
L	244796	25		Borlo		LOCALITY	11.94025	22.14249	
L	244797	25		Bori		LOCALITY	12.18333	22.03333	
L	244801	02		Bora		LOCALITY	14.46435	21.20926	
L	244804	13		Bondoro		LOCALITY	11.3073	20.5359	
L	244805	13		Bonako		LOCALITY	11.13333	20.41667	
L	244806	02		Bolou		LOCALITY	14.77448	21.13236	
L	244808	12		Bolok		LOCALITY	13.78112	21.56039	
L	244813	02		Bogoy		LOCALITY	14.50084	21.08695	
L	244819	02		Bobri		LOCALITY	14.86667	22.48333	
L	244821	02		Bobokoré		LOCALITY	14.21328	21.5574	
L	244823	02		Bobok		LOCALITY	14.55771	20.70449	
L	244824	12		Bobodjen		LOCALITY	13.31561	20.70157	
L	244828	25		Biti		LOCALITY	11.7142	21.2177	
L	244834	12		Biské Djoudiata		LOCALITY	13.50409	22.06809	
L	244835	12		Biské Djimézé		LOCALITY	13.51026	22.04079	
L	244836	12		Biské		LOCALITY	13.53378	22.03611	
L	244837	12		Bir Yoyo		LOCALITY	13.81495	20.24408	
L	244838	02		Téré		LOCALITY	14.82961	21.29565	
L	244839	12		Bir Taouil		LOCALITY	13.72477	21.67811	300
L	244840	12		Bir Taouil		LOCALITY	13.10218	21.84838	
L	244841	13		Bir Taguel		LOCALITY	11.1683	20.1235	
L	244843	12		Bir Salé		LOCALITY	13.08192	21.81701	
L	244845	12		Bir Outouk		LOCALITY	13.91958	20.37168	
L	244849	25		Bir Méran		LOCALITY	12.33333	21.91667	
L	244851	12		Bir Malik		LOCALITY	13.90578	20.30002	
L	244853	25		Birkéli		LOCALITY	11.31126	22.55765	
L	244854	12		Bir Kédouas		LOCALITY	12.86667	21.85	
L	244855	25		Bir Kébich		LOCALITY	12.13333	21.96667	
L	244856	12		Bir Kandji		LOCALITY	12.83333	21.8	
L	244857	02		Bir Inkélé		LOCALITY	14.30157	21.71463	
L	244859	05		Biren Garday		LOCALITY	12.8	20.11667	
L	244860	12		Biren Béni Alba		LOCALITY	13.52409	20.87401	
L	244861	05		Biren Andaraba		LOCALITY	12.78333	20.13333	
L	244862	05		Biren Amsalat		LOCALITY	12.78333	20.13333	
L	244864	25		Birekat		LOCALITY	12.78333	20.38333	
L	244867	02		Bir Douan		LOCALITY	15.81667	22.76667	
L	244868	12		Birdam		LOCALITY	13.87521	20.81944	
L	244869	02		Birbasim		LOCALITY	15.31667	22.46667	
L	244871	02		Birak Harouba		LOCALITY	14.25	22.43333	
L	244872	02		Birak		LOCALITY	14.21667	22.41667	
L	244874	12		Binéy		LOCALITY	13.1159	21.72908	
L	244875	25		Binedir		LOCALITY	12.01667	20.85	
L	244878	02		Biltine	بلتن	CITY	14.52727	20.92603	33540
L	244892	12		Biéré Saraf		LOCALITY	12.73333	21.01667	
L	244893	12		Biéré Michéigé		LOCALITY	12.71667	21.01667	
L	244894	12		Biéré Djakana		LOCALITY	12.73333	21	
L	244895	12		Biéré Am Kindoué		LOCALITY	12.73333	21.01667	
L	244896	12		Biere Am Gena		LOCALITY	12.73333	21	
L	244898	25		Bidine		LOCALITY	12.83333	20.28333	
L	244899	12		Bidin		LOCALITY	13.43801	21.53406	
L	244900	13		Bidia I		LOCALITY	10.53333	20.2	
L	244903	12		Biden Kalak		LOCALITY	13.43847	21.50597	
L	244915	13		Béyadi		LOCALITY	11.0827	20.3504	
L	244917	12		Berté		LOCALITY	13.71628	22.07961	
L	244919	02		Berféti		LOCALITY	14.03333	22.35	
L	244920	12		Béréta		LOCALITY	13.5102	21.82594	
L	244921	12		Bérédjang	بريجين	LOCALITY	13.48459	21.72715	
L	244922	27		Berdoba		LOCALITY	16.03225	22.88586	
L	244923	25		Berdie		LOCALITY	12.78333	20.18333	
L	244927	12		Berbéré		LOCALITY	13.24346	21.97411	
L	244928	12		Berbéra		LOCALITY	13.32262	22.00492	
L	244929	02		Bénéna		LOCALITY	14.37447	21.47215	
L	244930	01		Bénalba		LOCALITY	13.28913	20.07083	
L	244931	25		Ben Alba		LOCALITY	12.41667	21.2	
L	244936	25		Bélalo		LOCALITY	11.7235	21.2896	
L	244939	13		Béida		LOCALITY	11.4625	21.865	
L	244947	12		Bédin		LOCALITY	13.44112	21.13152	
L	244948	13		Bédéna		LOCALITY	11.16667	20.55	
L	244955	02		Bébourtabé		LOCALITY	15.25	22.45	
L	244962	12		Batouma		LOCALITY	13.74815	20.69737	
L	244963	13		Batiméré Sara		LOCALITY	9.62872	20.57432	
L	244964	13		Batiméré Rounga		LOCALITY	9.68991	20.8191	
L	244969	12		Bataral		LOCALITY	13.52666	21.29072	
L	244970	12		Batangam		LOCALITY	12.95	21.21667	
L	244979	25		Basar		LOCALITY	11.25646	22.52507	
L	244981	12		Barouya		LOCALITY	13.70078	20.60431	
L	244982	12		Baroun		LOCALITY	13.24957	21.95575	
L	244983	12		Baroud		LOCALITY	13.79667	21.7007	
L	244984	02		Baroua		LOCALITY	14.35421	21.43016	
L	244986	12		Barkala		LOCALITY	14.05655	21.53554	
L	244987	25		Barkad		LOCALITY	11.9918	21.5364	
L	244988	02		Barganyeu		LOCALITY	14.76816	21.06405	
L	244989	02		Bargad		LOCALITY	14.35728	21.29257	
L	244991	13		Baréna		LOCALITY	11.33756	20.81274	
L	244993	12		Bardé		LOCALITY	13.41291	21.7072	
L	244994	12		Bardé		LOCALITY	13.20732	21.714	
L	244995	25		Bardé		LOCALITY	12.58333	22.28333	
L	244996	13		Barda		LOCALITY	11.6125	20.9961	
L	245000	12		Barakala		LOCALITY	12.96667	21.33333	
L	245003	25		Bara		LOCALITY	12.31667	20.8	
L	245007	12		Baouda		LOCALITY	12.81667	21.05	
L	245008	25		Baouda		LOCALITY	12.53333	21.71667	
L	245017	12		Bandaray		LOCALITY	12.91667	21.03333	
L	245020	25		Bandar		LOCALITY	12.38333	21.53333	
L	245021	25		Bandar		LOCALITY	12.25	21.6	
L	245022	25		Bandar		LOCALITY	12.01667	21.6	
L	245023	12		Banatil		LOCALITY	13.65124	20.71689	
L	245028	02		Bali		LOCALITY	14.21667	22.25	
L	245029	25		Bali		LOCALITY	12.06667	20.1	
L	245031	12		Balangoti		LOCALITY	13.41138	20.44399	
L	245032	12		Balangosi		LOCALITY	12.88333	21.56667	
L	245033	02		Balamoun		LOCALITY	14.32714	21.30388	
L	245040	12		Bakou		LOCALITY	13.18321	22.10742	
L	245044	25		Bakinia		LOCALITY	11.89737	21.39577	
L	245050	02		Bakaoré		LOCALITY	15.3	21.83333	
L	245051	12		Bakaki		LOCALITY	13.20721	22.05325	
L	245055	12		Baykon		LOCALITY	14.00804	21.10105	
L	245060	02		Bahay		LOCALITY	15.55	22.91667	
L	245065	12		Bagarin		LOCALITY	13.86596	20.79767	
L	245074	12		Badiné		LOCALITY	13.81665	20.40395	
L	245075	12		Badiné		LOCALITY	13.67578	20.7517	
L	245076	12		Badina		LOCALITY	13.52733	20.8567	
L	245078	13		Badié		LOCALITY	10.0403	20.9083	
L	245080	25		Badia		LOCALITY	11.667	21.2338	
L	245090	25		Babirké		LOCALITY	12.6	22.31667	
L	245098	12		Ayin		LOCALITY	13.46867	20.69673	
L	245101	25		Ayanda		LOCALITY	11.95601	22.05855	
L	245107	12		Atirigin		LOCALITY	12.96667	21.26667	
L	245109	12		Atim		LOCALITY	13.54612	20.70603	
L	245110	12		Atilo		LOCALITY	13.90014	20.82636	
L	245112	12		Atichani		LOCALITY	13.84455	21.6301	
L	245113	25		Atichané		LOCALITY	12.33333	21.75	
L	245114	13		Atétel		LOCALITY	11.1601	20.1107	
L	245116	12		Atéchané		LOCALITY	13.45176	22.1799	
L	245117	12		Atéchané		LOCALITY	13.27382	22.13291	
L	245120	12		Atchoukoul Toumouna		LOCALITY	13.50868	22.13255	
L	245121	12		Atarak		LOCALITY	13.07492	21.06736	
L	245122	02		Atanas		LOCALITY	14.49202	21.16835	
L	245125	12		Astéréna		LOCALITY	13.40138	20.5037	
L	245126	12		Astarténi		LOCALITY	13.66454	21.41725	
L	245131	12		Askanité		LOCALITY	13.46491	21.96646	
L	245132	01		Askanité		LOCALITY	13.45201	20.12435	
L	245133	12		Askanité		LOCALITY	13.38692	20.77224	
L	245134	12		Askanit		LOCALITY	13.9266	22.02704	
L	245138	12		Asangori		LOCALITY	13.40986	20.33894	
L	245140	12		Asal		LOCALITY	13.20174	20.6754	
L	245147	12		Arounbouguin		LOCALITY	13.88009	20.9336	
L	245148	12		Aroumbagin		LOCALITY	14.00404	20.81151	
L	245155	12		Aroua		LOCALITY	12.95	21.61667	
L	245161	12		Arkoy Karia		LOCALITY	13.27369	22.06932	
L	245162	12		Arkoy		LOCALITY	13.34669	22.14514	
L	245163	12		Arkoum	أركوم	LOCALITY	13.1958	21.70714	
L	245164	12		Arkou		LOCALITY	13.87669	20.84857	
L	245176	12		Arinié		LOCALITY	13.92939	20.93142	
L	245177	12		Aringué		LOCALITY	14.09926	21.51476	
L	245179	02		Ariani		LOCALITY	14.96667	22.25	
L	245183	12		Arhouna Djambouguin		LOCALITY	13.29266	21.69147	
L	245185	12		Arhabèch		LOCALITY	13.33029	22.18039	
L	245187	12		Argoud Gafak		LOCALITY	14.02806	20.5184	
L	245188	12		Argofa		LOCALITY	13.6666	20.55823	
L	245199	13		Ardo		LOCALITY	11.397	20.5351	
L	245200	25		Ardim		LOCALITY	11.9109	21.3029	
L	245201	02		Ardémi		LOCALITY	14.01667	22.03333	
L	245202	25		Ardélik		LOCALITY	12.41667	21.38333	
L	245203	12		Ardéden		LOCALITY	13.88546	21.2874	
L	245204	12		Ardédé		LOCALITY	13.14083	20.67699	
L	245206	02		Ardébé		LOCALITY	14.58333	22.2	
L	245207	12		Ardébé		LOCALITY	13.98804	21.84479	
L	245208	12		Ardébé		LOCALITY	13.6137	21.31678	
L	245209	12		Ardébé		LOCALITY	13.57885	21.43104	
L	245210	12		Ardébé		LOCALITY	13.49047	22.21286	
L	245211	12		Ardébé		LOCALITY	13.34831	21.31173	
L	245212	12		Ardébé		LOCALITY	12.96667	21.65	
L	245213	25		Ardebe		LOCALITY	12.66667	20.33333	
L	245214	25		Ardébé		LOCALITY	12.58333	22.2	
L	245215	13		Ardéba		LOCALITY	11.3661	20.8822	
L	245216	25		Arday		LOCALITY	12.05	22.38333	
L	245219	25		Archo		LOCALITY	12.28333	21.66667	
L	245226	25		Arbochi		LOCALITY	12.56667	20.23333	
L	245229	12		Arbané		LOCALITY	13.41237	21.62745	
L	245230	12		Araza		LOCALITY	13.22331	21.68821	
L	245231	13		Araza		LOCALITY	11.342	20.2285	
L	245232	13		Araza		LOCALITY	11.1794	20.5729	
L	245235	25		Arata		LOCALITY	11.82504	21.35795	
L	245236	12		Arar		LOCALITY	13.1768	21.58798	
L	245240	25		Arango		LOCALITY	11.94387	21.30712	
L	245243	12		Arak Tignari		LOCALITY	13.4176	20.8001	
L	245245	12		Araès		LOCALITY	13.31966	21.2237	
L	245246	25		Araès		LOCALITY	12.31667	21.21667	
L	245247	02		Arada		LOCALITY	15.01667	20.66667	
L	245250	12		Ara		LOCALITY	13.23197	21.19767	
L	245253	12		Apkouta		LOCALITY	13.41443	21.31844	
L	245254	13		Apguéréan		LOCALITY	11.1506	20.2613	
L	245256	12		Aouron		LOCALITY	13.96156	21.72142	
L	245257	13		Aouri		LOCALITY	11.6467	21.0106	
L	245258	25		Aourado		LOCALITY	12.36667	21.86667	
L	245260	02		Aoura		LOCALITY	14.34622	21.40626	
L	245263	12		Aouno		LOCALITY	13.8798	21.85805	
L	245264	12		Aouli		LOCALITY	13.33776	21.86198	
L	245266	25		Aouïn Rado		LOCALITY	12.26667	22.4	
L	245267	12		Aouiéta		LOCALITY	13.37922	22.2043	
L	245268	12		Aouguin		LOCALITY	13.467	20.65317	
L	245273	12		Aouding		LOCALITY	13.25722	21.7545	
L	245274	12		Aouchana		LOCALITY	13.51667	20.76667	
L	245276	25		Aouada		LOCALITY	12.21667	21.2	
L	245279	12		Antabasta		LOCALITY	13	21.4	
L	245281	12		Anourguin		LOCALITY	13.89596	20.64238	
L	245285	25		Ankarouba		LOCALITY	11.9774	21.8225	
L	245287	25		Aniata		LOCALITY	12.7	22.23333	
L	245290	12		Angour		LOCALITY	13.6429	21.55221	
L	245294	12		Angolo		LOCALITY	13.74375	21.33956	
L	245295	02		Anguioro		LOCALITY	14.13299	21.22256	
L	245296	13		Angar		LOCALITY	11.1745	21.292	
L	245297	25		Angalgatou Goz		LOCALITY	11.9537	21.5702	
L	245299	12		Anfar		LOCALITY	13.97927	20.94701	
L	245303	12		Andoulbin		LOCALITY	14.22665	20.79361	
L	245305	12		Andororo		LOCALITY	13.26945	21.12214	
L	245306	25		Andoro		LOCALITY	11.9263	21.4512	
L	245307	12		Andokoné		LOCALITY	13.20915	21.19241	
L	245309	02		Andogon		LOCALITY	14.13669	21.16494	
L	245311	25		Andjéména		LOCALITY	11.90586	22.0407	
L	245312	25		Andjaména		LOCALITY	11.9214	21.4355	
L	245314	12		Andila Saba		LOCALITY	12.8	21.21667	
L	245315	12		Andila Karib		LOCALITY	12.78333	21.2	
L	245317	02		Andanan		LOCALITY	14.26072	21.19984	
L	245318	02		Andanan		LOCALITY	14.16667	21.16667	
L	245319	25		Andamoukou		LOCALITY	12.31667	21.86667	
L	245320	12		Andadja Sisi		LOCALITY	13.17186	22.07569	
L	245321	12		Andadja Doyou		LOCALITY	13.14764	22.04198	
L	245325	02		Anarga		LOCALITY	14.13882	21.54471	
L	245327	12		Ananim		LOCALITY	14.40741	20.43462	
L	245328	02		Anagourt		LOCALITY	14.89428	21.22415	
L	245329	02		Anaba		LOCALITY	14.63884	20.87374	
L	245331	02		Am-Zoer		LOCALITY	14.21833	21.38589	
L	245332	25		Am Ziéfé		LOCALITY	12.7	20.33333	
L	245333	01		Am Zét Zaraoua		LOCALITY	13.86072	20.19585	
L	245334	01		Am Zét Ali		LOCALITY	13.86795	20.22562	
L	245337	12		Am Tolok		LOCALITY	13.02008	21.28433	
L	245338	13		Am Timan	أم التيمان	CITY	11.0433	20.28342	74691
L	245340	25		Am Tchilili		LOCALITY	12.41667	20.85	
L	245341	25		Am Tchakena		LOCALITY	12.38333	20.66667	
L	245343	12		Am Tapou		LOCALITY	14.0886	20.7282	
L	245344	25		Am Talaté		LOCALITY	12.45	21.13333	
L	245345	25		Am Talako		LOCALITY	12.96667	20.25	
L	245346	01		Am Sounta		LOCALITY	13.15285	20.20551	
L	245351	25		Am Siheb		LOCALITY	12.78333	20.41667	
L	245355	13		Amsiba		LOCALITY	11.4232	20.9585	
L	245356	13		Am Séri		LOCALITY	10.1304	20.9951	
L	245358	13		Am Sénéné		LOCALITY	11.00478	20.26715	
L	245359	13		Am Sénéna		LOCALITY	11.1329	20.4228	
L	245361	12		Am Sayala		LOCALITY	13.45135	20.5055	
L	245363	12		Am Saterna		LOCALITY	13.5535	20.80219	
L	245364	12		Am Saterna		LOCALITY	13.40977	20.57752	
L	245365	25		Am Saterna		LOCALITY	12.43333	21.41667	
L	245366	25		Am Saterna		LOCALITY	11.9712	21.7322	
L	245370	12		Am Rhota		LOCALITY	13.49681	20.49386	
L	245371	01		Am Rhirébi		LOCALITY	13.2298	20.24717	
L	245372	12		Am Rhibéché		LOCALITY	13.93025	20.40178	
L	245373	01		Am Rhibéché		LOCALITY	13.76173	20.12157	
L	245374	13		Am Rétio		LOCALITY	10.6987	20.0395	
L	245378	13		Am Rachim		LOCALITY	11.4934	20.4615	
L	245379	12		Amout Sougour		LOCALITY	12.78333	21.46667	
L	245380	01		Am Ourouk		LOCALITY	13.2458	19.9947	
L	245381	25		Amouroubou		LOCALITY	11.6866	21.107	
L	245382	12		Am Ouchar		LOCALITY	13.43253	20.36179	
L	245383	25		Am Ouchar		LOCALITY	12	21.85	
L	245384	12		Am Ouch		LOCALITY	13.65841	20.26074	
L	245385	12		Am Nouren		LOCALITY	13.66557	21.52097	
L	245387	02		Am Nabak		LOCALITY	14.81667	22.35	
L	245388	02		Am Nabak		LOCALITY	14.78333	22.33333	
L	245389	02		Am Nabak		LOCALITY	14.73333	20.95	
L	245393	01		Am Loubia		LOCALITY	13.6485	20.12996	
L	245394	12		Am Loubia		LOCALITY	13.51528	20.82612	
L	245395	25		Am Loubia		LOCALITY	12.95	20.26667	
L	245398	25		Am Léiouna		LOCALITY	12.76667	21.81667	
L	245400	01		Am Kourbal		LOCALITY	13.25	20.16667	
L	245401	12		Am Kouk		LOCALITY	14.13464	20.44632	
L	245402	12		Am Kouchouk		LOCALITY	13.91019	20.31321	
L	245403	01		Am Kouchou		LOCALITY	13.53077	20.07711	
L	245406	12		Am Karouba		LOCALITY	13.8564	21.71307	
L	245410	13		Am Kachoum		LOCALITY	11.6081	20.4497	
L	245411	13		Am Kachouay		LOCALITY	11.6877	20.3943	
L	245412	25		Am Kachaway		LOCALITY	12.38333	20.68333	
L	245413	25		Am Itèb		LOCALITY	11.9475	21.409	
L	245414	12		Amié		LOCALITY	13.218	21.08792	
L	245415	25		Am Idan		LOCALITY	11.9344	21.964	
L	245417	12		Am Himédé		LOCALITY	13.93748	20.36474	
L	245418	01		Am Himédé		LOCALITY	13.44045	20.21563	
L	245419	25		Am Himédé		LOCALITY	12.93333	20.16667	
L	245420	25		Am Hido		LOCALITY	12.18333	22.15	
L	245421	12		Am Hidan		LOCALITY	14.20091	20.26776	
L	245424	12		Am Haraz		LOCALITY	13.4113	21.7446	
L	245425	25		Am Haraz		LOCALITY	11.9595	21.5384	
L	245426	25		Am Hadjer		LOCALITY	11.96997	22.18544	
L	245427	12		Am Habilé		LOCALITY	13.44062	20.39185	
L	245428	25		Am Habile		LOCALITY	12.76667	20.43333	
L	245429	05		Am Habile		LOCALITY	12.6	20.01667	
L	245430	13		Am Habilé		LOCALITY	11.4917	20.4206	
L	245431	12		Am Habali		LOCALITY	13.77708	20.37757	
L	245432	12		Am Griti		LOCALITY	13.4383	21.0687	
L	245433	12		Am Goz		LOCALITY	14.04749	20.61092	
L	245434	12		Am Gouri		LOCALITY	12.98333	21.86667	
L	245435	01		Am Goulma Técher		LOCALITY	13.54824	20.02162	
L	245436	01		Am Goulma Derbo		LOCALITY	13.52788	20.03772	
L	245437	01		Am Goulma Atomat		LOCALITY	13.52349	20.05995	
L	245438	01		Am Goulma Amberkotio		LOCALITY	13.53852	20.0307	
L	245439	12		Am Goudja		LOCALITY	12.9	20.86667	
L	245440	13		Am Gou		LOCALITY	10.4627	21.2931	
L	245441	12		Amguin		LOCALITY	13.25124	20.99763	
L	245442	25		Am Géritié		LOCALITY	12.51667	22.1	
L	245443	12		Am Géréda		LOCALITY	12.86667	21.16667	
L	245444	12		Am Guedaouin		LOCALITY	13.35829	21.07874	
L	245447	12		Am Gantoura		LOCALITY	12.86667	21.5	
L	245450	25		Am Galaka		LOCALITY	12.7	20.38333	
L	245451	12		Am Gala		LOCALITY	13.74556	20.59741	
L	245452	02		Am Gafal		LOCALITY	14.76656	20.78921	
L	245453	13		Am Farao		LOCALITY	11.0503	20.23297	
L	245455	02		Am Eriz		LOCALITY	14.76596	20.5915	
L	245458	13		Am Doutilé		LOCALITY	11.6732	21.0377	
L	245459	12		Am Dout Goz		LOCALITY	13.53909	20.43034	
L	245460	25		Am Douroun		LOCALITY	12.8	20.21667	
L	245463	12		Am Doron		LOCALITY	12.7	21.35	
L	245464	25		Am Djourar Mouro		LOCALITY	12.9	20.38333	
L	245465	25		Am Djourar Ganbir		LOCALITY	12.88333	20.41667	
L	245466	25		Am Djourar		LOCALITY	12.9	20.4	
L	245467	13		Am Djodour		LOCALITY	11.5595	20.9863	
L	245468	25		Am Djiouekhin		LOCALITY	12.26667	20.46667	
L	245469	12		Am Djimézé		LOCALITY	13.98803	20.409	
L	245470	25		Am Djiména		LOCALITY	12.55	22.28333	
L	245471	25		Am Djer Taama		LOCALITY	12.21667	21.58333	
L	245472	25		Am Djer Morfein		LOCALITY	12.2	21.58333	
L	245475	25		Am Djer		LOCALITY	12.21667	21.55	
L	245476	25		Am Djéména		LOCALITY	12.33333	22.36667	
L	245477	25		Am Djéména		LOCALITY	12.33333	21.68333	
L	245478	25		Am Djéména		LOCALITY	12.28333	21.93333	
L	245479	13		Am Djélat		LOCALITY	10.9335	20.2435	
L	245480	12		Am Djédéri		LOCALITY	13.48688	20.57487	
L	245481	12		Am Djédaouit		LOCALITY	12.88333	21.53333	
L	245482	01		Am Djébora		LOCALITY	13.81278	20.16108	
L	245483	01		Am Djan Kaferdout		LOCALITY	13.5664	20.18686	
L	245485	01		Am Djan		LOCALITY	13.58009	20.21906	
L	245486	01		Am Djan		LOCALITY	13.58333	20.18333	
L	245488	25		Am Digemat		LOCALITY	12.58333	20.21667	
L	245489	13		Am Diéma		LOCALITY	9.97142	20.89903	
L	245490	12		Am Dichi		LOCALITY	13.68226	20.57955	
L	245491	25		Am Dérésé		LOCALITY	11.9874	21.5033	
L	245492	25		Am Dérésa		LOCALITY	12.63333	20.6	
L	245493	12		Am Derabay		LOCALITY	12.88333	20.96667	
L	245494	13		Am Déonas		LOCALITY	10.3997	21.29034	
L	245497	25		Am Dam Zeriba		LOCALITY	12.76667	20.45	
L	245498	25		Am Dam Toulouke	أم دام تولوك	LOCALITY	12.76667	20.46667	
L	245499	25		Am Damania		LOCALITY	12.46667	20.55	
L	245501	25		Am Dam	أم دام	LOCALITY	12.76667	20.48333	7729
L	245503	12		Am Dalam		LOCALITY	13.83694	20.23798	
L	245504	12		Am Daguik		LOCALITY	13.98242	20.33806	
L	245505	25		Am Dagig		LOCALITY	12.86667	20.2	
L	245506	25		Am Dagel		LOCALITY	12.65	22.16667	
L	245507	25		Am Dagagna		LOCALITY	12.83333	20.21667	
L	245508	25		Am Dagachi		LOCALITY	12.4	20.15	
L	245509	01		Am Dafani		LOCALITY	13.2229	20.02135	
L	245510	25		Am Dachar		LOCALITY	12.56667	20.36667	
L	245511	12		Am Chimélé Dougoum		LOCALITY	14.03201	20.03086	
L	245514	25		Am Charamit		LOCALITY	12.48333	20.48333	
L	245515	25		Am Chara		LOCALITY	12.6	20.7	
L	245516	12		Am Chaloba		LOCALITY	13.5294	21.15895	
L	245518	12		Am Bourtounou		LOCALITY	12.76667	21	
L	245521	25		Am Bourougné		LOCALITY	12.15	22.15	
L	245522	13		Am Botoro		LOCALITY	10.4031	21.2143	
L	245523	25		Am Bitin Tiné		LOCALITY	12.21667	21.81667	
L	245524	25		Am Bitin Goz		LOCALITY	12.2	21.81667	
L	245525	25		Am Bitek		LOCALITY	12.75	20.48333	
L	245526	13		Am Beldi		LOCALITY	11.51667	20.98333	
L	245527	12		Ambégnon		LOCALITY	13.2624	22.11876	
L	245529	12		Ambay		LOCALITY	14.06528	20.7404	
L	245530	12		Am Baram Garaday		LOCALITY	13.38239	20.39799	
L	245531	12		Am Baram Dadjo		LOCALITY	13.36776	20.38353	
L	245533	01		Am Bar		LOCALITY	13.6	20.11805	
L	245534	12		Ambalgna		LOCALITY	13.25207	20.81881	
L	245537	12		Ambakali		LOCALITY	13.37462	22.13781	
L	245539	25		Am Bach		LOCALITY	12.38333	21.7	
L	245540	13		Amasala		LOCALITY	11.3512	20.2907	
L	245541	12		Amarouba		LOCALITY	13.90577	21.11689	
L	245543	01		Am Arhar Iésey		LOCALITY	13.87688	20.07051	
L	245544	01		Am Arhar Dalou		LOCALITY	13.88313	20.07277	
L	245545	01		Am Arhar Atalbé		LOCALITY	13.86795	20.04414	
L	245546	01		Am Arhar Am Amouna		LOCALITY	13.86202	20.03561	
L	245547	01		Am Arhar al Omar Am Djoubay		LOCALITY	13.81422	20.08402	
L	245548	12		Amarga		LOCALITY	13.49324	21.24237	
L	245550	13		Amanasis		LOCALITY	11.24504	20.247	
L	245551	13		Am al Barka		LOCALITY	11.4356	20.488	
L	245552	12		Am Adat		LOCALITY	13.52807	21.51857	
L	245560	25		Alo		LOCALITY	11.78249	20.88991	
L	245561	13		Alo		LOCALITY	9.99149	21.19146	
L	245562	13		Alo		LOCALITY	9.98333	21.18333	
L	245563	25		Almour		LOCALITY	12.06667	21.13333	
L	245565	25		Almié Dombolaï		LOCALITY	11.95	22.4	
L	245566	13		Al Midodil		LOCALITY	10.7505	20.3254	
L	245568	25		Al Mérer		LOCALITY	12.46667	21.03333	
L	245571	13		Al Koudo		LOCALITY	11.4121	20.1605	
L	245572	13		Al Koubou		LOCALITY	10.5003	20.0235	
L	245575	13		Al Karouf		LOCALITY	11.2928	20.6407	
L	245578	12		Ali Manadji		LOCALITY	13.86012	20.23848	
L	245579	25		Alili		LOCALITY	12.43333	20.93333	
L	245582	13		Al Goz		LOCALITY	11.4811	20.1268	
L	245583	12		Alguileb		LOCALITY	13.26814	20.8489	
L	245584	13		Alguiez		LOCALITY	11.3592	20.64698	
L	245585	13		Al Guiésat		LOCALITY	11.2546	20.132	
L	245586	25		Alfouro		LOCALITY	12.83333	20.23333	
L	245590	12		Aldjé		LOCALITY	13.12096	21.87757	
L	245592	25		Alboy		LOCALITY	12.73333	21.83333	
L	245593	13		Al Biéré		LOCALITY	11.4908	20.2159	
L	245594	13		Al Bidia		LOCALITY	10.54509	20.21169	
L	245597	01		Al Bériké		LOCALITY	13.88965	20.09761	
L	245599	13		Albakas		LOCALITY	11.0611	20.3152	
L	245601	25		Alao		LOCALITY	11.9413	21.2331	
L	245604	25		Alakhebich		LOCALITY	12.43333	20.95	
L	245606	12		Allacha		LOCALITY	13.10595	21.60019	
L	245607	02		Alabidi		LOCALITY	15.16667	22.38333	
L	245611	12		Ako		LOCALITY	13.80476	21.40295	
L	245615	12		Akar		LOCALITY	13.94083	20.88093	
L	245618	02		Aka		LOCALITY	14.53333	22.05	
L	245621	13		Aïbé		LOCALITY	9.88455	21.16549	
L	245622	02		Ahour Omouri		LOCALITY	14.56581	21.83962	
L	245623	02		Ahoura		LOCALITY	14.56263	21.76527	
L	245624	02		Ahoudi		LOCALITY	14.33029	21.20491	
L	245631	25		Agourtoulou		LOCALITY	11.8652	21.3802	
L	245632	02		Agourmé		LOCALITY	14.77678	21.78387	
L	245633	12		Agourbo		LOCALITY	13.55726	21.45624	
L	245634	12		Agouné		LOCALITY	12.98333	21.73333	
L	245635	25		Agoundi		LOCALITY	11.9377	21.4582	
L	245638	12		Agoumo		LOCALITY	13.24332	21.21877	
L	245640	25		Agougou		LOCALITY	12.26667	21.88333	
L	245641	25		Agougou		LOCALITY	11.92582	22.1988	
L	245642	13		Agouaré		LOCALITY	9.98274	20.90097	
L	245645	02		Aguilé		LOCALITY	14.44725	21.95336	
L	245646	12		Agelba		LOCALITY	13.07327	21.36249	
L	245647	12		Aguek		LOCALITY	13.95215	20.40414	
L	245650	12		Agarta		LOCALITY	13.30476	22.05872	
L	245651	12		Agari		LOCALITY	13.68421	21.58181	
L	245652	12		Agarachi		LOCALITY	13.85796	20.78214	
L	245654	12		Agan		LOCALITY	13.15397	20.60271	
L	245655	25		Agan		LOCALITY	12.56667	21.66667	
L	245657	12		Agadoundé		LOCALITY	13.8468	20.80978	
L	245658	12		Agadi		LOCALITY	13.69227	21.55713	
L	245659	13		Afous		LOCALITY	11.206	20.1691	
L	245660	12		Afoul		LOCALITY	13.68039	20.72619	
L	245664	25		Afanaoudam		LOCALITY	11.65	21.01667	
L	245667	25		Afadja		LOCALITY	12.33333	21.58333	
L	245669	12		Adré	أدري	LOCALITY	13.46648	22.19875	21950
L	245671	12		Adouksi		LOCALITY	13.34001	20.9506	
L	245674	25		Adjolo		LOCALITY	12.55	22.31667	
L	245675	12		Adjobani		LOCALITY	13.2843	22.05409	
L	245677	12		Adjabani		LOCALITY	13.31964	20.62305	
L	245684	12		Adikota		LOCALITY	13.37717	22.00952	
L	245687	02		Adiabé		LOCALITY	15.33333	21.76667	
L	245689	25		Adé		LOCALITY	12.66667	21.9	
L	245690	13		Adar		LOCALITY	11.4161	20.9359	
L	245691	25		Adamti		LOCALITY	12.66667	20.55	
L	245692	25		Adamkouch		LOCALITY	12.8	20.2	
L	245693	02		Adayt		LOCALITY	14.50644	21.98645	
L	245694	12		Adabarta		LOCALITY	13.21965	22.15358	
L	245695	12		Ada		LOCALITY	14.06828	21.34398	
L	245696	12		Achoumar		LOCALITY	13.09035	20.621	
L	245697	12		Achkitin		LOCALITY	13.98016	20.75745	
L	245700	12		Achara		LOCALITY	12.95	21.6	
L	245701	12		Achaba		LOCALITY	13.71129	21.56261	
L	245702	25		Achaba		LOCALITY	12.01667	22.25	
L	245704	02		Abétil		LOCALITY	14.51862	21.80587	
L	245707	12		Absidéré Djado		LOCALITY	12.75	21.35	
L	245708	12		Absideré		LOCALITY	12.73333	21.33333	
L	245711	12		Aboutantara		LOCALITY	13.12213	21.63954	
L	245712	12		Aboutangui		LOCALITY	13.33374	21.98	
L	245713	12		Abousoko		LOCALITY	13.34316	22.25675	
L	245718	12		Abourtouno		LOCALITY	13.23551	21.17629	
L	245720	02		Abounoura		LOCALITY	14.46814	21.96919	
L	245724	12		Aboundourou		LOCALITY	13.35337	20.73009	
L	245725	12		Aboundouro		LOCALITY	13.94748	20.7354	
L	245726	12		Aboulouk		LOCALITY	13.26246	22.17339	
L	245727	12		Abou Loubia		LOCALITY	13.55539	21.16643	
L	245728	25		Aboukousoum		LOCALITY	11.91813	21.1957	
L	245729	12		Abou Koundaye		LOCALITY	13.67847	21.17472	
L	245730	02		Abouir		LOCALITY	14.62994	21.76793	
L	245731	13		Abouich		LOCALITY	11.8516	20.1988	
L	245732	13		Abouich		LOCALITY	11.7003	20.3352	
L	245735	12		Abou Goulem		LOCALITY	13.6121	21.63891	
L	245738	12		Abougoudam		LOCALITY	13.66076	20.73164	
L	245740	25		Abou Gadama		LOCALITY	12.45	21.61667	
L	245743	25		Abou Digin		LOCALITY	12.93333	20.26667	
L	245745	12		Abou Chadra		LOCALITY	13.30504	20.65214	
L	245752	25		Abonday		LOCALITY	11.8618	21.5159	
L	245753	12		Abo Hachim		LOCALITY	13.35174	21.13224	
L	245754	12		Abogoroum Zafay		LOCALITY	14.08755	20.26218	
L	245755	12		Abogoroum Ramadan		LOCALITY	14.07937	20.23407	
L	245757	25		Ablogila		LOCALITY	12.1	21.65	
L	245759	12		Abkar Djombo		LOCALITY	13.1802	21.08192	
L	245761	25		Abjer		LOCALITY	12.63333	20.53333	
L	245762	12		Abisa Madala		LOCALITY	14.32695	20.71204	
L	245764	25		Abirbri		LOCALITY	12.6	22.16667	
L	245765	02		Abioka		LOCALITY	14.6	22.2	
L	245766	12		Abilélé Sarer		LOCALITY	12.88333	21.6	
L	245767	12		Abilélé Kébir		LOCALITY	12.9	21.61667	
L	245768	25		Abilélay		LOCALITY	12.06667	22.11667	
L	245769	25		Abilélay		LOCALITY	12.05	22.13333	
L	245770	25		Abilélai		LOCALITY	12.38333	21.18333	
L	245771	12		Abil		LOCALITY	13.02785	21.59902	
L	245772	02		Abiet		LOCALITY	14.31529	21.32749	
L	245777	02		Abgarna		LOCALITY	14.25	22.31667	
L	245778	02		Abgara		LOCALITY	14.31655	21.28189	
L	245779	25		Abéré Tchertcher		LOCALITY	12.36667	21.63333	
L	245780	02		Abèrbèr		LOCALITY	14.24616	21.2507	
L	245781	12		Abelrati		LOCALITY	13.18132	21.09118	
L	245782	02		Abélé		LOCALITY	14.79102	21.80044	
L	245783	13		Abéla		LOCALITY	11.1809	20.3615	
L	245785	12		Abéché	أبشي	CITY	13.82916	20.8324	139983
L	245787	25		Abdourta		LOCALITY	12.5	20.75	
L	245790	25		Abdier		LOCALITY	12.8	20.36667	
L	245791	12		Abdi		LOCALITY	12.8	21.3	9190
L	245793	12		Abdata		LOCALITY	13.44801	21.98243	
L	245794	25		Abchour		LOCALITY	12.16667	21.3	
L	245798	12		Abaron		LOCALITY	13.53756	21.60811	
L	245799	25		Abanié Birgit		LOCALITY	12.66667	20.5	
L	245802	02		Abakar		LOCALITY	14.26312	21.3135	
L	245803	02		Abakada		LOCALITY	14.6	22.23333	
L	245804	02		Abakada		LOCALITY	14.55	22.25	
L	245806	02		Ababot		LOCALITY	14.30626	21.72009	
L	245809	25		Aaba		LOCALITY	12.36667	22.28333	
L	367945	25		Rumalia		LOCALITY	12.06849	22.56104	
L	2209061	00		Ūzū		LOCALITY	21.83333	17.4	
L	2209062	00		Ūzī		LOCALITY	21.13333	18.73333	
L	2209154	00		Ūrī		LOCALITY	21.4	19.21667	
L	2423992	16		Zozi		LOCALITY	9.905	15.2885	
L	2423993	16		Zouzi		LOCALITY	9.786	15.2678	
L	2423998	18		Zourougouldji		LOCALITY	11.663	17.1078	
L	2423999	05		Zourkoum		LOCALITY	11.6562	19.0463	
L	2424000	05		Zouri		LOCALITY	12.19831	18.44893	
L	2424007	15		Zoumka		LOCALITY	11.69729	15.07626	
L	2424008	14		Zoumandang		LOCALITY	9.3476	15.655	
L	2424010	26		Zouï		LOCALITY	21.33333	17.06667	
L	2424014	05		Zouara		LOCALITY	10.8236	17.4078	
L	2424015	26		Zouar		LOCALITY	20.45833	16.52778	1237
L	2424024	06		Zooulè		LOCALITY	13.9073	15.46028	
L	2424027	05		Zoni		LOCALITY	12.04281	18.79203	
L	2424030	18		Zol		LOCALITY	12.99937	15.61102	
L	2424031	18		Zol		LOCALITY	12.96037	15.74935	
L	2424032	14		Zagoni		LOCALITY	9.22072	15.64785	
L	2424036	05		Zobili		LOCALITY	12.07111	18.76833	
L	2424040	01		Zioud		LOCALITY	13.08282	17.3518	
L	2424041	07		Zinki		LOCALITY	13.56081	15.27349	
L	2424043	09		Zingué		LOCALITY	7.69775	15.75655	
L	2424047	06		Ziguey		LOCALITY	14.72255	15.79207	
L	2424053	18		Zézézir		LOCALITY	12.86667	14.66667	
L	2424057	20		Zétao		LOCALITY	9.5653	15.0497	
L	2424058	13		Zerzoura		LOCALITY	11.2562	19.9656	
L	2424059	13		Zerzoura		LOCALITY	11.1202	19.9477	
L	2424061	05		Zérinkel		LOCALITY	12.19921	18.49023	
L	2424067	09		Zengué		LOCALITY	7.81667	15.58333	
L	2424068	09		Dzingué		LOCALITY	7.7611	15.7131	
L	2424069	22		Zen Galimai		LOCALITY	13.6407	15.90716	
L	2424071	15		Zenat		LOCALITY	11.79234	15.90118	
L	2424075	01		Zelba		LOCALITY	13.0529	18.5865	
L	2424076	13		Zélango		LOCALITY	11.996	19.4718	
L	2424082	20		Zazéré		LOCALITY	9.8168	14.2177	
L	2424085	05		Zarombo		LOCALITY	12.329	19.0986	
L	2424086	05		Zarli		LOCALITY	12.05011	18.68893	
L	2424087	22		Zargama		LOCALITY	13.1717	16.7741	
L	2424088	05		Dabakay Zarga		LOCALITY	11.0838	17.9655	
L	2424089	16		Zardaouye		LOCALITY	10.69212	15.25465	
L	2424090	22		Zarata		LOCALITY	13.9206	16.1137	
L	2424091	18		Zaraf		LOCALITY	12.25682	15.52218	
L	2424095	01		Zao		LOCALITY	13.02413	17.55421	
L	2424096	20		Zankaï Moundang		LOCALITY	9.4518	14.7857	
L	2424098	01		Zania		LOCALITY	12.9112	17.75909	
L	2424099	20		Zangati Gati		LOCALITY	9.1003	14.7258	
L	2424103	05		Zan		LOCALITY	10.5265	19.2493	
L	2424104	14		Zamré Toulna		LOCALITY	9.36847	15.58173	
L	2424105	16		Zamré Dongor		LOCALITY	9.36974	15.54833	
L	2424106	14		Zamre Anday		LOCALITY	9.34982	15.58238	
L	2424108	05		Zamera		LOCALITY	10.96038	18.95025	
L	2424109	01		Zambidé		LOCALITY	13.00652	18.16767	
L	2424110	20		Zambéréo		LOCALITY	9.1134	14.653	
L	2424111	20		Zama Gouin		LOCALITY	9.5331	14.9666	
L	2424112	05		Zama		LOCALITY	12.16471	18.37833	
L	2424114	20		Zale		LOCALITY	9.4481	14.5664	
L	2424115	20		Zalbi		LOCALITY	9.6806	14.1093	
L	2424117	13		Zalango		LOCALITY	12.0023	19.4717	
L	2424121	13		Zakouma		LOCALITY	10.891	19.8199	
L	2424123	01		Zakaria		LOCALITY	13.08432	17.38439	
L	2424125	18		Zahafaya		LOCALITY	12.37379	15.32842	
L	2424126	14		Zagoni		LOCALITY	9.23948	15.6732	
L	2424127	16		Zagrarao		LOCALITY	11.14397	15.31066	
L	2424128	20		Zaguere		LOCALITY	9.6442	14.0793	
L	2424130	18		Zafaia		LOCALITY	12.69753	14.72409	
L	2424131	20		Zadjouli		LOCALITY	9.4487	14.2006	
L	2424132	20		Sabongari		LOCALITY	9.80516	14.32169	
L	2424133	14		Zabogo Mongli		LOCALITY	9.2635	15.6695	
L	2424134	14		Zabogo Garbian		LOCALITY	9.2781	15.6997	
L	2424135	14		Zabogo Agoudoum		LOCALITY	9.29674	15.67862	
L	2424136	20		Zabili		LOCALITY	9.72412	14.08703	
L	2424137	20		Zabifain		LOCALITY	9.8104	14.1224	
L	2424138	16		Zaba II		LOCALITY	9.5372	15.5268	
L	2424139	16		Zaba I		LOCALITY	9.52379	15.52843	
L	2424140	16		Zabba		LOCALITY	9.46667	15.48333	
L	2424142	01		Zaafaië		LOCALITY	13.88333	19.21667	
L	2424143	09		Iri		LOCALITY	8.13982	16.46806	
L	2424144	06		Yra		LOCALITY	14.13586	15.2995	
L	2424147	26		Youryour		LOCALITY	21.35	16.98333	
L	2424153	06		Youro		LOCALITY	13.76132	15.82001	
L	2424158	07		Youra Mari		LOCALITY	13.57724	15.31448	
L	2424160	06		Youno		LOCALITY	14.21747	15.34435	
L	2424162	07		Youmbra		LOCALITY	13.80861	14.55205	
L	2424163	07		Youmbra		LOCALITY	13.5847	15.3177	
L	2424164	06		Youmbou		LOCALITY	13.75493	15.09945	
L	2424166	14		Youmala Kolongo		LOCALITY	9.3204	15.8647	
L	2424167	06		Youm		LOCALITY	13.61608	15.47544	
L	2424168	07		Youloulia		LOCALITY	13.64608	15.14846	
L	2424172	06		Yougourdé		LOCALITY	14.15325	14.59152	
L	2424173	22		Yougoum		LOCALITY	14.21455	15.89191	
L	2424179	22		Yougay		LOCALITY	13.83517	15.79186	
L	2424182	16		Youé		LOCALITY	9.9091	14.9253	
L	2424187	23		Youdou		LOCALITY	20.51667	18.23333	
L	2424191	26		Youbor		LOCALITY	21.16667	17.35	
L	2424192	15		Iwa-Iwa		LOCALITY	11.49128	15.18062	
L	2424194	06		You		LOCALITY	14.06041	15.10728	
L	2424195	06		You		LOCALITY	14.02116	14.3945	
L	2424198	06		Yoskonga		LOCALITY	14.15303	14.90484	
L	2424199	01		Yoro Goundjo		LOCALITY	13.0353	18.5517	
L	2424201	01		Yormo		LOCALITY	13.0661	18.5733	
L	2424205	26		Yonougé		LOCALITY	20.41667	16.95	
L	2424206	19		Yongui		LOCALITY	9.28373	17.49892	
L	2424207	07		Yongoy		LOCALITY	13.4	15	
L	2424208	07		Yongoy		LOCALITY	13.38333	14.98333	
L	2424211	07		Yongo		LOCALITY	13.43333	14.85	
L	2424212	07		Yongo		LOCALITY	13.4	14.88333	
L	2424213	19		Yong		LOCALITY	9.37543	17.41872	
L	2424214	19		Yomi		LOCALITY	8.5705	17.27383	
L	2424217	15		Yolla		LOCALITY	10.3866	17.053	
L	2424225	06		Yogoudi		LOCALITY	13.75048	15.90201	
L	2424227	14		Yaogou		LOCALITY	9.4429	16.99	
L	2424228	06		Yogoro		LOCALITY	14.23228	14.40995	
L	2424233	17		Yodouri		LOCALITY	9.69913	17.85252	
L	2424235	26		Yodohi		LOCALITY	21.33333	17.01667	
L	2424238	07		Yoboloy		LOCALITY	13.86667	14.41667	
L	2424240	15		Ylla		LOCALITY	11.08333	16.7	
L	2424241	06		Yla		LOCALITY	14.03626	15.16808	
L	2424242	06		Yké		LOCALITY	14.09072	15.20081	
L	2424262	07		Yeri		LOCALITY	13.66138	15.28132	
L	2424264	26		Yèntar		LOCALITY	21.16667	17.43333	
L	2424266	14		Yemdigué		LOCALITY	9.7972	16.85	
L	2424267	16		Yélga		LOCALITY	9.89454	15.08372	
L	2424272	22		Yékenkili		LOCALITY	13.3151	16.3707	
L	2424274	09		Yéï		LOCALITY	8.7825	17.0169	
L	2424277	22		Yégamounda		LOCALITY	13.176	16.1735	
L	2424296	17		Yébé		LOCALITY	8.67903	18.08869	
L	2424297	26		Yebbi-Souma		LOCALITY	21.1058	17.95707	
L	2424299	23		Yebbi-Bou		LOCALITY	20.93086	18.09478	
L	2424305	18		Yawari Karoua		LOCALITY	13.07476	15.73644	
L	2424307	16		Djarouaye		LOCALITY	10.04051	15.63785	
L	2424308	07		Yaroua		LOCALITY	13.59611	15.39967	
L	2424309	18		Yaroua		LOCALITY	13.08144	15.63609	
L	2424311	09		Yamodo		LOCALITY	7.8586	17.11221	
L	2424312	07		Yari		LOCALITY	13.70456	15.10502	
L	2424314	22		Yaraouay		LOCALITY	14.02504	15.63002	
L	2424316	01		Yaoyaoa		LOCALITY	13.108	17.6225	
L	2424319	06		Yaouri		LOCALITY	13.84991	15.43624	
L	2424324	01		Yao		LOCALITY	12.8488	17.55656	7639
L	2424325	20		Yanli		LOCALITY	9.8	14.18333	
L	2424330	15		Yanga		LOCALITY	11.4028	16.2037	
L	2424331	17		Yanga		LOCALITY	9.5954	19.2286	
L	2424332	17		Yanga		LOCALITY	9.2245	18.1912	
L	2424333	14		Yandégara		LOCALITY	9.38333	15.96667	
L	2424336	16		Yamtoka		LOCALITY	9.8944	15.5957	
L	2424340	20		Djamboutou		LOCALITY	9.9554	14.492	
L	2424341	20		Yamba Tchangsou		LOCALITY	9.18372	15.18618	
L	2424342	20		Yamba Maloum		LOCALITY	9.20056	15.13686	
L	2424343	16		Iambal		LOCALITY	11.09765	15.24888	
L	2424346	09		Yalo		LOCALITY	7.76507	16.05236	
L	2424347	09		Yalnasse		LOCALITY	7.8	15.8	
L	2424348	07		Yali Yolem		LOCALITY	13.65	14.93333	
L	2424349	07		Yalita		LOCALITY	13.59955	15.34033	
L	2424351	17		Yaliko		LOCALITY	9.6618	19.0488	
L	2424356	07		Yakoua		LOCALITY	13.41903	14.74504	
L	2424362	26		Wour		LOCALITY	21.35	15.95	
L	2424365	09		Woumé		LOCALITY	7.7785	15.746	
L	2424370	06		Won		LOCALITY	13.5102	15.5518	
L	2424371	18		Wolirom		LOCALITY	13.12135	15.63552	
L	2424373	17		Wok		LOCALITY	9.88493	17.73913	
L	2424374	18		Wilio		LOCALITY	12.26048	14.94854	
L	2424376	18		Weld am Awa		LOCALITY	12.99894	15.33959	
L	2424377	01		Weïdala		LOCALITY	12.9597	19.5855	
L	2424390	06		Wandala Karoua		LOCALITY	13.25764	15.61494	
L	2424391	18		Wandala		LOCALITY	13.37413	15.38455	
L	2424392	22		Wanagal		LOCALITY	13.92928	15.86267	
L	2424394	19		Wambégué		LOCALITY	9.31515	17.44017	
L	2424395	19		Wambé		LOCALITY	9.42993	17.33012	
L	2424398	06		Wal Wal		LOCALITY	14.36836	14.09421	
L	2424407	19		Waifong		LOCALITY	9.38452	17.35801	
L	2424408	19		Waïdouaye		LOCALITY	9.40413	17.33602	
L	2424409	01		Wagna		LOCALITY	12.90959	17.31468	
L	2424410	01		Wagala		LOCALITY	12.88019	17.69091	
L	2424411	19		Wagal		LOCALITY	9.32713	17.34003	
L	2424412	19		Wagal		LOCALITY	9.31073	17.32082	
L	2424413	22		Wagagourou		LOCALITY	13.93985	15.9015	
L	2424416	06		Waga		LOCALITY	13.6002	15.73503	
L	2424417	20		Ouafango		LOCALITY	9.9381	14.4195	
L	2424418	06		Wadrati Soutoa		LOCALITY	13.48732	15.75898	
L	2424422	20		Vrigoïa		LOCALITY	9.1775	14.6645	
L	2424424	15		Voulmous		LOCALITY	11.50413	15.13177	
L	2424426	20		Vouli		LOCALITY	9.3183	14.4002	
L	2424427	20		Vorilao		LOCALITY	9.2683	14.7591	
L	2424430	19		Village Mayo		LOCALITY	7.93333	17.23333	
L	2424431	16		Vili		LOCALITY	9.6	15.7143	
L	2424432	16		Verdé		LOCALITY	9.8692	14.8275	
L	2424434	16		Vabolo		LOCALITY	10.23259	15.70478	
L	2424440	01		Tsikaï		LOCALITY	12.96711	18.92733	
L	2424441	14		Tsia		LOCALITY	9.2347	16.4446	
L	2424442	15		Tsamairès		LOCALITY	10.94368	15.73519	
L	2424443	15		Tsakaméder		LOCALITY	10.8983	16.2036	
L	2424447	06		Troufa		LOCALITY	14.35424	15.27101	
L	2424458	20		Tréné		LOCALITY	9.6777	14.3371	
L	2424462	20		Travo		LOCALITY	8.885	14.9596	
L	2424464	05		Towélé		LOCALITY	11.3028	17.8714	
L	2424466	06		Touvou		LOCALITY	14.34596	15.24465	
L	2424467	07		Touy		LOCALITY	13.58333	14.85	
L	2424470	07		Toutou		LOCALITY	13.51667	14.83333	
L	2424472	14		Toutchiré		LOCALITY	9.1247	16.1649	
L	2424477	17		Tousa		LOCALITY	9.92511	19.01669	
L	2424478	06		Touroya		LOCALITY	13.43048	15.55654	
L	2424479	17		Touroundou		LOCALITY	8.637	18.5542	
L	2424480	14		Tourouma		LOCALITY	9.1688	16.0051	
L	2424482	15		Tour		LOCALITY	10.71115	16.64941	
L	2424483	07		Tourorom		LOCALITY	13.65	14.63333	
L	2424484	15		Tourne		LOCALITY	11.96596	15.582	
L	2424485	07		Tourma		LOCALITY	13.45	14.66667	
L	2424492	16		Touria		LOCALITY	9.85257	15.18003	
L	2424501	22		Tourba		LOCALITY	13.18333	16.63333	
L	2424502	18		Tourba		LOCALITY	12.86579	15.28289	
L	2424503	19		Toura II		LOCALITY	8.86735	17.34057	
L	2424504	19		Toura I		LOCALITY	8.71425	17.25707	
L	2424505	16		Toura		LOCALITY	10.5	15.31667	
L	2424506	08		Toura		LOCALITY	8.75896	16.05862	
L	2424507	09		Toura		LOCALITY	8.3278	16.95482	
L	2424508	09		Toura		LOCALITY	8.02949	16.24263	
L	2424509	06		Tououmbé		LOCALITY	13.80058	15.39114	
L	2424511	18		Touori		LOCALITY	13.12375	15.70822	
L	2424512	18		Touori		LOCALITY	13.11037	15.85267	
L	2424515	05		Tounkoul		LOCALITY	11.9131	18.6133	
L	2424521	15		Toumsa		LOCALITY	11.1226	15.77389	
L	2424525	07		Toumo		LOCALITY	13.41667	14.98333	
L	2424526	05		Toumka		LOCALITY	12.08461	18.17013	
L	2424527	14		Toumgou		LOCALITY	9.6343	16.6246	
L	2424529	07		Toumboula		LOCALITY	13.36667	14.36667	
L	2424531	07		Toumboroboli		LOCALITY	13.49642	15.34754	
L	2424532	09		Toumbao		LOCALITY	7.6619	15.9166	
L	2424533	22		Toulousanga		LOCALITY	13.3191	16.2629	
L	2424534	18		Touloula		LOCALITY	13.23936	15.47884	
L	2424536	01		Toulo		LOCALITY	13.082	18.5606	
L	2424537	16		Toulo		LOCALITY	11.00725	15.26278	
L	2424539	16		Toulé		LOCALITY	10.83333	15.55	
L	2424540	08		Toul-Biétar		LOCALITY	8.77903	16.06147	
L	2424541	16		Toulao II		LOCALITY	9.7287	14.8892	
L	2424542	16		Toulao I		LOCALITY	9.7363	14.8751	
L	2424543	17		Toulala		LOCALITY	9.53703	17.69472	
L	2424544	06		Toula		LOCALITY	13.76409	15.36156	
L	2424545	16		Toul		LOCALITY	10.91772	15.22076	
L	2424546	05		Toukourou		LOCALITY	10.6417	17.4695	
L	2424547	18		Toukouri		LOCALITY	13.20771	15.69803	
L	2424548	15		Toukra		DISTRICT	12.03014	15.12027	
L	2424553	06		Toukouli		LOCALITY	13.98373	15.50134	
L	2424555	20		Toukoubi		LOCALITY	9.8171	14.4066	
L	2424556	14		Toukédéré		LOCALITY	9.2897	16.7205	
L	2424558	05		Toukdia		LOCALITY	11.4177	18.1451	
L	2424559	01		Touka		LOCALITY	13.0374	18.595	
L	2424560	01		Touka		LOCALITY	12.42816	17.45802	
L	2424561	18		Touka		LOCALITY	12.09304	17.42257	
L	2424562	15		Touka		LOCALITY	10.5979	16.7146	
L	2424567	14		Touguessa		LOCALITY	9.3693	16.1247	
L	2424572	06		Tougouno		LOCALITY	14.41976	14.19455	
L	2424585	16		Toufoura		LOCALITY	10.48913	15.31446	
L	2424594	14		Touba		LOCALITY	9.4542	16.0925	
L	2424595	20		Touaya		LOCALITY	9.3622	14.6841	
L	2424597	20		Touaré		LOCALITY	9.3485	14.6442	
L	2424598	20		Twanon		LOCALITY	9.00518	15.04485	
L	2424600	18		Toual	طوال	LOCALITY	11.94551	17.18574	
L	2424601	18		Toual		LOCALITY	11.9411	17.1323	
L	2424602	18		Toual		LOCALITY	11.91809	17.17178	
L	2424605	14		Tchoa		LOCALITY	9.3197	16.0749	
L	2424607	22		Totordé		LOCALITY	13.192	16.3165	
L	2424610	14		Totchéré		LOCALITY	9.23333	16.4	
L	2424612	06		Tosou		LOCALITY	14.04768	15.29062	
L	2424613	06		Tosou		LOCALITY	14.02202	15.53535	
L	2424614	06		Tosi		LOCALITY	14.03142	15.29465	
L	2424617	20		Torok		LOCALITY	9.65675	15.00981	
L	2424622	18		Tororo		LOCALITY	12.58867	15.97284	
L	2424624	22		Tororo		LOCALITY	13.3753	16.7571	
L	2424625	22		Tororo		LOCALITY	13.3675	16.7242	
L	2424626	22		Tororo		LOCALITY	13.36833	15.96873	
L	2424627	15		Tororaya		LOCALITY	12.05832	15.77432	
L	2424629	18		Torora		LOCALITY	12.47933	15.41511	
L	2424637	01		Tornoy		LOCALITY	13.50508	18.80906	
L	2424638	17		Tor Moghal		LOCALITY	10.0335	19.4573	
L	2424642	06		Torfé		LOCALITY	14.23071	15.33686	
L	2424644	01		Tor Echchen		LOCALITY	13.11624	17.84877	
L	2424645	17		Tor Djiguel		LOCALITY	10.2183	19.4544	
L	2424652	16		Tonton		LOCALITY	9.8762	14.9841	
L	2424656	06		Tongourtcha		LOCALITY	14.22908	14.26328	
L	2424658	01		Tongali		LOCALITY	13.1299	18.5105	
L	2424659	01		Tongoli		LOCALITY	13.15	18.46667	
L	2424665	06		Tomot		LOCALITY	13.64242	15.59826	
L	2424666	07		Tomosi		LOCALITY	13.64915	15.33389	
L	2424668	26		Tommi		LOCALITY	21.56667	17.55	
L	2424669	15		Tom Morfain	طوم مورفين	LOCALITY	12.49644	14.94048	
L	2424671	14		Tomergue		LOCALITY	9.86667	16.33333	
L	2424672	14		Toumbou		LOCALITY	9.5591	16.7172	
L	2424677	15		Tomat		LOCALITY	11.72549	15.51867	
L	2424678	09		Tolobe		LOCALITY	8.16667	15.55	
L	2424679	19		Tolki		LOCALITY	9.36423	17.63462	
L	2424680	17		Tolkaba		LOCALITY	9.5993	18.6486	
L	2424681	08		Toli		LOCALITY	8.7489	15.816	
L	2424683	18		Tokse		LOCALITY	12.75829	14.97101	
L	2424684	15		Tokoye		LOCALITY	11.24735	15.23439	
L	2424686	05		Tokoré		LOCALITY	12.0427	19.0067	
L	2424689	05		Tokodi		LOCALITY	11.5866	18.105	
L	2424690	19		Toki		LOCALITY	9.24622	17.23312	
L	2424691	06		Toké		LOCALITY	13.64783	15.55612	
L	2424692	09		Tokabér		LOCALITY	8.22799	15.98412	
L	2424696	14		Toguior Ngolo		LOCALITY	9.46862	16.11835	
L	2424697	14		Toguior Mbassa		LOCALITY	9.4559	16.0607	
L	2424699	06		Togoum		LOCALITY	14.17209	14.97528	
L	2424701	08		Togoro I		LOCALITY	8.8774	15.99717	
L	2424710	14		Tchéblé Mbassa		LOCALITY	9.3908	16.2563	
L	2424712	17		Toar		LOCALITY	9.87763	17.67193	
L	2424713	15		Toatang		LOCALITY	10.3181	16.2732	
L	2424718	16		Titriwin		LOCALITY	10.0375	16.0038	
L	2424719	15		Tilisi		LOCALITY	11.5699	16.5132	
L	2424720	07		Titimirom		LOCALITY	13.43333	14.58333	
L	2424725	20		Tissanré		LOCALITY	9.94778	14.5148	
L	2424729	15		Tirmi Bornou		LOCALITY	10.8447	16.7459	
L	2424730	15		Tirmi-Abouna		LOCALITY	10.85	16.75	
L	2424734	20		Tirian		LOCALITY	9.7122	14.3659	
L	2424744	07		Tipsi		LOCALITY	13.35	14.95	
L	2424746	07		Tiouro Souta		LOCALITY	13.56424	15.23476	
L	2424747	07		Tiouro II		LOCALITY	13.58606	15.22696	
L	2424748	07		Tiourodé		LOCALITY	13.54519	15.26281	
L	2424749	22		Tiouridégaso		LOCALITY	13.85787	15.96322	
L	2424751	06		Tiouloumari		LOCALITY	13.5687	15.71756	
L	2424756	05		Tiororou		LOCALITY	12.22599	19.03818	
L	2424757	23		Tioro		LOCALITY	20.53333	18.45	
L	2424761	07		Tiolo		LOCALITY	13.59584	15.25004	
L	2424762	13		Tiolé Sagher		LOCALITY	10.399	19.6198	
L	2424763	13		Tiolé Kabir		LOCALITY	10.4208	19.6422	
L	2424769	16		Tinla		LOCALITY	9.75	15.11667	
L	2424772	07		Tingériné		LOCALITY	13.43333	14.45	
L	2424779	16		Tinding		LOCALITY	9.7919	15.1268	
L	2424780	16		Tindiaye		LOCALITY	10.87067	15.36878	
L	2424782	05		Timo		LOCALITY	10.5537	18.9306	
L	2424784	13		Timnomak		LOCALITY	11.1785	19.8956	
L	2424792	01		Timbeski		LOCALITY	13.02391	18.37504	
L	2424794	09		Timbéri		LOCALITY	8.15018	16.52218	
L	2424796	05		Timan		LOCALITY	10.3115	18.5939	
L	2424798	17		Tim		LOCALITY	10.04006	18.04569	
L	2424799	08		Tilo I		LOCALITY	8.68126	16.19914	
L	2424800	08		Tilo II		LOCALITY	8.68311	16.20548	
L	2424801	15		Tilimi		LOCALITY	10.8	16.75	
L	2424803	05		Tilé Nougar		LOCALITY	10.1793	18.5704	
L	2424804	13		Tilégey		LOCALITY	12.3816	19.9838	
L	2424805	05		Tiléaé		LOCALITY	12.5855	19.2212	
L	2424806	06		Tildia		LOCALITY	14.20323	15.13242	
L	2424808	20		Tikéré		LOCALITY	9.6635	14.2869	
L	2424810	16		Tikem		LOCALITY	9.81367	15.05477	
L	2424814	17		Tiguili		LOCALITY	10.2205	18.1506	
L	2424817	15		Tinia		LOCALITY	11.58233	15.42463	
L	2424819	15		Téguil		LOCALITY	12.17555	15.6454	
L	2424820	17		Tiguidji		LOCALITY	10.1399	18.4843	
L	2424823	15		Tigué		LOCALITY	11.2728	16.4468	
L	2424824	06		Tifina		LOCALITY	14.20323	15.11243	
L	2424825	05		Tiffine		LOCALITY	10.8049	17.6181	
L	2424828	06		Tié Tou		LOCALITY	14.11142	15.70141	
L	2424834	17		Tiéou		LOCALITY	10.3299	19.5458	
L	2424835	17		Tieng		LOCALITY	9.80963	17.69813	
L	2424836	16		Tiéné		LOCALITY	9.55	15.28333	
L	2424840	06		Tié Isiri		LOCALITY	14.11828	15.76081	
L	2424847	26		Tiéboro		LOCALITY	21.33528	17.12444	
L	2424851	13		Tidi		LOCALITY	10.2369	19.6517	
L	2424852	15		Tideng		LOCALITY	10.7756	16.0414	
L	2424858	06		Tiatala		LOCALITY	14.45846	15.37395	
L	2424859	06		Tiarom		LOCALITY	14.30353	15.18898	
L	2424860	14		Tiarkagué		LOCALITY	9.7	16.35	
L	2424862	06		Tiara		LOCALITY	14.27393	15.19314	
L	2424863	18		Tiaouy		LOCALITY	12.25855	17.14432	
L	2424870	05		Tialo Zoudou		LOCALITY	12.15531	18.52273	
L	2424871	05		Tialo Ibéba		LOCALITY	12.01131	18.27063	
L	2424873	06		Tiala Tinimou		LOCALITY	14.33374	15.05484	
L	2424876	06		Tiala Géni		LOCALITY	14.32667	15.01788	
L	2424879	14		Tchakasseré		LOCALITY	9.31667	16.11667	
L	2424881	05		Tiafa		LOCALITY	11.09966	17.93936	
L	2424882	14		Tiadam		LOCALITY	9.3119	16.2823	
L	2424884	20		Tézoko		LOCALITY	9.6472	14.3988	
L	2424885	16		Teyna Boéna		LOCALITY	10.17919	15.66299	
L	2424887	20		Teubara		LOCALITY	9.7017	14.1169	
L	2424889	19		Tetindaya		LOCALITY	8.3564	17.7628	
L	2424892	18		Tersef		LOCALITY	12.91486	16.81969	
L	2424894	05		Termel		LOCALITY	12.21091	18.67713	
L	2424901	01		Terkama		LOCALITY	13.16667	18.43333	
L	2424902	01		Terkama		LOCALITY	12.54177	17.27286	
L	2424904	07		Téritrouné		LOCALITY	13.59265	15.26558	
L	2424905	22		Téritroné		LOCALITY	13.87304	15.82984	
L	2424908	05		Téri		LOCALITY	10.6809	17.4836	
L	2424909	01		Ter Goz		LOCALITY	12.18333	17.5	
L	2424911	15		Téreng		LOCALITY	10.78333	16.05	
L	2424916	18		Ter Baro		LOCALITY	12.8374	16.68725	
L	2424917	13		Ter		LOCALITY	11.19468	19.5036	
L	2424918	14		Ter		LOCALITY	9.2349	16.8838	
L	2424919	19		Téouolo		LOCALITY	9.00263	17.72133	
L	2424929	15		Tendia		LOCALITY	10.55	16.53333	
L	2424931	16		Tenaye		LOCALITY	10.92159	15.37124	
L	2424933	05		Temki		LOCALITY	11.48996	18.21651	
L	2424945	05		Telinougar		LOCALITY	10.21667	18.55	
L	2424949	06		Téléri		LOCALITY	14.3587	15.19798	
L	2424953	16		Télémé		LOCALITY	10.43324	15.31483	
L	2424954	06		Télélinga		LOCALITY	14.12141	15.49506	
L	2424960	05		Télek		LOCALITY	11.4665	18.3197	
L	2424968	06		Téléa		LOCALITY	13.51331	15.91015	
L	2424999	06		Téfidrousou		LOCALITY	14.21485	15.63727	
L	2425020	17		Téabla		LOCALITY	9.5056	18.0769	
L	2425025	01		Tchou Tchoui		LOCALITY	12.91771	18.13383	
L	2425027	15		Tchour Tchour		LOCALITY	11.12606	15.80699	
L	2425028	14		Tchourgou		LOCALITY	9.62553	17.27492	
L	2425029	20		Tchounda		LOCALITY	8.99089	14.99441	
L	2425031	18		Tchouloumari		LOCALITY	13.04297	15.67553	
L	2425033	06		Tchoulori		LOCALITY	13.6481	15.84716	
L	2425034	18		Tchoukoutoli		LOCALITY	13.19374	15.52748	
L	2425035	01		Tchoukounou		LOCALITY	13.06105	17.64236	
L	2425037	07		Tchoukouli		LOCALITY	13.41667	14.63333	
L	2425038	01		Tchoukouli		LOCALITY	13.26332	18.52856	
L	2425039	18		Tchoukoula		LOCALITY	12.40851	14.96993	
L	2425040	18		Tchoukoula		LOCALITY	12.3763	14.95624	
L	2425043	18		Tchoukou		LOCALITY	11.6975	17.2016	
L	2425044	01		Tchouki		LOCALITY	13.2235	18.1903	
L	2425049	05		Tchoué Bardé		LOCALITY	12.4544	19.5053	
L	2425050	05		Tchoué Galmébik		LOCALITY	12.4479	19.5053	
L	2425051	15		Tchoué		LOCALITY	11.4606	16.3131	
L	2425054	18		Tchoroya		LOCALITY	13.06785	15.71829	
L	2425055	06		Tchoroonga		LOCALITY	13.7413	15.80484	
L	2425056	22		Tchoromaado		LOCALITY	13.4588	16.4031	
L	2425057	01		Tchoroma		LOCALITY	12.67736	17.22085	
L	2425060	05		Tchoro		LOCALITY	12.12441	18.37243	
L	2425061	01		Tchorno		LOCALITY	13.1535	18.4704	
L	2425062	01		Tchorno		LOCALITY	13.1112	18.4498	
L	2425064	16		Tchor		LOCALITY	10.399	16.0434	
L	2425065	07		Tchongolé		LOCALITY	13.31667	14.85	
L	2425066	07		Tchongolé		LOCALITY	13.3	14.88333	
L	2425067	05		Tchongol		LOCALITY	11.9853	19.005	
L	2425071	06		Tchokouné Kouenerom		LOCALITY	13.31766	15.65465	
L	2425072	18		Tchokorey		LOCALITY	13.09519	15.50459	
L	2425074	18		Tchok		LOCALITY	12.05084	17.09274	
L	2425075	14		Tchok		LOCALITY	9.78963	17.15312	
L	2425076	05		Tchofio		LOCALITY	12.38906	18.60964	
L	2425077	15		Tchofel		LOCALITY	12.20895	15.16884	
L	2425085	06		Tchiri		LOCALITY	14.06394	15.27375	
L	2425086	14		Tchiré Wowora		LOCALITY	9.5513	15.8619	
L	2425087	14		Tchiré Seména		LOCALITY	9.5293	15.8521	
L	2425088	14		Tchiré Mousseï		LOCALITY	9.58333	15.85	
L	2425089	14		Tchiré Mouséï		LOCALITY	9.53693	15.86467	
L	2425090	14		Tchire Mandjojo		LOCALITY	9.5028	15.8843	
L	2425091	14		Tchiré Gogor		LOCALITY	9.47473	15.91521	
L	2425092	14		Tchire Andam		LOCALITY	9.51459	15.88783	
L	2425094	14		Tchiré		LOCALITY	9.4634	15.8917	
L	2425095	14		Tchiré		LOCALITY	9.297	15.9825	
L	2425096	14		Tchirak		LOCALITY	9.59893	17.07203	
L	2425097	15		Tchior		LOCALITY	10.5227	16.1684	
L	2425098	16		Tchingrin		LOCALITY	9.92644	14.95916	
L	2425099	07		Tchingam		LOCALITY	13.5	14.41667	
L	2425100	14		Tchinga		LOCALITY	9.32504	16.83029	
L	2425101	16		Tchinfoko		LOCALITY	10.36751	15.43573	
L	2425102	14		Tchindé		LOCALITY	9.1798	16.1631	
L	2425103	14		Tchindaye		LOCALITY	9.4732	16.2904	
L	2425104	20		Tchiming		LOCALITY	9.1059	14.7638	
L	2425107	15		Tchiltchele		LOCALITY	11.984	15.54655	
L	2425108	15		Tchilili Nguiribing		LOCALITY	10.7604	16.8031	
L	2425110	06		Tchili		LOCALITY	14.04617	15.23848	
L	2425111	06		Tchili		LOCALITY	14.02809	15.24859	
L	2425113	16		Tchikali		LOCALITY	10.4217	15.56319	
L	2425119	14		Tchigak		LOCALITY	9.66223	17.17902	
L	2425123	06		Tchidi I		LOCALITY	14.07476	15.30607	
L	2425124	06		Tchidi		LOCALITY	14.2408	15.15303	
L	2425125	07		Tchibourou		LOCALITY	13.33333	14.9	
L	2425126	15		Tchia		LOCALITY	10.7657	16.6488	
L	2425128	01		Tcheurno		LOCALITY	13.16667	18.4	
L	2425129	06		Tchété		LOCALITY	13.17676	15.84726	
L	2425130	14		Tchadjaragué		LOCALITY	9.8338	16.833	
L	2425139	08		Tchéré Kol		LOCALITY	8.98464	15.7989	
L	2425140	14		Tchéré		LOCALITY	9.3754	16.4074	
L	2425141	01		Tchéreïta		LOCALITY	12.96631	18.15783	
L	2425142	08		Tchéré Dondo		LOCALITY	8.98333	15.78333	
L	2425143	08		Tchérédjé		LOCALITY	9.00138	15.78912	
L	2425144	08		Tchéré Baouel		LOCALITY	8.907	15.7616	
L	2425145	08		Tchérébaouel		LOCALITY	9.01559	15.78373	
L	2425146	14		Tchéré Ayba		LOCALITY	9.414	16.7283	
L	2425147	01		Tchératchir		LOCALITY	12.72419	17.11534	
L	2425148	18		Tchératchir		LOCALITY	12.6924	17.09573	
L	2425150	14		Tchédoum		LOCALITY	9.23997	16.7112	
L	2425158	05		Tchékiné		LOCALITY	12.2716	19.17779	
L	2425159	01		Tchékéné		LOCALITY	13.0689	19.2909	
L	2425160	06		Tchékaganawa		LOCALITY	13.51826	15.87683	
L	2425163	14		Tchéblé Ngolo		LOCALITY	9.4175	16.2247	
L	2425164	16		Tchéblé		LOCALITY	9.79785	15.29791	
L	2425166	15		Tchawe		LOCALITY	11.96792	15.6475	
L	2425167	14		Tchatchouroum		LOCALITY	9.4254	16.8059	
L	2425168	14		Tchatchéré		LOCALITY	9.38333	16.68333	
L	2425170	15		Tchassa		LOCALITY	11.12527	15.98159	
L	2425172	14		Tcharguen		LOCALITY	9.61373	17.26513	
L	2425173	16		Tchardé		LOCALITY	10.13333	15.78333	
L	2425174	14		Tchapadjigué		LOCALITY	9.33081	16.04992	
L	2425176	08		Tchaouen		LOCALITY	9.1606	16.3415	
L	2425177	15		Tchaouay		LOCALITY	11.5955	16.061	
L	2425180	16		Tchanhana		LOCALITY	10.11667	15.53333	
L	2425181	14		Tchanar II		LOCALITY	9.102	16.1947	
L	2425182	14		Tchanar I		LOCALITY	9.0929	16.1806	
L	2425183	07		Tchalom		LOCALITY	13.41667	14.58333	
L	2425184	07		Tchalom		LOCALITY	13.4	14.6	
L	2425187	05		Tchakor		LOCALITY	12.01981	18.83153	
L	2425188	05		Tchakor		LOCALITY	12.00411	18.83253	
L	2425190	01		Tchakala		LOCALITY	13.19901	17.68498	
L	2425192	14		Tchaka		LOCALITY	9.15879	16.19788	
L	2425194	14		Tchaguin Golo		LOCALITY	10.04222	16.31917	
L	2425195	14		Tchagra		LOCALITY	9.24827	15.9739	
L	2425196	14		Tchagra		LOCALITY	9.23275	15.97742	
L	2425197	14		Tchagra		LOCALITY	9.188	15.6343	
L	2425198	01		Tchaga		LOCALITY	12.71343	17.68924	
L	2425199	15		Tchâ Arabe		LOCALITY	10.9171	16.7256	
L	2425200	05		Tayia		LOCALITY	11.93392	18.48943	
L	2425206	07		Tawa		LOCALITY	13.3	15	
L	2425208	06		Tatap		LOCALITY	13.42506	15.67091	
L	2425210	19		Tassa		LOCALITY	8.76576	17.98926	
L	2425211	05		Tasono		LOCALITY	12.8524	19.6436	
L	2425212	14		Tasmana		LOCALITY	9.3218	16.3923	
L	2425214	06		Tasi		LOCALITY	14.11354	15.02536	
L	2425220	05		Tarro		LOCALITY	12.12071	18.93463	
L	2425228	15		Tarkolé		LOCALITY	10.8446	16.6117	
L	2425230	01		Tarkama		LOCALITY	13.1429	18.4918	
L	2425235	16		Domo Taria		LOCALITY	9.46764	15.58335	
L	2425238	06		Tari		LOCALITY	14.37405	15.22796	
L	2425239	17		Tari		LOCALITY	10.0921	17.4739	
L	2425241	06		Targagala		LOCALITY	14.27272	15.18839	
L	2425242	06		Tarfoné		LOCALITY	14.14879	15.25515	
L	2425249	15		Tarboun		LOCALITY	11.23161	15.42547	
L	2425250	01		Tarbaga		LOCALITY	13.02407	17.61465	
L	2425251	16		Taraye		LOCALITY	10.45	15.68333	
L	2425254	17		Tarangara		LOCALITY	9.60816	18.328	
L	2425255	08		Tapol II		LOCALITY	8.48333	15.38333	
L	2425256	08		Tapol		LOCALITY	8.50614	15.60243	
L	2425257	09		Tapol		LOCALITY	7.9688	15.6824	
L	2425259	06		Tapi		LOCALITY	13.98228	15.32082	
L	2425262	19		Taougué		LOCALITY	9.27863	17.28533	
L	2425263	15		Taouan		LOCALITY	10.3951	16.46224	
L	2425264	15		Taouan		LOCALITY	10.62044	16.34503	
L	2425265	19		Taolo		LOCALITY	8.95801	17.72995	
L	2425266	17		Taolo		LOCALITY	8.7054	18.2458	
L	2425267	05		Taogé		LOCALITY	12.7409	19.5426	
L	2425269	07		Tao		LOCALITY	13.48333	14.88333	
L	2425270	07		Tao		LOCALITY	13.46667	14.9	
L	2425271	07		Tao		LOCALITY	13.43333	14.93333	
L	2425276	19		Tannejo		LOCALITY	8.28333	17.71667	
L	2425279	17		Tangaray		LOCALITY	9.0944	19.5868	
L	2425280	19		Tangara		LOCALITY	9.01757	17.43704	
L	2425284	17		Tangala		LOCALITY	10.3689	17.8876	
L	2425286	17		Tando		LOCALITY	9.1606	18.3327	
L	2425291	14		Tandjilé		LOCALITY	9.31667	16.1	
L	2425292	05		Tandjam		LOCALITY	12.10001	19.00003	
L	2425295	07		Tandal Bol		LOCALITY	13.48333	14.71667	
L	2425296	07		Tandal		LOCALITY	13.45	14.71667	
L	2425297	17		Manda		LOCALITY	9.2423	18.4196	
L	2425302	15		Tamsa		LOCALITY	11.70375	15.49841	
L	2425303	15		Tamsou		LOCALITY	10.8483	16.3598	
L	2425304	15		Tamkessa		LOCALITY	12.14874	15.17508	
L	2425305	15		Tamo		LOCALITY	12.14106	15.2126	
L	2425306	05		Tamki		LOCALITY	11.2759	18.0794	
L	2425308	14		Tamion Mbassa		LOCALITY	9.2287	16.2758	
L	2425309	14		Tamion Ngolo		LOCALITY	9.243	16.2899	
L	2425313	13		Tamba		LOCALITY	10.20798	19.63728	
L	2425314	14		Tamasa		LOCALITY	9.35632	15.86763	
L	2425315	13		Tamaram		LOCALITY	11.0958	19.382	
L	2425317	17		Tamandi		LOCALITY	9.42882	18.84807	
L	2425318	09		Tamann		LOCALITY	8.2464	15.8374	
L	2425319	05		Tamadayé		LOCALITY	12.1952	19.0359	
L	2425320	18		Tamaraya		LOCALITY	12.4333	15.41675	
L	2425321	18		Tamadaï		LOCALITY	12.91373	15.35362	
L	2425322	18		Tama		LOCALITY	12.92937	15.6522	
L	2425323	18		Tama		LOCALITY	12.93136	15.57009	
L	2425324	18		Tama		LOCALITY	12.85804	15.61207	
L	2425326	20		Tam		LOCALITY	9.68333	14.65	
L	2425328	05		Talmera		LOCALITY	11.75	18.5	
L	2425331	07		Tala Tchiloum		LOCALITY	13.56667	14.66667	
L	2425333	06		Talari		LOCALITY	13.98799	15.47401	
L	2425338	07		Tala		LOCALITY	13.57068	14.67104	
L	2425339	06		Tal		LOCALITY	14.02333	15.11909	
L	2425340	01		Taksiré		LOCALITY	13.5737	19.5781	
L	2425343	01		Takété		LOCALITY	12.78301	17.32885	
L	2425344	14		Takédéré		LOCALITY	9.43333	16.55	
L	2425345	09		Takapti		LOCALITY	8.3891	17.02612	
L	2425346	13		Takalaou		LOCALITY	10.1849	19.8182	
L	2425347	19		Takaba		LOCALITY	8.37021	17.57558	
L	2425352	16		Tahoua		LOCALITY	10.84613	15.34226	
L	2425354	20		Tagobo Moudang		LOCALITY	9.2279	14.4069	
L	2425355	20		Tagobo-Foulbé		LOCALITY	9.1974	14.3821	
L	2425359	16		Tagal II		LOCALITY	9.5759	15.2304	
L	2425360	16		Tagal I		LOCALITY	9.5661	15.2834	
L	2425361	05		Tagalé		LOCALITY	11.5925	18.7859	
L	2425362	07		Tagal		LOCALITY	13.55	14.88333	
L	2425363	16		Tagal		LOCALITY	9.6	15.26667	
L	2425364	18		Tagaga		LOCALITY	13.02532	15.4743	
L	2425365	18		Tagaga		LOCALITY	13.01009	15.45571	
L	2425366	18		Tagaga		LOCALITY	12.99106	15.47399	
L	2425368	16		Tafi		LOCALITY	9.89817	15.31184	
L	2425375	09		Tadamti		LOCALITY	8.27065	16.98253	
L	2425377	01		Tacho		LOCALITY	13.0506	18.6144	
L	2425379	18		Taboy		LOCALITY	12.34065	15.61817	
L	2425382	05		Tabo		LOCALITY	12.30641	18.90513	
L	2425383	16		Tabiyawa		LOCALITY	10.58333	15.2	
L	2425386	08		Tabila		LOCALITY	8.48199	15.94276	
L	2425392	16		Taharki		LOCALITY	11.14273	15.29564	
L	2425395	05		Tabak		LOCALITY	12.0061	19.0664	
L	2425396	01		Taba		LOCALITY	12.92579	17.653	
L	2425400	06		Taachi		LOCALITY	13.42823	15.61134	
L	2425406	16		Soulkando		LOCALITY	9.8247	14.7912	
L	2425411	07		Soya		LOCALITY	13.50614	15.3216	
L	2425413	06		Sowala		LOCALITY	13.37488	15.55284	
L	2425414	07		Souya Déley		LOCALITY	13.46667	14.98333	
L	2425418	06		Dordom Soutoa		LOCALITY	13.45835	15.56809	
L	2425419	22		Soutoa		LOCALITY	13.43503	15.93641	
L	2425429	01		Souritch		LOCALITY	13.19156	19.37169	
L	2425432	06		Sountra		LOCALITY	14.18939	15.26647	
L	2425439	01		Sountay		LOCALITY	13.7367	18.8824	
L	2425440	01		Sountay		LOCALITY	13.0362	18.2936	
L	2425443	18		Sounta		LOCALITY	12.48528	15.01252	
L	2425445	15		Sounoumani Bornou		LOCALITY	10.6933	16.7092	
L	2425450	14		Soumoul		LOCALITY	9.7145	16.079	
L	2425452	16		Soumaraye		LOCALITY	10.53647	15.33278	
L	2425453	01		Soumaïn		LOCALITY	13.17097	17.70756	
L	2425454	08		Soumaï		LOCALITY	9.1237	16.2834	
L	2425458	16		Souloum		LOCALITY	9.91667	15.48333	
L	2425459	01		Souloutou		LOCALITY	12.57329	17.45042	
L	2425460	09		Soulou		LOCALITY	7.52038	15.54428	
L	2425462	16		Gounou Soulok		LOCALITY	9.77438	15.36899	
L	2425463	16		Soulou		LOCALITY	10.86252	15.37409	
L	2425467	08		Souley I		LOCALITY	8.90905	15.57981	
L	2425468	14		Souléy		LOCALITY	9.13898	15.79739	
L	2425470	08		Souley II		LOCALITY	8.93101	15.53188	
L	2425471	07		Soula		LOCALITY	13.45036	15.00253	
L	2425472	18		Soula		LOCALITY	13.2986	15.38974	
L	2425475	17		Souka K.		LOCALITY	10.1383	19.3613	
L	2425476	01		Souka		LOCALITY	13.32485	19.97977	
L	2425477	17		Souka Sagher		LOCALITY	10.1288	19.3319	
L	2425489	01		Souéne		LOCALITY	12.96811	18.35863	
L	2425490	16		Souelek		LOCALITY	10.76695	15.09641	
L	2425492	18		Soudour-al-Khel		LOCALITY	12.78289	14.94681	
L	2425494	07		Soudoua		LOCALITY	13.66667	14.21667	
L	2425496	16		Soudio		LOCALITY	10.48513	15.72442	
L	2425498	19		Soudaye		LOCALITY	9.37484	17.47669	
L	2425501	14		Souan		LOCALITY	9.94633	17.02323	
L	2425507	16		Soto		LOCALITY	10.5763	16.1235	
L	2425508	15		Soto		LOCALITY	10.2741	16.1625	
L	2425514	15		Soro		LOCALITY	10.6523	16.8228	
L	2425515	19		Soro		LOCALITY	9.47803	17.32662	
L	2425516	19		Soro		LOCALITY	9.45903	17.32153	
L	2425517	16		Sormini		LOCALITY	10.65	15.35	
L	2425518	16		Sorkaye		LOCALITY	10.51857	15.70232	
L	2425519	20		Sorga		LOCALITY	9.37947	15.09625	
L	2425521	07		Sora		LOCALITY	13.7	14.91667	
L	2425522	07		Sora		LOCALITY	13.7	14.88333	
L	2425524	06		Sooum		LOCALITY	13.56765	15.54766	
L	2425525	06		Sooudanga		LOCALITY	13.72564	15.69996	
L	2425529	06		Soodanga		LOCALITY	13.43964	15.87404	
L	2425531	15		Sonoma		LOCALITY	11.588	16.019	
L	2425534	17		Soni		LOCALITY	8.72023	18.22479	
L	2425537	06		Sondarom		LOCALITY	13.2907	15.55273	
L	2425538	06		Sonda		LOCALITY	13.45229	15.53487	
L	2425539	18		Sonari		LOCALITY	13.09545	15.68709	
L	2425542	05		Somo		LOCALITY	11.76667	17.96667	
L	2425543	05		Somo		LOCALITY	11.7586	17.8823	
L	2425544	07		Somi		LOCALITY	13.48333	14.66667	
L	2425546	16		Somgué		LOCALITY	9.7191	14.974	
L	2425547	06		Sombori		LOCALITY	13.7863	15.43745	
L	2425548	05		Sombolo		LOCALITY	11.15381	18.23067	
L	2425550	08		Soloum		LOCALITY	8.85398	15.96599	
L	2425551	05		Sololi		LOCALITY	11.7505	18.5263	
L	2425552	09		Sologo		LOCALITY	7.86587	16.21461	
L	2425556	07		Sol		LOCALITY	13.41667	14.8	
L	2425558	20		Sokodjé		LOCALITY	9.9568	14.3204	
L	2425559	07		Sokoto		LOCALITY	13.58333	14.88333	
L	2425560	18		Sokoto		LOCALITY	12.81149	15.20768	
L	2425564	16		Sohoto		LOCALITY	10.52608	15.68524	
L	2425567	17		Sohongo		LOCALITY	8.69239	18.58397	
L	2425568	17		Soho Gotoko		LOCALITY	9.59517	18.60117	
L	2425574	06		Sogoli		LOCALITY	13.64585	15.65545	
L	2425583	06		Sofa		LOCALITY	13.63258	15.83559	
L	2425586	15		Sodo		LOCALITY	10.6236	17.1622	
L	2425587	20		Sodjé Mbay		LOCALITY	9.4034	14.9332	
L	2425588	20		Sodjé Kadaïba		LOCALITY	9.01684	14.91343	
L	2425589	20		Sodjé		LOCALITY	9.0751	14.6378	
L	2425590	08		Sodinga		LOCALITY	8.41667	15.81667	
L	2425595	05		Sobo		LOCALITY	10.71667	18.46667	
L	2425596	18		Sobai		LOCALITY	13.02384	15.35972	
L	2425601	16		Domo So		LOCALITY	9.54718	15.59749	
L	2425602	05		Siwilwil		LOCALITY	12.19835	18.3984	
L	2425603	16		Sita		LOCALITY	9.87044	15.5406	
L	2425605	07		Sitia		LOCALITY	13.85	14.11667	
L	2425607	05		Sisi		LOCALITY	10.5255	18.4207	
L	2425611	05		Sisi		LOCALITY	12.18091	18.90253	
L	2425612	06		Sirnanga Kéléri		LOCALITY	13.56679	15.47156	
L	2425613	19		Siri II		LOCALITY	8.54805	17.13015	
L	2425614	19		Siri I		LOCALITY	8.56138	17.14716	
L	2425615	13		Sirer		LOCALITY	11.114	19.7377	
L	2425616	13		Siref		LOCALITY	11.61285	19.78033	
L	2425625	05		Singué		LOCALITY	10.6883	18.3835	
L	2425626	17		Singatou		LOCALITY	9.8168	18.8899	
L	2425627	07		Singami		LOCALITY	13.56858	15.43362	
L	2425628	17		Singako		LOCALITY	9.84107	19.47313	
L	2425630	01		Sinétay		LOCALITY	13.25933	17.71905	
L	2425631	16		Sindjorio		LOCALITY	10.67788	15.34892	
L	2425632	09		Sindalolo		LOCALITY	8.3972	16.79585	
L	2425634	09		Sibangra		LOCALITY	8.08808	16.30775	
L	2425635	20		Sinayou		LOCALITY	9.1637	14.4849	
L	2425638	17		Simé Gotobé		LOCALITY	9.62058	18.55564	
L	2425640	05		Simbiro		LOCALITY	11.8922	18.5608	
L	2425641	19		Simaï		LOCALITY	8.70498	17.80987	
L	2425643	17		Silo		LOCALITY	9.92783	17.61563	
L	2425645	01		Siléa		LOCALITY	12.939	19.3986	
L	2425649	05		Sila		LOCALITY	11.385	18.1057	
L	2425652	05		Sihouri		LOCALITY	11.787	18.5981	
L	2425653	13		Siho		LOCALITY	10.196	19.7027	
L	2425654	15		Sihédji		LOCALITY	12.09076	15.68234	
L	2425655	16		Sigui		LOCALITY	10.06639	15.58637	
L	2425656	01		Sigou		LOCALITY	12.97871	18.88683	
L	2425657	01		Sigo		LOCALITY	13	18.83333	
L	2425659	01		Signirti		LOCALITY	12.95041	18.47943	
L	2425660	19		Sigli		LOCALITY	8.56667	17.15	
L	2425661	15		Siguet		LOCALITY	11.78493	15.22043	
L	2425664	15		Siébé		LOCALITY	12.11407	15.858	
L	2425666	15		Sidré		LOCALITY	12.07711	15.69441	
L	2425667	18		Sidré		LOCALITY	11.8293	16.9461	
L	2425668	01		Sid Mafi		LOCALITY	12.63366	17.20457	
L	2425669	06		Sidi Malari		LOCALITY	13.8535	15.45236	
L	2425670	15		Sidiha		LOCALITY	10.7	16.41667	
L	2425674	16		Sidamada		LOCALITY	10.73648	15.11159	
L	2425675	17		Sibo		LOCALITY	9.59267	19.05092	
L	2425676	16		Sibiou		LOCALITY	9.78333	15.26667	
L	2425683	09		Siagon		LOCALITY	7.85139	16.99122	
L	2425688	26		Sherda		LOCALITY	20.1	16.68333	
L	2425691	07		Seyrom		LOCALITY	13.43333	14.7	
L	2425693	09		Séri		LOCALITY	8.41145	17.05457	
L	2425695	18		Sétan		LOCALITY	11.7835	17.1115	
L	2425696	05		Cese		LOCALITY	11.3198	17.6713	
L	2425699	18		Serkoya		LOCALITY	12.51086	15.0864	
L	2425702	06		Serifinga		LOCALITY	13.82065	15.40314	
L	2425704	18		Sérére		LOCALITY	13.04735	15.2789	
L	2425706	14		Serem Ogodo		LOCALITY	9.06031	15.82385	
L	2425707	14		Serem Ogodo		LOCALITY	9.07463	15.79943	
L	2425708	14		Serem Kali		LOCALITY	9.06648	15.79656	
L	2425710	18		Séré Am Barkout		LOCALITY	12.54693	15.22853	
L	2425713	16		Séré		LOCALITY	9.92861	15.02317	
L	2425714	26		Serdégé		LOCALITY	21.33333	17.01667	
L	2425716	19		Sérane		LOCALITY	9.57073	17.32503	
L	2425717	13		Séraf		LOCALITY	11.5039	19.2627	
L	2425718	13		Séra		LOCALITY	10.1372	19.6753	
L	2425725	15		Sénéta		LOCALITY	12.28758	15.90942	
L	2425726	06		Sénet		LOCALITY	13.74928	15.61354	
L	2425728	18		Sénéboya		LOCALITY	12.51338	15.92053	
L	2425732	14		Séméguin		LOCALITY	10.0093	16.3367	
L	2425734	14		Semaïndi		LOCALITY	9.3431	16.7733	
L	2425736	26		Seley		LOCALITY	21.33333	17.05	
L	2425742	16		Selbé		LOCALITY	10.7358	15.41281	
L	2425743	19		Silambim		LOCALITY	8.41875	17.78749	
L	2425745	16		Sékoua		LOCALITY	10.78388	15.79531	
L	2425746	18		Sékiri		LOCALITY	12.97878	15.68029	
L	2425754	05		Séké		LOCALITY	10.51059	18.86064	
L	2425755	15		Seïté		LOCALITY	11.3644	16.5178	
L	2425756	01		Seita Tarsourou		LOCALITY	12.93863	17.85725	
L	2425757	01		Seita Danranga		LOCALITY	12.91	17.87085	
L	2425758	01		Seita Dankoutch		LOCALITY	12.98091	17.89409	
L	2425759	09		Sé II		LOCALITY	8.0821	15.7709	
L	2425760	18		Seidjanjaïti		LOCALITY	12.86648	16.54437	
L	2425761	09		Sé I		LOCALITY	8.05012	15.71943	
L	2425762	18		Séhébaya		LOCALITY	12.63998	17.02295	
L	2425763	21		Séhébay		LOCALITY	12.11667	14.95	
L	2425764	01		Séhéba		LOCALITY	13.2768	19.3009	
L	2425766	05		Séguine		LOCALITY	11.9118	18.2222	
L	2425767	05		Ségué		LOCALITY	10.5	18.83333	
L	2425769	06		Ségéri		LOCALITY	13.70051	15.49823	
L	2425772	18		Seezaraf		LOCALITY	12.59693	16.76108	
L	2425773	06		Sédigi		LOCALITY	14.34065	14.28143	
L	2425775	19		Sébé		LOCALITY	8.89663	17.73428	
L	2425776	17		Sébé		LOCALITY	8.58369	18.10807	
L	2425777	15		Seaba		LOCALITY	10.5705	17.1711	
L	2425780	07		Sawa		LOCALITY	13.46667	14.76667	
L	2425783	06		Sasa		LOCALITY	13.95331	15.49723	
L	2425784	01		Sartoa		LOCALITY	12.93838	17.63766	
L	2425785	05		Sarpaguidad		LOCALITY	11.9657	18.3656	
L	2425786	08		Sarkou		LOCALITY	9.0703	16.3043	
L	2425787	15		Sar Kedfa		LOCALITY	11.28559	15.26249	
L	2425788	01		Saria		LOCALITY	12.79396	18.01178	
L	2425789	01		Chari		LOCALITY	12.5381	17.33588	
L	2425790	15		Sari		LOCALITY	12.26519	15.44254	
L	2425791	17		Sarh	صارح	CITY	9.14555	18.38331	138928
L	2425792	16		Sargaye		LOCALITY	10.51667	15.7	
L	2425793	09		Sareciville		LOCALITY	7.7975	15.78379	
L	2425795	06		Sananga		LOCALITY	13.73133	15.75604	
L	2425797	05		Sara Kinga		LOCALITY	12.08731	18.09893	
L	2425798	09		Sara Karèr		LOCALITY	8.1745	15.5427	
L	2425799	09		Sara I		LOCALITY	8.1668	15.605	
L	2425800	01		Saray		LOCALITY	13.9217	19.6977	
L	2425802	05		Saraf Doungous		LOCALITY	12.5465	19.7063	
L	2425803	05		Saraf Allaï		LOCALITY	12.5266	19.7022	
L	2425804	05		Saraf Abouzba		LOCALITY	12.3879	19.5465	
L	2425806	18		Sarafa		LOCALITY	12.39785	15.59026	
L	2425808	01		Saraf		LOCALITY	13.1091	18.9621	
L	2425809	05		Saraf		LOCALITY	12.5449	19.6944	
L	2425811	19		Saraboutou		LOCALITY	9.27362	17.41723	
L	2425812	17		Sarabara		LOCALITY	10.0494	18.4864	
L	2425813	05		Sara Arab		LOCALITY	12.10081	18.10243	
L	2425814	09		Sara I		LOCALITY	8.1507	15.6219	
L	2425816	08		Sar		LOCALITY	9.0942	16.2712	
L	2425817	15		Sapkra		LOCALITY	12.18791	15.39746	
L	2425819	05		Saour Galbak		LOCALITY	12.41561	18.95103	
L	2425829	18		Saouak Abrech		LOCALITY	12.46367	16.01208	
L	2425830	05		Saoua		LOCALITY	12.08221	18.80053	
L	2425832	16		Sahoura		LOCALITY	9.8221	15.5371	
L	2425835	09		Sao		LOCALITY	7.9222	16.0097	
L	2425836	09		Sao		LOCALITY	7.8996	16.0192	
L	2425837	19		Santénia II		LOCALITY	8.16816	17.56696	
L	2425838	19		Santénia I		LOCALITY	8.1809	17.5933	
L	2425839	17		Sanodjou		LOCALITY	8.63438	18.54717	
L	2425840	19		Sanodjio		LOCALITY	8.2736	17.7157	
L	2425841	14		Sangui		LOCALITY	9.8367	16.4885	
L	2425842	17		Sanguélé		LOCALITY	9.28755	17.96502	
L	2425843	19		Sangoulou		LOCALITY	8.25845	17.70693	
L	2425844	18		Sangaria		LOCALITY	12.893	14.63202	
L	2425845	19		Sangara		LOCALITY	8.4091	17.51954	
L	2425846	22		Sanganidjoum		LOCALITY	13.1852	16.3862	
L	2425849	19		Sandéné II		LOCALITY	8.6435	17.7171	
L	2425850	19		Sandéné I		LOCALITY	8.65584	17.71082	
L	2425851	19		Sandéné		LOCALITY	8.4055	17.6023	
L	2425852	19		Satémé		LOCALITY	8.3407	17.96686	
L	2425853	17		Sandana		LOCALITY	8.7369	18.7753	
L	2425858	22		Sananga		LOCALITY	13.3756	16.4553	
L	2425859	19		Sanana		LOCALITY	8.21667	17.46667	
L	2425865	09		Sama		LOCALITY	9.0477	16.5887	
L	2425867	15		Samidjida		LOCALITY	11.06065	15.51751	
L	2425868	14		Sania		LOCALITY	9.1675	16.1733	
L	2425870	07		Samélé		LOCALITY	13.75	14.2	
L	2425872	19		Sanassa		LOCALITY	8.1588	17.4375	
L	2425873	14		Samango		LOCALITY	9.2	16.5	
L	2425878	17		Sali		LOCALITY	9.97806	18.83413	
L	2425879	18		Salga		LOCALITY	12.7874	14.90113	
L	2425880	18		Salga		LOCALITY	12.6486	15.00223	
L	2425887	16		Salé		LOCALITY	10.18333	15.53333	
L	2425888	15		Salassef		LOCALITY	11.20003	15.90583	
L	2425890	20		Salamata		LOCALITY	8.7471	15.15784	
L	2425895	01		Salama Dangaré		LOCALITY	13.10863	17.65728	
L	2425898	22		Salal Sigoudi		LOCALITY	13.216	16.304	
L	2425899	22		Salal Kangara		LOCALITY	13.2433	16.2398	
L	2425906	22		Salal		LOCALITY	14.8439	17.2254	7139
L	2425907	15		Salakre		LOCALITY	11.04176	15.73727	
L	2425909	22		Salaga Bo		LOCALITY	13.70755	17.16989	
L	2425911	15		Salabouga		LOCALITY	12.03543	15.30496	
L	2425912	17		Sakré Déleb		LOCALITY	9.92448	18.53561	
L	2425914	19		Sakoubou		LOCALITY	8.6464	17.80564	
L	2425916	17		Sako Maro		LOCALITY	8.4573	18.1882	
L	2425917	17		Sako Gongo		LOCALITY	8.8325	18.4562	
L	2425918	19		Sako		LOCALITY	9.0639	18.0386	
L	2425919	17		Sako		LOCALITY	8.83333	18.45	
L	2425920	17		Sako		LOCALITY	8.7819	18.6855	
L	2425921	19		Sako		LOCALITY	8.6862	17.8136	
L	2425923	18		Saker		LOCALITY	13.0194	16.8157	
L	2425925	01		Sanour		LOCALITY	13.14027	19.50817	
L	2425928	05		Tchéken		LOCALITY	11.1692	18.1384	
L	2425929	19		Sakala		LOCALITY	8.1574	17.7457	
L	2425930	16		Saka		LOCALITY	10.34714	15.36242	
L	2425932	18		Saisou		LOCALITY	13.32447	15.41553	
L	2425934	16		Saïman		LOCALITY	10.95	15.53333	
L	2425941	01		Sahabay		LOCALITY	13.22029	17.89945	
L	2425942	18		Sagour		LOCALITY	12.46578	14.88427	
L	2425943	21		Sagoa		LOCALITY	12.08378	15.13473	
L	2425945	18		Sagardari		LOCALITY	13.11644	15.69126	
L	2425947	17		Safoyo		LOCALITY	8.8628	18.1671	
L	2425955	14		Satégui		LOCALITY	9.5157	16.2496	
L	2425956	15		Sadao		LOCALITY	11.3847	16.6664	
L	2425958	19		Sadago		LOCALITY	8.2944	17.8836	
L	2425961	18		Sadaga		LOCALITY	11.9008	16.891	
L	2425962	06		Sada		LOCALITY	14.17973	14.48099	
L	2425964	20		Sabouganré		LOCALITY	9.93333	14.71667	
L	2425967	15		Sabilgarné		LOCALITY	10.7838	16.1106	
L	2425969	15		Sabarno		LOCALITY	12.15505	15.40199	
L	2425971	16		Saban		LOCALITY	10.61667	15.28333	
L	2425977	06		Royono		LOCALITY	14.28858	14.87384	
L	2425982	18		Roumta		LOCALITY	12.06186	17.28866	
L	2425983	05		Roumou		LOCALITY	12.46491	18.77933	
L	2425985	09		Roumga		LOCALITY	7.9953	16.6525	
L	2425987	07		Roumbou		LOCALITY	13.59143	15.10229	
L	2425989	22		Rouma		LOCALITY	13.131	16.1371	
L	2425990	05		Roukoum		LOCALITY	10.90015	18.10122	
L	2425993	17		Roukou		LOCALITY	9.663	19.2375	
L	2425995	16		Roufou		LOCALITY	10.83333	15.36667	
L	2425997	07		Roudo Ndiara		LOCALITY	13.67998	15.31312	
L	2425999	07		Roudo Katiari		LOCALITY	13.67863	15.32799	
L	2426000	07		Roudo		LOCALITY	13.68264	15.32088	
L	2426004	07		Roroy		LOCALITY	13.56413	15.32191	
L	2426005	07		Rororn		LOCALITY	13.61282	15.26648	
L	2426007	18		Ronyan		LOCALITY	12.56457	15.09428	
L	2426008	15		Ronian	رونيان	LOCALITY	11.91123	15.46432	
L	2426009	20		Rong		LOCALITY	9.5115	14.9721	
L	2426012	01		Romekho		LOCALITY	13.1936	18.1812	
L	2426014	06		Rombou		LOCALITY	14.09526	15.22294	
L	2426015	09		Rô Man		LOCALITY	9.0404	16.5286	
L	2426016	06		Rokoum		LOCALITY	14.14142	15.06737	
L	2426017	01		Rokéri		LOCALITY	13.0616	18.7409	
L	2426018	01		Rokeri		LOCALITY	12.83871	17.80818	
L	2426019	18		Rokap		LOCALITY	11.85879	17.10997	
L	2426020	09		Rô Doketi		LOCALITY	9.0213	16.554	
L	2426022	09		Robé		LOCALITY	7.92189	16.67383	
L	2426023	05		Roal Kélib		LOCALITY	12.3187	19.6598	
L	2426024	05		Roaba		LOCALITY	12.4443	19.3782	
L	2426025	17		Ro		LOCALITY	9.8414	19.1264	
L	2426026	09		Ro		LOCALITY	8.96667	16.6	
L	2426027	19		Rô		LOCALITY	8.81362	17.27474	
L	2426028	18		Rizé		LOCALITY	12.50199	14.98619	
L	2426029	15		Ritchié		LOCALITY	12.23432	15.54804	
L	2426033	05		Rim		LOCALITY	10.5762	18.3565	
L	2426036	17		Riguidjia		LOCALITY	8.6772	18.428	
L	2426037	06		Rig-Rig		LOCALITY	14.26471	14.35216	600
L	2426038	01		Rignégné		LOCALITY	13.03444	18.29343	
L	2426043	22		Ridjil Haz		LOCALITY	13.2488	16.0068	
L	2426046	20		Ribao		LOCALITY	9.7885	14.312	
L	2426047	07		Riandou		LOCALITY	13.66023	15.19786	
L	2426049	13		Ghichghich		LOCALITY	10.2867	19.7295	
L	2426050	01		Rhat el Khel		LOCALITY	13.23333	18.45	
L	2426051	13		Ghadjergui		LOCALITY	10.1986	19.8586	
L	2426054	16		Révé		LOCALITY	10.56667	15.21667	
L	2426055	05		Rétio		LOCALITY	11.8712	18.7641	
L	2426056	18		Retgi		LOCALITY	12.11056	17.01239	
L	2426057	07		Réria		LOCALITY	13.38333	14.8	
L	2426062	20		Rèng		LOCALITY	8.69388	15.16336	
L	2426067	22		Rémélé		LOCALITY	13.8277	16.2833	
L	2426069	01		Rékéré		LOCALITY	13.3391	19.488	
L	2426070	09		Rékassa		LOCALITY	8.28556	16.88679	
L	2426071	20		Reing		LOCALITY	8.61667	15.21667	
L	2426072	15		Réhèlalaban		LOCALITY	12.15373	15.77816	
L	2426074	01		Régé Doudoum		LOCALITY	13.41667	18.18333	
L	2426075	06		Régasa		LOCALITY	14.24001	14.30144	
L	2426076	18		Rédina		LOCALITY	12.29388	15.23704	
L	2426077	05		Ridina		LOCALITY	11.3153	18.1436	
L	2426078	18		Rédibé		LOCALITY	12.42826	15.92568	
L	2426080	01		Redèmat		LOCALITY	12.74861	18.31113	
L	2426081	01		Redelout		LOCALITY	12.91521	18.19253	
L	2426083	20		Reb Reb		LOCALITY	8.98	15.3254	
L	2426086	01		Rébé		LOCALITY	13.0759	18.4297	
L	2426087	01		Rébé		LOCALITY	13.108	18.6634	
L	2426089	06		Rayando		LOCALITY	14.0903	15.25585	
L	2426090	07		Raya		LOCALITY	13.61667	14.53333	
L	2426092	01		Raska		LOCALITY	12.97494	17.683	
L	2426095	18		Ras el Fil		LOCALITY	12.45	17.05	
L	2426096	15		Ras el Fîl		LOCALITY	12.15109	16.12856	
L	2426097	15		Ras el Fîl		LOCALITY	11.86455	15.90322	
L	2426099	01		Raouyané		LOCALITY	13.1097	18.3723	
L	2426100	01		Raouyané		LOCALITY	13.0978	18.3642	
L	2426101	09		Ramga		LOCALITY	7.83365	16.78668	
L	2426103	01		Ramo		LOCALITY	13.0725	19.4898	
L	2426104	01		Ramo		LOCALITY	12.91649	19.46861	
L	2426105	01		Rametch		LOCALITY	12.67008	17.177	
L	2426109	15		Raméla		LOCALITY	12.16539	15.65706	
L	2426113	15		Rakya		LOCALITY	10.61351	16.1924	
L	2426115	20		Reikou		LOCALITY	9.442	14.2448	
L	2426116	16		Raykadi		LOCALITY	10.65692	16.07659	
L	2426117	01		Rahat Salamat		LOCALITY	13.16022	17.41884	
L	2426118	18		Rahat el Bagar		LOCALITY	12.1662	17.09401	
L	2426119	15		Rahad el Labané		LOCALITY	12.29613	15.30038	
L	2426120	01		Ragna		LOCALITY	13.16522	17.6356	
L	2426121	05		Ragé		LOCALITY	12.3372	19.6258	
L	2426122	22		Ragay		LOCALITY	13.82111	15.69045	
L	2426124	13		Ragana		LOCALITY	11.4444	19.8737	
L	2426129	22		Raga		LOCALITY	13.83767	15.68952	
L	2426130	05		Rafout		LOCALITY	11.9364	18.8256	
L	2426131	07		Rafia Kafia		LOCALITY	13.53333	14.7	
L	2426132	15		Raf		LOCALITY	11.92491	15.27285	
L	2426142	17		Pra		LOCALITY	9.62753	17.9086	
L	2426143	20		Poyame		LOCALITY	9.6137	14.1021	
L	2426144	08		Poutoukouni		LOCALITY	8.81138	16.54548	
L	2426146	15		Pouro		LOCALITY	11.3334	16.5716	
L	2426147	09		Pouraon		LOCALITY	7.69898	16.04541	
L	2426148	09		Poura		LOCALITY	7.6457	15.74115	
L	2426150	19		Poum		LOCALITY	9.47292	17.22882	
L	2426152	20		Poukra		LOCALITY	9.2635	14.4665	
L	2426153	20		Poug		LOCALITY	9.4232	14.5565	
L	2426154	09		Pougaran		LOCALITY	7.6982	15.9939	
L	2426155	20		Poudoué		LOCALITY	9.5619	14.3272	
L	2426156	09		Poubal-Lam		LOCALITY	7.68333	16	
L	2426157	17		Potoum		LOCALITY	9.53773	17.77603	
L	2426158	17		Potoum		LOCALITY	9.51433	17.69663	
L	2426159	15		Potoroko		LOCALITY	10.4684	16.67803	
L	2426161	20		Potalé		LOCALITY	9.7423	14.0581	
L	2426162	08		Porom		LOCALITY	8.7339	15.38283	
L	2426163	14		Poumgou		LOCALITY	9.6712	16.7671	
L	2426165	15		Polomazi		LOCALITY	11.3575	15.15342	
L	2426166	09		Peleu		LOCALITY	8.06756	16.65581	
L	2426167	05		Pogom		LOCALITY	11.9827	18.6674	
L	2426168	16		Pitipiti		LOCALITY	9.684	15.1583	
L	2426169	14		Piti		LOCALITY	9.4214	16.1645	
L	2426170	09		Pipigne		LOCALITY	8.08333	15.66667	
L	2426171	16		Piling		LOCALITY	10.61007	15.54886	
L	2426173	14		Pian		LOCALITY	9.5087	16.4361	
L	2426177	16		Petit Tougoudé		LOCALITY	10.18399	15.47136	
L	2426178	20		Petit Salamata		LOCALITY	8.66667	15.15	
L	2426179	16		Petit Saïka		LOCALITY	9.7774	15.0878	
L	2426181	16		Petit Goulmoun		LOCALITY	9.85959	15.16725	
L	2426183	20		Petchongrong		LOCALITY	8.93333	14.75	
L	2426184	17		Périm		LOCALITY	9.69353	17.82532	
L	2426185	19		Paresara		LOCALITY	8.41545	17.39115	
L	2426188	05		Fandjalla		LOCALITY	11.1268	18.341	
L	2426189	19		Péni II		LOCALITY	8.7764	17.3113	
L	2426190	19		Péni		LOCALITY	8.79595	17.2929	
L	2426194	19		Pelko		LOCALITY	8.43166	17.79885	
L	2426196	05		Pégo		LOCALITY	11.9915	18.8078	
L	2426197	08		Pié		LOCALITY	8.96661	16.48858	
L	2426199	16		Palalao		LOCALITY	9.8636	15.2672	
L	2426200	15		Patala		LOCALITY	11.664	16.1342	
L	2426203	19		Paribi		LOCALITY	8.4009	17.4554	
L	2426204	14		Pari		LOCALITY	9.49778	17.00308	
L	2426205	17		Paré Sara II		LOCALITY	8.69793	18.58158	
L	2426206	19		Parékoyo		LOCALITY	8.7	17.83333	
L	2426207	19		Parékoyo		LOCALITY	8.42127	17.42009	
L	2426208	19		Paredoumga II		LOCALITY	8.4065	17.3997	
L	2426209	19		Paredoumga I		LOCALITY	8.39966	17.40124	
L	2426212	08		Papa		LOCALITY	9.04709	15.96956	
L	2426213	16		Paouna		LOCALITY	9.73333	15.25	
L	2426214	19		Paoua		LOCALITY	8.5707	17.3021	
L	2426215	09		Pao		LOCALITY	7.8568	15.6501	
L	2426216	05		Pani Dabéra		LOCALITY	11.9669	18.5282	
L	2426217	09		Pangara		LOCALITY	8.1	15.9	
L	2426218	09		Pandzangué II		LOCALITY	7.9899	15.877	
L	2426219	09		Pandzangué		LOCALITY	7.93929	15.78824	
L	2426223	09		Pann		LOCALITY	8.22891	15.90962	
L	2426224	14		Pam		LOCALITY	9.5485	16.4035	
L	2426225	19		Paloum		LOCALITY	9.37661	17.27058	
L	2426226	19		Paline		LOCALITY	9.38193	17.30183	
L	2426227	19		Palimossi II		LOCALITY	9.31712	17.42853	
L	2426228	19		Palimossi I		LOCALITY	9.30363	17.42503	
L	2426229	14		Palik		LOCALITY	9.64603	17.37773	
L	2426230	20		Pala Oua		LOCALITY	9.3522	14.9675	
L	2426233	15		Palamaèjé		LOCALITY	11.02132	15.82502	
L	2426235	08		Palakoundja		LOCALITY	8.6718	15.4773	
L	2426237	08		Palagourou		LOCALITY	8.5948	15.3326	
L	2426238	20		Palabanda		LOCALITY	8.91	14.9919	
L	2426239	16		Pala		LOCALITY	11.0318	15.3012	
L	2426240	20		Pala	بالا	CITY	9.3646	14.90725	70677
L	2426241	09		Pala		LOCALITY	7.9386	16.4827	
L	2426243	14		Pâkoulioum		LOCALITY	9.3259	16.1015	
L	2426244	14		Pakéré		LOCALITY	9.2991	15.8132	
L	2426245	09		Pakaï		LOCALITY	7.61667	15.63333	
L	2426247	16		Paikadi		LOCALITY	10.6845	16.1128	
L	2426248	14		Pagram		LOCALITY	9.59593	17.22972	
L	2426251	14		Padamaïnda		LOCALITY	9.62884	17.15087	
L	2426252	14		Pâ Bako		LOCALITY	9.2227	16.2646	
L	2426257	06		Oyoumbou		LOCALITY	14.13666	15.38747	
L	2426263	05		Oyo		LOCALITY	12.19401	18.73173	
L	2426264	06		Oyimbou		LOCALITY	13.69657	15.00143	
L	2426281	06		Outoukoulou		LOCALITY	14.05	15.20728	
L	2426282	06		Outoukalia		LOCALITY	14.07758	15.18515	
L	2426283	05		Outougou		LOCALITY	10.9679	17.9066	
L	2426286	20		Outia		LOCALITY	9.1923	14.3626	
L	2426289	14		Ouseng Teïna		LOCALITY	9.10777	15.83401	
L	2426290	06		Ouso		LOCALITY	13.94115	15.5604	
L	2426291	15		Ousmanari		LOCALITY	11.7879	15.27517	
L	2426293	06		Ouskay		LOCALITY	13.43525	15.84513	
L	2426296	14		Ourouni		LOCALITY	9.2624	16.5013	
L	2426297	15		Ourounangué		LOCALITY	11.0215	16.0749	
L	2426298	16		Ouroumbar		LOCALITY	9.86667	15.8	
L	2426300	05		Ouroumi		LOCALITY	11.429	18.3662	
L	2426301	16		Ouroul Oua		LOCALITY	10.92247	15.50266	
L	2426302	14		Ouroulou		LOCALITY	9.7568	16.6685	
L	2426303	18		Ouroulla		LOCALITY	12.51199	15.31327	
L	2426311	20		Ouro Mal Soulèy		LOCALITY	9.0973	14.4826	
L	2426313	15		Ournaye		LOCALITY	11.23372	15.3014	
L	2426314	16		Ourlargo		LOCALITY	9.7923	14.9925	
L	2426315	16		Oulargo		LOCALITY	9.7783	15.0153	
L	2426316	16		Ourkila		LOCALITY	10.68379	15.22201	
L	2426317	07		Ouriti		LOCALITY	13.5412	15.17706	
L	2426325	23		Ouri		LOCALITY	21.56667	19.21667	
L	2426327	20		Ourèy		LOCALITY	9.9027	14.2429	
L	2426328	01		Ourel		LOCALITY	13.3151	18.9749	
L	2426337	09		Oura		LOCALITY	8.05	16.25	
L	2426339	06		Ouoti		LOCALITY	13.86002	15.39886	
L	2426344	08		Ouolo		LOCALITY	8.9907	16.44581	
L	2426346	06		Ouoliri		LOCALITY	13.83037	15.43383	
L	2426350	16		Ouoko		LOCALITY	10.89116	15.66004	
L	2426351	26		Ouoïdi		LOCALITY	21.15	17.4	
L	2426352	26		Ouoïchi		LOCALITY	21.15	17.41667	
L	2426358	07		Ouni		LOCALITY	13.69783	15.3585	
L	2426362	07		Ounè		LOCALITY	13.58275	15.398	
L	2426363	07		Ouna		LOCALITY	13.43017	15.17817	
L	2426364	23		Oun		LOCALITY	21.63333	19.16667	
L	2426365	06		Oum Yalay		LOCALITY	13.92993	15.51719	
L	2426366	20		Oumri		LOCALITY	9.4555	14.772	
L	2426367	19		Oumour		LOCALITY	9.36043	17.33723	
L	2426370	01		Umm Hājar	أم هاجر	LOCALITY	13.2954	19.6966	37941
L	2426372	05		Oumérané		LOCALITY	12.16899	19.27739	
L	2426373	21		Oum Al Louma		LOCALITY	12.2102	15.01843	
L	2426374	17		Oumatili		LOCALITY	9.93333	17.97462	
L	2426375	18		Oumar		LOCALITY	12.37544	15.93301	
L	2426381	15		Oulzi		LOCALITY	11.61296	15.21424	
L	2426383	22		Ouloumanga Idjélidj		LOCALITY	13.4976	16.335	
L	2426385	05		Ouloum		LOCALITY	11.5154	18.6618	
L	2426386	07		Ouloul		LOCALITY	13.54856	15.33188	
L	2426387	20		Ouloukou		LOCALITY	9.1093	14.7765	
L	2426390	16		Oulou		LOCALITY	10.72631	15.16827	
L	2426392	20		Oulmadé		LOCALITY	8.8877	15.3466	
L	2426393	07		Oulidinga		LOCALITY	13.85	14.5	
L	2426394	09		Ouli Bangala I		LOCALITY	7.829	15.8279	
L	2426395	09		Ouli Bangala		LOCALITY	7.81125	15.83906	
L	2426396	15		Oulia		LOCALITY	11.20597	15.06828	
L	2426397	07		Ouli		LOCALITY	13.65	14.58333	
L	2426398	09		Ouli		LOCALITY	7.76667	15.73333	
L	2426399	05		Ouley		LOCALITY	10.5409	19.2084	
L	2426400	01		Ouled Salam		LOCALITY	13.3588	18.2636	
L	2426401	01		Ouled Isa		LOCALITY	13.2322	18.3568	
L	2426402	18		Ouled Béli		LOCALITY	12.09807	17.26609	
L	2426403	18		Ouled-an-Bega		LOCALITY	12.80675	14.99725	
L	2426404	06		Oulé		LOCALITY	14.42397	14.80259	
L	2426405	15		Ouldou		LOCALITY	11.65633	15.19821	
L	2426408	15		Oulamsaoua		LOCALITY	11.702	15.07336	
L	2426410	16		Oulam		LOCALITY	10.74136	15.38627	
L	2426411	16		Oulaï Loko		LOCALITY	10.53333	15.66667	
L	2426412	06		Oula		LOCALITY	14.46049	14.86188	
L	2426416	18		Ouka Atim		LOCALITY	12.42931	15.0606	
L	2426419	01		Wir Wir		LOCALITY	13.4641	19.993	
L	2426424	16		Ouhanina		LOCALITY	10.51506	15.92703	
L	2426429	15		Ougou		LOCALITY	10.6579	16.4481	
L	2426431	16		Oueyna		LOCALITY	10.13333	15.7	
L	2426434	15		Oueské		LOCALITY	11.3304	16.3226	
L	2426437	15		Ouénabdou		LOCALITY	10.88471	15.93692	
L	2426438	18		Oual Tèndjèn		LOCALITY	12.89025	15.03111	
L	2426439	15		Ouelmehemet		LOCALITY	12.08317	15.93658	
L	2426441	09		Ouéllé		LOCALITY	8.31573	16.65872	
L	2426442	05		Ouélia		LOCALITY	11.7144	17.8848	
L	2426443	18		Ouelgagé		LOCALITY	12.05727	17.41341	
L	2426445	05		Ouéleg		LOCALITY	11.7676	18.6063	
L	2426448	06		Oudrou		LOCALITY	14.38259	14.14569	
L	2426449	05		Oudoulti		LOCALITY	12.28242	18.94205	
L	2426454	06		Oudili		LOCALITY	14.09939	15.64294	
L	2426456	15		Oudia		LOCALITY	11.35075	15.24148	
L	2426464	05		Oubir		LOCALITY	11.9548	18.9109	
L	2426465	05		Oubi		LOCALITY	11.77721	18.54078	
L	2426466	15		Ouazkaga		LOCALITY	11.5781	15.24313	
L	2426468	16		Ouaye		LOCALITY	11.10086	15.20079	
L	2426470	07		Ouaya		LOCALITY	13.54066	15.10776	
L	2426471	06		Ouata		LOCALITY	13.7299	15.3945	
L	2426473	15		Ouasse		LOCALITY	11.89552	15.18173	
L	2426476	01		Wartanga		LOCALITY	13.6734	19.7965	
L	2426477	19		Ouarraï		LOCALITY	8.75	17.55	
L	2426480	17		Ouarouan		LOCALITY	9.24867	18.06367	
L	2426492	18		Ouara		LOCALITY	12.4278	15.85176	
L	2426494	05		Ouaoua		LOCALITY	12.05831	18.75963	
L	2426501	07		Ouango		LOCALITY	13.54613	15.43506	
L	2426502	18		Ouandalla		LOCALITY	12.98866	15.71678	
L	2426510	07		Ouan		LOCALITY	13.38333	14.98333	
L	2426511	07		Ouan		LOCALITY	13.36667	14.98333	
L	2426517	06		Ouama		LOCALITY	14.07973	14.39333	
L	2426519	01		Oualout Kiney		LOCALITY	13.2055	17.22203	
L	2426523	08		Ouolo		LOCALITY	8.5458	15.3181	
L	2426525	15		Oualibe		LOCALITY	11.5621	15.26117	
L	2426526	15		Oualia		LOCALITY	10.70357	16.80872	
L	2426531	16		Oualé Yasso		LOCALITY	10.66123	15.54243	
L	2426533	15		Oualdi		LOCALITY	11.4038	16.431	
L	2426534	16		Ouedda		LOCALITY	9.9759	15.2332	
L	2426535	22		Oualchagra		LOCALITY	13.2628	16.4824	
L	2426538	15		Oualassa		LOCALITY	11.10037	15.7855	
L	2426540	06		Ouala		LOCALITY	14.20353	15.01425	
L	2426541	05		Ouala		LOCALITY	11.8383	18.1708	
L	2426542	16		Ouala		LOCALITY	10.86629	15.10191	
L	2426544	06		Oual		LOCALITY	13.70395	15.40561	
L	2426545	07		Ouakali		LOCALITY	13.64384	15.13297	
L	2426546	17		Ouaïmé		LOCALITY	9.68143	17.82803	
L	2426549	07		Ouaïdougoula		LOCALITY	13.57609	14.9761	
L	2426550	06		Ouaïbéla		LOCALITY	13.81667	14.98333	
L	2426553	16		Ouahi		LOCALITY	11.07056	15.24953	
L	2426555	20		Ouagoué		LOCALITY	9.1787	14.6856	
L	2426559	06		Ouagam		LOCALITY	14.35648	14.69284	
L	2426561	05		Ouaga		LOCALITY	12.6044	19.8463	
L	2426564	06		Ouadjigi		LOCALITY	14.3207	15.39879	
L	2426565	22		Ouadiounga		LOCALITY	13.4331	16.2839	
L	2426566	17		Ouadili		LOCALITY	9.3122	18.1796	
L	2426568	06		Ouadifil		LOCALITY	13.74191	15.48476	
L	2426577	16		Ouadang		LOCALITY	10.66491	15.1459	
L	2426578	16		Ouadam		LOCALITY	10.71137	15.24674	
L	2426588	17		Oua		LOCALITY	9.3346	18.9837	
L	2426595	01		Ot Kami		LOCALITY	13.09349	18.28478	
L	2426596	26		Ossouni		LOCALITY	21.28333	17.15	
L	2426600	01		Osoro		LOCALITY	13.07513	17.44877	
L	2426602	06		Oskey		LOCALITY	13.31645	15.69527	
L	2426606	14		Ouroungou		LOCALITY	9.6027	16.6292	
L	2426614	16		Orobogo		LOCALITY	10.3017	16.1028	
L	2426618	08		Oro		LOCALITY	8.61667	15.76667	
L	2426620	06		Oridé		LOCALITY	13.75052	15.41251	
L	2426622	15		Orgnon		LOCALITY	11.04028	15.68836	
L	2426623	07		Orémi		LOCALITY	13.8	14.11667	
L	2426625	26		Oré		LOCALITY	21.25	17.36667	
L	2426626	05		Oré		LOCALITY	11.0484	17.8775	
L	2426627	05		Oré		LOCALITY	10.7998	17.4908	
L	2426628	05		Oré		LOCALITY	10.7467	17.4813	
L	2426633	05		Orat		LOCALITY	11.967	18.9185	
L	2426642	15		Onoko		LOCALITY	10.91364	15.62816	
L	2426644	17		Onio		LOCALITY	9.61392	19.19074	
L	2426645	05		Onglé		LOCALITY	11.427	18.3509	
L	2426647	19		Ongtanian		LOCALITY	8.2967	17.7276	
L	2426650	26		Omou		LOCALITY	21.53333	18.05	
L	2426654	18		Omo		LOCALITY	12.20468	16.81903	
L	2426655	26		Omchi		LOCALITY	21.37278	17.90306	
L	2426660	06		Olomi Isaoulinga		LOCALITY	14.20372	14.53637	
L	2426665	06		Olomi		LOCALITY	14.03369	14.79488	
L	2426672	09		Olo		LOCALITY	7.99059	16.60656	
L	2426674	18		Oual Hassan		LOCALITY	12.92436	15.28261	
L	2426676	18		Oual Adam Tortéri		LOCALITY	12.94782	15.27706	
L	2426681	20		Oinguéloba		LOCALITY	8.8983	14.8967	
L	2426682	20		Oindaga		LOCALITY	8.8646	14.8596	
L	2426691	13		Ogoum		LOCALITY	11.2348	19.2257	
L	2426696	01		Ogoro		LOCALITY	13.923	19.7241	
L	2426698	16		Ogol		LOCALITY	10.37438	15.30109	
L	2426701	05		Oguet		LOCALITY	12.00601	18.94833	
L	2426702	16		Ogdi		LOCALITY	10.28388	15.47385	
L	2426712	26		Odouxi		LOCALITY	21.18333	17.38333	
L	2426714	09		Odoumia		LOCALITY	7.73434	16.28337	
L	2426725	05		Odok		LOCALITY	12.4092	19.2757	
L	2426728	15		Odiou		LOCALITY	11.45533	15.27901	
L	2426735	14		Obou		LOCALITY	9.32195	15.88617	
L	2426736	01		Oboro		LOCALITY	12.57018	17.39601	
L	2426738	15		Obolone Mabirou		LOCALITY	10.98333	15.58333	
L	2426739	14		Obolo		LOCALITY	9.10602	15.74215	
L	2426740	19		Obolo		LOCALITY	8.74665	17.31984	
L	2426748	15		Oban		LOCALITY	11.28476	15.40114	
L	2426750	08		Nya I		LOCALITY	8.7222	15.7107	
L	2426761	15		Ntoza		LOCALITY	11.75656	15.15493	
L	2426762	06		Ntiouri		LOCALITY	13.74324	15.49464	
L	2426763	06		Ntiona		LOCALITY	14.45725	15.43318	
L	2426764	06		Ntiara Touri		LOCALITY	13.83139	15.41158	
L	2426765	06		Ntiara		LOCALITY	13.82499	15.39388	
L	2426766	07		Ntiara		LOCALITY	13.57805	15.24164	
L	2426767	07		Ntiara		LOCALITY	13.54846	15.08161	
L	2426768	07		Ntiam		LOCALITY	13.57609	15.25012	
L	2426769	18		Nsafaï		LOCALITY	12.36104	15.3586	
L	2426773	17		Nouma		LOCALITY	8.73428	18.19914	
L	2426775	16		Noulda		LOCALITY	10.28333	15.63333	
L	2426777	15		Nougara		LOCALITY	12.05639	16.04981	
L	2426778	18		Noro		LOCALITY	12.51077	17.17911	
L	2426784	06		Nokou		LOCALITY	14.57901	14.7793	8792
L	2426785	09		Nokoro		LOCALITY	8.08333	15.75	
L	2426789	17		Nodjimala		LOCALITY	8.6867	18.4478	
L	2426790	19		Nodjibodo		LOCALITY	8.4	17.76667	
L	2426795	14		Nkasséré		LOCALITY	9.143	16.0955	
L	2426796	08		Njoye II		LOCALITY	8.55	15.58333	
L	2426797	17		Njoko Sako		LOCALITY	9.0784	19.551	
L	2426798	17		Njokoko		LOCALITY	9.1154	19.5731	
L	2426799	07		Njiguidada		LOCALITY	13.56283	15.15877	
L	2426801	07		Njidi		LOCALITY	13.68333	14.53333	
L	2426803	07		Njar Yakou		LOCALITY	13.2994	14.94474	
L	2426805	21		N'Djari		DISTRICT	12.12239	15.09492	
L	2426807	09		Njagou		LOCALITY	8.2663	15.5079	
L	2426813	06		Nira		LOCALITY	14.08465	15.30434	
L	2426819	15		Nioudougoum		LOCALITY	10.2123	16.4972	
L	2426821	17		Niou		LOCALITY	9.79893	17.76312	
L	2426822	19		Niomi II		LOCALITY	8.6058	17.311	
L	2426823	19		Niomi I		LOCALITY	8.59786	17.29865	
L	2426824	19		Niomi		LOCALITY	8.6	17.31667	
L	2426826	16		Nio		LOCALITY	11.07957	15.41343	
L	2426829	14		Ninga Kouma		LOCALITY	9.5645	16.3078	
L	2426830	14		Ninga		LOCALITY	9.52097	16.35644	
L	2426832	01		Id el Nimer		LOCALITY	13.5809	19.1615	
L	2426835	05		Niergui		LOCALITY	11.9645	18.8152	
L	2426836	14		Nierem		LOCALITY	9.6728	16.4005	
L	2426838	07		Niéné		LOCALITY	13.57882	15.35531	
L	2426839	15		Niemré		LOCALITY	12.12611	15.37894	
L	2426840	05		Nielmo		LOCALITY	12.1528	19.1279	
L	2426841	17		Niellim Saker		LOCALITY	9.72633	17.81912	
L	2426842	17		Niellim		LOCALITY	9.70333	17.82062	
L	2426843	17		Niéhiniagara		LOCALITY	9.64231	19.0174	
L	2426844	14		Niéguem		LOCALITY	9.947	16.6758	
L	2426849	15		Nianié		LOCALITY	10.9762	16.7035	
L	2426850	15		Nianié		LOCALITY	10.96267	16.6895	
L	2426852	17		Niamko		LOCALITY	10.4355	17.83947	
L	2426855	05		Niemmé		LOCALITY	11.2255	18.3025	
L	2426856	01		Niamanda		LOCALITY	13.28	19.1994	
L	2426861	05		Niakra		LOCALITY	10.8603	18.6145	
L	2426867	05		Niaté		LOCALITY	10.6881	18.9571	
L	2426868	08		Nya II		LOCALITY	8.72783	15.72514	
L	2426869	08		Nia I		LOCALITY	8.71667	15.78333	
L	2426870	17		Niaguel		LOCALITY	9.93313	17.70103	
L	2426871	20		Niagoué		LOCALITY	9.1127	14.5312	
L	2426872	05		Niagar Niagar		LOCALITY	11.4309	18.4758	
L	2426874	19		Niabodo		LOCALITY	8.35203	18.10857	
L	2426876	20		Nia		LOCALITY	8.76667	15.08333	
L	2426877	09		Nia		LOCALITY	8.22871	16.23763	
L	2426878	09		Nia		LOCALITY	8.24479	16.17792	
L	2426879	15		Nguilakaka Srir		LOCALITY	11.25	15.45	
L	2426880	15		Nguilakaka		LOCALITY	11.26667	15.45	
L	2426881	18		Nguiéto		LOCALITY	11.8843	17.1791	
L	2426882	07		Nguéléa		LOCALITY	13.4	14.28333	
L	2426883	07		Ngréa		LOCALITY	13.33333	14.43333	
L	2426890	09		Ngoyodgue		LOCALITY	7.9537	15.7736	
L	2426892	07		Ngouya		LOCALITY	13.43333	14.4	
L	2426895	16		Ngousou		LOCALITY	10.8558	15.68471	
L	2426896	18		Ngourtrom		LOCALITY	13.01706	15.5183	
L	2426898	07		Ngourtoula Loli		LOCALITY	13.72398	15.36364	
L	2426899	06		Ngourtoula		LOCALITY	13.73601	15.37832	
L	2426900	07		Ngourtou		LOCALITY	13.67133	15.38137	
L	2426901	06		Ngouroutou		LOCALITY	13.96613	15.5394	
L	2426903	07		Ngouri		LOCALITY	13.63777	15.36903	
L	2426904	08		Ngouri		LOCALITY	8.5135	16.00682	10487
L	2426906	18		Ngoura		LOCALITY	12.8875	16.44972	
L	2426908	15		Ngoumara		LOCALITY	11.6867	16.4635	
L	2426911	18		Ngoui		LOCALITY	13.37533	15.29306	
L	2426912	07		Ngoudra		LOCALITY	13.71372	15.33008	
L	2426913	07		Ngoudoki		LOCALITY	13.61507	15.22075	
L	2426914	06		Ngoudégilbou		LOCALITY	14.01949	15.4793	
L	2426918	09		Ngouaé		LOCALITY	7.57609	15.57914	
L	2426920	01		Ngoteur		LOCALITY	13.879	19.1592	
L	2426922	06		Ngoroboa		LOCALITY	13.40626	15.75364	
L	2426926	09		Ngommbéti		LOCALITY	8.94002	16.85106	
L	2426927	19		Ngomani II		LOCALITY	9.05512	17.39188	
L	2426928	18		Ngolti		LOCALITY	12.53418	14.95518	
L	2426929	07		Ngolom		LOCALITY	14.13926	13.91382	
L	2426931	07		Ngolokitcha		LOCALITY	13.58333	14.93333	
L	2426932	06		Ngolofari		LOCALITY	13.43821	15.62959	
L	2426934	01		Ngolo		LOCALITY	12.7609	17.45538	
L	2426935	16		Ngolo		LOCALITY	9.36667	15.23333	
L	2426936	07		Ngolio		LOCALITY	13.6878	14.61517	
L	2426938	09		Ngolé		LOCALITY	7.91667	15.65	
L	2426940	07		Ngoïga		LOCALITY	13.36667	14.88333	
L	2426942	09		Ngobo		LOCALITY	8.1027	16.6654	
L	2426943	17		Ngo		LOCALITY	9.10154	19.50528	
L	2426944	07		Ngirom Konkia		LOCALITY	13.57744	15.42883	
L	2426945	07		Ngini		LOCALITY	13.43333	14.38333	
L	2426946	17		Ngina		LOCALITY	9.6808	19.1133	
L	2426947	15		Nguilmé		LOCALITY	12.11678	15.88774	
L	2426948	07		Ngilimi		LOCALITY	13.73333	14.16667	
L	2426949	07		Nguilidou		LOCALITY	13.89042	14.18256	
L	2426951	18		Nguéto		LOCALITY	12.27572	15.22943	
L	2426952	18		Nguiéto		LOCALITY	11.865	17.1709	
L	2426953	16		Nguété		LOCALITY	9.3659	15.2324	
L	2426956	07		Nguéo		LOCALITY	13.42425	14.82875	
L	2426957	01		Ngelo		LOCALITY	12.83351	17.35432	
L	2426958	07		Ngéléya		LOCALITY	13.55	14.35	
L	2426959	18		Ngéléya		LOCALITY	13.06105	15.73608	
L	2426962	18		Nguèlbota		LOCALITY	12.9243	15.59149	
L	2426963	07		Nguéléa		LOCALITY	13.57996	14.46627	
L	2426964	07		Ngéléa		LOCALITY	13.518	15.19858	
L	2426971	15		Ngazalfong		LOCALITY	11.84323	15.18456	
L	2426973	06		Ngayélo		LOCALITY	14.28364	15.77889	
L	2426977	15		Ngatouya		LOCALITY	11.5816	16.8774	
L	2426980	18		Ngato		LOCALITY	11.9418	17.2236	
L	2426983	19		Ngassoté II		LOCALITY	8.6214	17.8505	
L	2426986	19		Ngaro		LOCALITY	8.9407	17.344	
L	2426987	07		Ngarana		LOCALITY	14.29581	13.76219	
L	2426988	06		Ngari		LOCALITY	14.12455	15.25081	
L	2426989	15		Ngargué		LOCALITY	10.5501	16.8365	
L	2426990	07		Ngarfari		LOCALITY	13.6052	15.41666	
L	2426991	01		Ngardiana		LOCALITY	13.2341	18.2975	
L	2426992	15		Ngaray		LOCALITY	10.75755	16.8416	
L	2426993	01		Ngara Ouandi		LOCALITY	13.2767	18.6312	
L	2426994	07		Ngarangou Koura		LOCALITY	13.58333	14.81667	
L	2426995	07		Ngarangou		LOCALITY	13.57131	14.83228	
L	2426996	07		Ngaranda		LOCALITY	13.6706	15.09726	
L	2426998	09		Ngaran		LOCALITY	7.92711	15.6636	
L	2426999	09		Ngaran Tapol		LOCALITY	7.9743	15.6852	
L	2427000	20		Ngara Mambao		LOCALITY	9.01261	15.33105	
L	2427001	20		Ngara-Mambao		LOCALITY	8.98333	15.38333	
L	2427002	09		Ngaram		LOCALITY	8.06667	15.76667	
L	2427003	20		Ngara Léanbro		LOCALITY	9.3411	14.7379	
L	2427004	20		Ngara Laoundoul		LOCALITY	9.14895	15.32801	
L	2427006	20		Ngara Djévéo		LOCALITY	9.347	14.7696	
L	2427007	20		Ngara Boumbou		LOCALITY	9.13158	15.32271	
L	2427008	20		Ngara Bosno		LOCALITY	9.0821	15.31703	
L	2427009	06		Ngara		LOCALITY	13.79752	15.40988	
L	2427010	01		Ngara		LOCALITY	12.97941	18.60552	
L	2427011	16		Ngara		LOCALITY	9.8908	14.855	
L	2427012	19		Ngara		LOCALITY	9.23864	17.48344	
L	2427013	08		Ngata		LOCALITY	8.96588	16.49064	
L	2427014	20		Ngara		LOCALITY	8.99114	15.32684	
L	2427015	09		Ngara		LOCALITY	8.94531	16.7303	
L	2427016	09		Ngara		LOCALITY	8.8359	16.9613	
L	2427017	08		Ngara		LOCALITY	8.54916	16.09363	
L	2427018	09		Ngara		LOCALITY	8.14894	16.12575	
L	2427021	19		Nganguiélé		LOCALITY	8.64133	17.34745	
L	2427022	17		Ngangouali		LOCALITY	9.39	18.1487	
L	2427023	18		Nganatir		LOCALITY	12.41291	17.05196	
L	2427026	17		Ngamoudjio		LOCALITY	8.70007	18.13304	
L	2427027	19		Ngambo		LOCALITY	9.08771	17.23596	
L	2427030	17		Ngamali		LOCALITY	9.50072	19.06627	
L	2427031	18		Ngama Idjélidjé		LOCALITY	11.8083	17.1773	
L	2427032	19		Ngamaïa		LOCALITY	9.06877	17.25487	
L	2427033	18		Ngama Ambasatna		LOCALITY	11.7911	17.1802	
L	2427034	18		Ngama		LOCALITY	11.78729	17.15925	13087
L	2427035	15		Ngama		LOCALITY	11.7773	15.84324	
L	2427036	15		Ngama		LOCALITY	11.78333	17.16667	12438
L	2427037	16		Ngam		LOCALITY	10.19833	16.15482	
L	2427039	22		Ngalo		LOCALITY	13.91484	15.81547	
L	2427041	19		Ngalo		LOCALITY	8.72772	17.80807	
L	2427043	09		Ngal I		LOCALITY	8.0028	15.7451	
L	2427045	07		Ngalérom		LOCALITY	13.31667	14.55	
L	2427047	07		Ngalasoa Kiori		LOCALITY	13.45	14.55	
L	2427048	07		Ngalasoa Bodou		LOCALITY	13.41667	14.55	
L	2427050	20		Ngalan		LOCALITY	8.72445	15.16846	
L	2427051	07		Ngalamia		LOCALITY	13.36667	14.61667	
L	2427054	09		Ngal II		LOCALITY	8.016	15.7288	
L	2427055	09		Ngal		LOCALITY	7.9702	15.76601	
L	2427058	15		Nguéraïki		LOCALITY	12.1877	15.3276	
L	2427059	05		Gaboul		LOCALITY	11.2746	17.7344	
L	2427060	19		Ngabou		LOCALITY	8.9713	17.9914	
L	2427063	19		Ngabayan		LOCALITY	8.2369	17.3829	
L	2427065	07		Nga		LOCALITY	13.25118	15.25132	
L	2427067	16		Neyedergué		LOCALITY	9.51812	15.16691	
L	2427068	01		Nessaba		LOCALITY	12.63333	17.56667	
L	2427069	14		Nergue		LOCALITY	9.4283	16.1971	
L	2427070	14		Nergué		LOCALITY	9.3019	16.158	
L	2427076	14		Nérébi		LOCALITY	9.6891	16.2609	
L	2427077	18		Néhéré		LOCALITY	12.90976	15.58937	
L	2427079	16		Nembagré		LOCALITY	9.9285	15.0468	
L	2427080	26		Nema Nemasso		LOCALITY	21.01667	17.53333	
L	2427081	17		Nélimbi		LOCALITY	8.5385	18.6741	
L	2427082	19		Nélimbi		LOCALITY	7.9237	17.5279	
L	2427084	15		Nelbirou		LOCALITY	10.96667	15.76667	
L	2427086	01		Négé		LOCALITY	12.48297	17.3326	
L	2427089	23		Nedeley		LOCALITY	15.56374	18.16828	
L	2427090	18		Nèbèk		LOCALITY	12.85817	15.53978	
L	2427091	18		Nibek		LOCALITY	12.76747	14.62801	
L	2427093	18		Nabaga		LOCALITY	12.86716	15.33716	
L	2427095	07		Ndray		LOCALITY	13.49595	15.1912	
L	2427096	08		Ndoye III		LOCALITY	8.48333	15.36667	
L	2427097	08		Ndoye		LOCALITY	8.58333	15.6	
L	2427098	08		Ndoukoura		LOCALITY	8.86069	15.6659	
L	2427102	08		Ndou		LOCALITY	8.8471	16.55146	
L	2427103	09		Ndorokaga		LOCALITY	8.60386	16.89642	
L	2427104	09		Ndoram		LOCALITY	7.68333	16	
L	2427105	19		Ndoodé		LOCALITY	8.62755	17.33506	
L	2427106	06		Ndonkou		LOCALITY	13.70856	15.44735	
L	2427107	09		Ndonambo		LOCALITY	8.65924	16.94812	
L	2427108	09		Ndonambo		LOCALITY	8.63406	16.93691	
L	2427110	18		Ndola		LOCALITY	13.12982	15.65555	
L	2427111	09		Ndo		LOCALITY	8.1832	15.525	
L	2427112	19		Ndokoro		LOCALITY	9.04349	17.20394	
L	2427113	09		Ndokobo		LOCALITY	8.43323	16.95969	
L	2427114	19		Ndoko		LOCALITY	9.13273	17.44393	
L	2427115	19		Ndohorininga		LOCALITY	8.38333	17.75	
L	2427117	07		Ndofo		LOCALITY	13.86667	14.33333	
L	2427118	09		Ndo		LOCALITY	8.05	16.9	
L	2427119	09		Nzoro		LOCALITY	7.6878	15.9764	
L	2427120	17		Ndjola		LOCALITY	8.73503	18.09719	
L	2427122	05		Ndjione		LOCALITY	11.71505	18.36351	
L	2427123	21		N'Djamena	انجمينا	CITY	12.10672	15.0444	1359526
L	2427124	09		Ndjagadigui I		LOCALITY	8.1939	15.4732	
L	2427125	07		Ndjadi		LOCALITY	13.75	14.53333	
L	2427127	07		Ndirom		LOCALITY	13.664	15.29932	
L	2427128	07		Ndiouloum		LOCALITY	13.56913	15.26742	
L	2427129	06		Ndioukoa		LOCALITY	13.88684	15.48489	
L	2427131	18		Ndiobdi		LOCALITY	12.4706	15.04181	
L	2427132	17		Ndingambo		LOCALITY	9.47338	18.92548	
L	2427133	19		Ndiltayo		LOCALITY	9.41983	17.35362	
L	2427134	19		Ndilati		LOCALITY	9.3319	17.44531	
L	2427135	19		Ndilati		LOCALITY	9.31829	17.67587	
L	2427136	19		Ndilati		LOCALITY	9.20337	17.26404	
L	2427137	19		Ndilakaga		LOCALITY	9.15583	17.50102	
L	2427138	17		Ndila II		LOCALITY	9.01303	18.39497	
L	2427139	09		Ndila		LOCALITY	8.94568	16.9091	
L	2427140	09		Ndila		LOCALITY	8.8472	16.9907	
L	2427141	19		Ndila		LOCALITY	8.83771	17.67083	
L	2427142	19		Ndila		LOCALITY	8.67405	17.62283	
L	2427144	06		Ndiari		LOCALITY	13.95898	15.58334	
L	2427146	06		Ndiali Yéyem		LOCALITY	13.73324	15.47133	
L	2427147	06		Ndiali Toumbolom		LOCALITY	13.74509	15.44721	
L	2427148	06		Ndiali Ouni		LOCALITY	13.76157	15.44815	
L	2427149	06		Ndialidé		LOCALITY	13.71992	15.46154	
L	2427150	07		Ndiadi		LOCALITY	13.59173	15.27426	
L	2427152	07		Ndia		LOCALITY	13.4	14.95	
L	2427155	15		Ndessa		LOCALITY	11.46244	15.16301	
L	2427157	20		Ndéïtchou		LOCALITY	9.4252	14.5844	
L	2427158	17		Ndéïndana		LOCALITY	8.44478	18.25507	
L	2427159	06		Ndaratiako		LOCALITY	13.66215	15.45067	
L	2427160	07		Ndara		LOCALITY	13.68333	14.6	
L	2427161	07		Ndaou		LOCALITY	13.4	15.11667	
L	2427163	19		Ndanguélo		LOCALITY	8.29884	18.0434	
L	2427164	20		Ndangar		LOCALITY	8.64678	15.27286	
L	2427165	14		Ndam		LOCALITY	9.77032	17.18174	
L	2427166	07		Ndali		LOCALITY	13.55091	15.23672	
L	2427168	17		Ndako		LOCALITY	8.48167	18.27511	
L	2427169	17		Nda		LOCALITY	9.2347	18.1958	
L	2427170	15		Ndagazo		LOCALITY	11.76478	15.1291	
L	2427171	16		Ndaboula		LOCALITY	10.84629	15.4756	
L	2427172	05		Ndaba		LOCALITY	10.5198	17.6564	
L	2427173	09		Ndaba		LOCALITY	8.49274	16.81929	
L	2427174	06		Naza Arati		LOCALITY	13.23949	15.68231	
L	2427175	06		Naza		LOCALITY	13.23494	15.66992	
L	2427176	16		Naïna		LOCALITY	10.088	15.5501	
L	2427177	16		Nayena		LOCALITY	9.73333	15.23333	
L	2427179	09		Nassian		LOCALITY	8.83842	16.77582	
L	2427180	07		Nasar		LOCALITY	13.36667	14.58333	
L	2427181	16		Narké		LOCALITY	10.61667	15.33333	
L	2427184	15		Naragon		LOCALITY	10.0201	16.9627	
L	2427185	14		Narégué		LOCALITY	9.506	16.6504	
L	2427187	01		Nardiana		LOCALITY	13.02318	17.92476	
L	2427190	15		Naraya		LOCALITY	10.95811	15.61529	
L	2427192	19		Narangassa		LOCALITY	8.3361	17.8763	
L	2427193	15		Nara Moroum		LOCALITY	10.52756	16.74563	
L	2427195	15		Naramay		LOCALITY	10.20927	16.66931	
L	2427196	15		Nara-Gonine		LOCALITY	10.56667	16.71667	
L	2427197	15		Naragon		LOCALITY	10.0167	16.9266	
L	2427199	15		Narabasé		LOCALITY	10.68113	16.45717	
L	2427200	15		Narabasé II		LOCALITY	10.6655	16.5134	
L	2427201	19		Narabanga		LOCALITY	8.77305	17.48117	
L	2427206	15		Nara		LOCALITY	10.68259	16.34553	
L	2427207	15		Nara		LOCALITY	10.56174	16.74223	
L	2427208	19		Nara		LOCALITY	8.8203	17.29162	
L	2427209	19		Nara		LOCALITY	8.74079	17.43878	
L	2427210	09		Nara		LOCALITY	8.62936	16.64779	
L	2427211	17		Nara		LOCALITY	8.50566	18.4943	
L	2427212	19		Nara		LOCALITY	8.23395	17.67729	
L	2427213	19		Mara		LOCALITY	8.1901	17.5525	
L	2427215	14		Nantissa		LOCALITY	9.22395	17.06498	
L	2427216	14		Nantissa		LOCALITY	9.21765	17.03023	
L	2427217	15		Nanmanda		LOCALITY	11.4909	16.3942	
L	2427218	09		Nankéssé		LOCALITY	8.73161	16.80692	
L	2427219	09		Nankassa		LOCALITY	9.1318	16.5873	
L	2427220	08		Nankassa		LOCALITY	9.0648	16.0594	
L	2427221	14		Nanguéré Nangom		LOCALITY	9.3598	16.2001	
L	2427222	01		Nang Ro		LOCALITY	12.95641	18.21493	
L	2427223	15		Nangoto		LOCALITY	11.85576	15.25591	
L	2427224	08		Nakassa		LOCALITY	8.74501	16.30369	
L	2427225	14		Nangda		LOCALITY	9.6264	16.7071	
L	2427226	19		Nangda		LOCALITY	9.33945	17.60867	
L	2427227	17		Nangda		LOCALITY	9.2412	18.3195	
L	2427228	19		Nangda		LOCALITY	9.19723	17.44572	
L	2427229	14		Nangda		LOCALITY	9.204	16.5292	
L	2427230	08		Nangda		LOCALITY	9.14559	16.28349	
L	2427231	08		Nandga		LOCALITY	8.9283	16.5417	
L	2427232	19		Nangda		LOCALITY	8.40473	17.48451	
L	2427233	14		Nangatchang		LOCALITY	9.1568	15.8888	
L	2427234	14		Nangasou Soy		LOCALITY	9.13783	15.74319	
L	2427235	14		Nangasou Oudjing		LOCALITY	9.1327	15.6696	
L	2427236	14		Nangasou Bir		LOCALITY	9.15566	15.67744	
L	2427237	14		Nangasou Kali		LOCALITY	9.17121	15.66287	
L	2427242	19		Nangaba		LOCALITY	8.43333	17.51667	
L	2427243	15		Nanga		LOCALITY	11.7654	15.31184	
L	2427244	05		Nandoua		LOCALITY	12.5947	19.2236	
L	2427246	14		Namri		LOCALITY	9.6357	16.366	
L	2427248	19		Namlé		LOCALITY	7.96701	17.59763	
L	2427251	14		Nambra		LOCALITY	9.4834	16.4703	
L	2427252	19		Nambo		LOCALITY	8.86667	17.95	
L	2427253	19		Nambo		LOCALITY	8.7905	17.966	
L	2427255	18		Namagaï		LOCALITY	11.78333	17.11667	
L	2427256	08		Nama		LOCALITY	8.94728	16.55383	
L	2427258	07		Nali		LOCALITY	13.67696	15.27818	
L	2427261	15		Bakasao		LOCALITY	10.01716	16.86347	
L	2427262	18		Naït		LOCALITY	11.86667	17.26667	
L	2427263	19		Naïninga		LOCALITY	8.23333	17.41667	
L	2427264	15		Naïm		LOCALITY	11.05927	15.67108	
L	2427270	15		Nahala		LOCALITY	12.02267	15.35565	
L	2427273	05		Nagagir		LOCALITY	12.4626	19.4691	
L	2427275	19		Nado		LOCALITY	9.36673	17.54932	
L	2427276	19		Nado		LOCALITY	9.34243	17.54423	
L	2427277	19		Nodjimala		LOCALITY	8.51756	17.83984	
L	2427278	19		Nadjikaba		LOCALITY	8.54442	18.0587	
L	2427279	19		Nadjikaba		LOCALITY	8.5148	18.0198	
L	2427281	17		Nadili		LOCALITY	8.26521	18.72313	
L	2427282	19		Nadili		LOCALITY	8.21707	17.81601	
L	2427283	05		Nadidiala		LOCALITY	12.09411	18.11293	
L	2427284	20		Nadé Dadjé		LOCALITY	8.9745	15.4118	
L	2427285	14		Nabrine		LOCALITY	9.63333	16.36667	
L	2427286	09		Nabou		LOCALITY	7.9108	15.7975	
L	2427287	18		Nabogaye		LOCALITY	11.9	17.41667	
L	2427288	19		Nabo		LOCALITY	8.6703	17.8215	
L	2427289	05		Nabaoa		LOCALITY	12.8147	19.3951	
L	2427290	15		Nabagayo		LOCALITY	11.51525	15.42311	
L	2427291	15		Nabagaya		LOCALITY	12.24971	15.36598	
L	2427292	15		Nabagaya		LOCALITY	12.22015	15.40295	
L	2427293	18		Nabagay		LOCALITY	11.7914	17.1382	
L	2427294	01		Naara		LOCALITY	13.0252	18.5776	
L	2427295	18		Naala		LOCALITY	12.47838	15.27136	
L	2427298	15		Mza		LOCALITY	11.51322	15.16341	
L	2427300	15		Mustafari		LOCALITY	11.74043	15.24647	
L	2427303	15		Mtabane		LOCALITY	11.77218	15.11125	
L	2427304	18		Mréir el Goz		LOCALITY	12.31231	15.43966	
L	2427306	18		Mréir		LOCALITY	12.42886	15.17933	
L	2427310	18		Moyto		LOCALITY	12.58778	16.55528	
L	2427311	07		Moyo		LOCALITY	13.62399	15.13312	
L	2427312	01		Moyo		LOCALITY	12.71159	17.46118	
L	2427313	19		Mayo		LOCALITY	8.70842	17.93096	
L	2427314	17		Moyo		LOCALITY	8.6915	18.5863	
L	2427316	17		Moyemtoro		LOCALITY	8.64793	18.19213	
L	2427317	17		Moyemtoro		LOCALITY	8.52428	18.50076	
L	2427321	22		Mouzarak-Koromi		LOCALITY	13.33729	15.98767	
L	2427322	22		Mouzarak		LOCALITY	13.29026	15.97139	
L	2427325	07		Mouyi		LOCALITY	13.62107	15.08583	
L	2427326	15		Moutzoul		LOCALITY	11.7045	15.14624	
L	2427327	01		Moutrar		LOCALITY	13.3598	19.953	
L	2427328	17		Moutogo		LOCALITY	8.47886	18.7706	
L	2427329	19		Moutiguan		LOCALITY	8.48333	17.7	
L	2427330	18		Moutenak	موتناك	LOCALITY	12.4241	15.01924	
L	2427331	15		Moutardam		LOCALITY	11.1883	15.82651	
L	2427332	15		Moutardam		LOCALITY	11.16212	15.82354	
L	2427333	19		Moussoumounda		LOCALITY	9.11253	17.47149	
L	2427335	19		Moussouda		LOCALITY	8.31667	17.78333	
L	2427336	22		Moussoro	موسورو	CITY	13.64436	16.48954	35100
L	2427337	19		Moussoro		LOCALITY	8.6191	17.66056	
L	2427338	17		Moussoro		LOCALITY	8.4325	18.2572	
L	2427339	19		Moussoro		LOCALITY	8.38467	17.4783	
L	2427341	19		Moussomanga		LOCALITY	8.83333	17.58333	
L	2427342	15		Mousok		LOCALITY	10.991	16.7048	
L	2427345	19		Moussongouli		LOCALITY	8.86677	17.69501	
L	2427349	19		Moussenini		LOCALITY	8.27279	17.87557	
L	2427351	17		Moussaméré		LOCALITY	9.11757	18.50224	
L	2427353	15		Mousakingué		LOCALITY	10.7462	16.5422	
L	2427354	19		Moussakaga		LOCALITY	9.02066	17.44626	
L	2427356	17		Moussafoyo		LOCALITY	8.84533	18.71026	
L	2427361	26		Mousoy		LOCALITY	20.5	16.75	
L	2427362	06		Mousour		LOCALITY	13.50947	15.6649	
L	2427367	15		Moussori		LOCALITY	11.92342	15.11661	
L	2427369	17		Mousnadja		LOCALITY	8.79876	18.62521	
L	2427372	16		Mouskoun		LOCALITY	10.8976	15.08371	
L	2427376	15		Mousgougou		LOCALITY	10.81456	16.10585	
L	2427379	14		Mousgou		LOCALITY	9.3881	16.6613	
L	2427384	15		Moussa Bouna		LOCALITY	11.13353	15.98114	
L	2427386	06		Mourzouk		LOCALITY	13.6378	15.72876	
L	2427387	06		Mourzougi		LOCALITY	13.64295	15.70715	
L	2427388	06		Mourtou		LOCALITY	13.69054	15.39967	
L	2427392	20		Moursianne		LOCALITY	9.5938	14.3093	
L	2427393	20		Moursalé Banba		LOCALITY	9.3429	14.7067	
L	2427396	16		Mouroup		LOCALITY	9.95	15.68333	
L	2427397	19		Mouroungoulaye		LOCALITY	9.03422	17.25314	
L	2427398	14		Mouroum Touloum		LOCALITY	9.2158	16.5625	
L	2427399	08		Mouroumar		LOCALITY	9.1014	16.2985	
L	2427400	05		Mourouk		LOCALITY	11.7799	18.6844	
L	2427402	05		Mourouet		LOCALITY	11.6595	18.831	
L	2427407	22		Mourmahamat		LOCALITY	13.22535	15.94534	
L	2427408	19		Mourkoutou		LOCALITY	8.5325	17.5493	
L	2427409	15		Mourkou		LOCALITY	11.98471	15.26991	
L	2427410	15		Aloua Mourki		LOCALITY	10.34709	16.52417	
L	2427418	01		Mourdass II		LOCALITY	13.3062	19.392	
L	2427419	01		Mourdass I		LOCALITY	13.2932	19.3915	
L	2427420	20		Mourbamé		LOCALITY	9.5993	14.1527	
L	2427421	16		Mouraye		LOCALITY	10.7659	15.36989	
L	2427422	06		Mouray		LOCALITY	13.73374	15.77183	
L	2427423	05		Mouray		LOCALITY	12.66772	19.75937	
L	2427424	18		Mouray		LOCALITY	11.9339	17.193	
L	2427425	18		Mouray		LOCALITY	11.91464	17.19361	
L	2427426	13		Mouray		LOCALITY	10.1715	19.6817	
L	2427427	17		Mouray		LOCALITY	9.0217	19.0802	
L	2427428	05		Mouray		LOCALITY	10.6818	18.3645	
L	2427430	15		Mour an Nessouam		LOCALITY	12.04592	15.39883	
L	2427431	05		Moura Katchéné		LOCALITY	12.5938	19.6948	
L	2427432	15		Mourakaïne		LOCALITY	12.17973	16.11998	
L	2427434	05		Moura Gilbo		LOCALITY	12.6164	19.9749	
L	2427436	18		Moura		LOCALITY	13.1402	15.94707	
L	2427437	18		Moura		LOCALITY	13.01855	15.74388	
L	2427438	18		Moura		LOCALITY	12.94427	15.66346	
L	2427439	18		Moura		LOCALITY	11.851	17.008	
L	2427441	06		Mounousa Kangara		LOCALITY	13.58652	15.60087	
L	2427442	06		Mounousa Dolouk		LOCALITY	13.59887	15.5905	
L	2427444	17		Mounouma		LOCALITY	8.81594	18.65669	
L	2427448	06		Mouniomo Kayleri		LOCALITY	13.74231	15.35502	
L	2427453	05		Moundoulou		LOCALITY	12.18151	18.54493	
L	2427454	19		Moundoulou		LOCALITY	9.16649	17.42977	
L	2427455	08		Moundou	موندو	CITY	8.57437	16.07722	196124
L	2427457	15		Moundo		LOCALITY	10.80773	15.82054	
L	2427458	17		Moundigui		LOCALITY	8.4247	18.1861	
L	2427459	15		Moundaloay		LOCALITY	10.9305	16.71694	
L	2427460	01		Mourdahap		LOCALITY	13.2717	19.5047	
L	2427461	07		Moun Dagami		LOCALITY	13.5	14.71667	
L	2427462	14		Moundagabol		LOCALITY	9.1567	16.7425	
L	2427463	06		Mouna-Mouna		LOCALITY	14.13767	15.48293	
L	2427465	07		Moun		LOCALITY	13.48333	14.75	
L	2427466	01		Moulyo		LOCALITY	13.00887	17.63838	
L	2427467	06		Moulout		LOCALITY	14.07666	14.5763	
L	2427468	13		Moulouk		LOCALITY	11.28571	19.01554	
L	2427469	05		Moulouk		LOCALITY	11.1107	18.7049	
L	2427470	15		Moulmouk		LOCALITY	11.86004	15.10269	
L	2427472	18		Moulimari		LOCALITY	13.00795	15.65574	
L	2427473	16		Moulgou		LOCALITY	10.54886	15.54657	
L	2427474	17		Moulgou		LOCALITY	9.86483	17.68382	
L	2427479	16		Moulam		LOCALITY	10.76106	15.19625	
L	2427480	19		Moulakala		LOCALITY	9.0909	17.4245	
L	2427481	08		Moulaydi		LOCALITY	8.70143	15.67006	
L	2427484	15		Moula		LOCALITY	11.4161	16.2301	
L	2427485	17		Mouila		LOCALITY	9.83338	18.79277	
L	2427488	14		Moul		LOCALITY	9.67102	17.46835	
L	2427489	15		Mouk Zourana		LOCALITY	12.15	16.26667	
L	2427490	15		Mokroup		LOCALITY	12.26341	15.26252	
L	2427491	15		Moukouloum		LOCALITY	11.75716	15.24045	
L	2427492	19		Moukoubo		LOCALITY	8.38333	17.71667	
L	2427494	01		Moukhdara Djimez		LOCALITY	12.92581	18.96663	
L	2427495	01		Moukhdara		LOCALITY	12.91969	18.98322	
L	2427496	18		Moukdjilé		LOCALITY	12.81667	14.63333	
L	2427497	18		Moukjile		LOCALITY	12.8	14.61667	
L	2427498	18		Mouk		LOCALITY	12.37291	15.87814	
L	2427499	09		Mouidobo II		LOCALITY	8.4253	15.312	
L	2427500	06		Mouiaori		LOCALITY	13.77486	15.71282	
L	2427507	22		Mougouroum		LOCALITY	13.85797	15.64141	
L	2427508	16		Mougoumou Gabori		LOCALITY	10.0517	16.1241	
L	2427509	16		Mougoumou Foulbé		LOCALITY	10.0618	16.1235	
L	2427512	07		Mougou		LOCALITY	13.88333	14.25	
L	2427513	07		Mougou		LOCALITY	13.88333	14.23333	
L	2427514	05		Mougol		LOCALITY	11.45	17.5	
L	2427516	14		Mougoumou		LOCALITY	9.9227	16.3471	
L	2427517	05		Mougdi		LOCALITY	11.5077	17.5548	
L	2427518	15		Mougal		LOCALITY	11.3456	16.2232	
L	2427519	17		Moufa		LOCALITY	10.1497	19.1478	
L	2427524	01		Moudoumou		LOCALITY	12.90312	17.55892	
L	2427525	15		Moudou		LOCALITY	11.4952	16.4211	
L	2427526	01		Moudo		LOCALITY	12.76282	17.57733	
L	2427527	17		Moudjoro		LOCALITY	9.05135	18.44489	
L	2427528	19		Moudjibé		LOCALITY	8.9129	17.77442	
L	2427530	17		Moudal		LOCALITY	8.66989	18.08387	
L	2427537	19		Mouakara		LOCALITY	8.8722	17.4216	
L	2427538	15		Motoum		LOCALITY	10.989	16.0764	
L	2427539	16		Motomoro Bongoursou		LOCALITY	10.2999	15.96328	
L	2427540	16		Motomoro		LOCALITY	10.21846	15.73478	
L	2427541	17		Motokaba		LOCALITY	8.8863	18.7738	
L	2427542	06		Motoa		LOCALITY	13.67451	15.45901	
L	2427543	15		Motmassa		LOCALITY	10.94382	15.71566	
L	2427544	15		Motmasa		LOCALITY	10.5303	16.7976	
L	2427546	05		Motgoro		LOCALITY	11.8172	18.1271	
L	2427547	15		Motchon		LOCALITY	11.2805	16.5262	
L	2427549	08		Mossoum II		LOCALITY	9.07078	16.22161	
L	2427550	14		Mosoum		LOCALITY	9.08923	15.86624	
L	2427551	14		Mouso Mandjo		LOCALITY	9.5215	15.7247	
L	2427552	14		Moso Mondjo		LOCALITY	9.4527	15.7979	
L	2427554	15		Mossio		LOCALITY	10.81853	15.87484	
L	2427555	17		Mossiara Yanga		LOCALITY	9.06024	18.37429	
L	2427556	17		Mossiara I		LOCALITY	8.8494	18.408	
L	2427557	19		Mossiara		LOCALITY	9.22643	17.65213	
L	2427558	17		Mossiara		LOCALITY	8.8561	18.3966	
L	2427559	14		Mossekoyo		LOCALITY	9.6971	16.2626	
L	2427560	22		Bir Mousou Moura		LOCALITY	13.6659	16.5493	
L	2427561	15		Mossou		LOCALITY	11.27425	15.46847	
L	2427564	05		Moso		LOCALITY	11.0934	17.8879	
L	2427567	19		Moskilim		LOCALITY	9.19384	17.67107	
L	2427568	17		Moskilim		LOCALITY	9.09349	18.20102	
L	2427569	17		Moskilem		LOCALITY	9.56543	17.73013	
L	2427570	16		Mosgougou II		LOCALITY	10.7305	16.1306	
L	2427571	15		Mosgougou		LOCALITY	10.75	16.13333	
L	2427572	16		Mosgougou		LOCALITY	10.73216	16.0609	
L	2427575	01		Mortcho		LOCALITY	13.8044	19.3063	
L	2427577	19		Moroutou		LOCALITY	9.33673	17.42051	
L	2427580	19		Moron		LOCALITY	8.42807	17.67884	
L	2427581	19		Morom II		LOCALITY	9.45183	17.48242	
L	2427582	19		Morom II		LOCALITY	9.42878	17.49879	
L	2427583	19		Morom I		LOCALITY	9.42999	17.46368	
L	2427584	06		Moromchi		LOCALITY	13.87778	15.57467	
L	2427585	05		Moroum		LOCALITY	12.07828	17.6696	
L	2427587	15		Morogoui		LOCALITY	11.61667	16.3	
L	2427590	15		Moro		LOCALITY	10.7194	17.1371	
L	2427591	14		Moro		LOCALITY	9.36388	15.90723	
L	2427592	16		Mornou		LOCALITY	11.02474	15.34734	
L	2427593	14		Norni		LOCALITY	9.9636	16.3516	
L	2427594	19		Mormoto		LOCALITY	8.5331	17.966	
L	2427595	19		Mormoto		LOCALITY	8.51672	17.95591	
L	2427596	05		Mormo		LOCALITY	12.14691	18.88683	
L	2427597	19		Marmanga		LOCALITY	8.14923	17.8274	
L	2427602	17		Morko Koumogo		LOCALITY	8.6714	18.3699	
L	2427603	19		Morko		LOCALITY	8.9328	17.8868	
L	2427604	17		Morko		LOCALITY	8.81667	18.5	
L	2427605	19		Morko		LOCALITY	8.36667	17.76667	
L	2427606	07		Morkirom		LOCALITY	13.42	15.43868	
L	2427607	19		Morissop		LOCALITY	9.41304	17.33563	
L	2427608	15		Morio		LOCALITY	10.5053	16.68	
L	2427610	15		Morgoum		LOCALITY	12.32132	15.40165	
L	2427611	22		Mortainé		LOCALITY	13.79544	15.65595	
L	2427612	20		More		LOCALITY	9.9031	14.183	
L	2427613	14		Morey		LOCALITY	9.32907	15.77286	
L	2427614	09		Mourdouni		LOCALITY	8.63707	16.49838	
L	2427615	09		Mordounoum		LOCALITY	8.41995	16.07477	
L	2427616	17		Mordji		LOCALITY	8.6987	18.53333	
L	2427617	17		Mordji		LOCALITY	8.62049	18.442	
L	2427619	16		Mordé		LOCALITY	10.6	15.28333	
L	2427621	19		Morbra		LOCALITY	8.1239	17.6786	
L	2427622	05		Mourra		LOCALITY	11.065	18.0597	
L	2427623	19		Montia		LOCALITY	8.49726	17.6789	
L	2427624	05		Monti		LOCALITY	12.07121	18.91503	
L	2427625	05		Monti		LOCALITY	11.97546	18.93773	
L	2427627	16		Monseye		LOCALITY	10.53333	15.56667	
L	2427629	19		Monouma		LOCALITY	8.2661	18.07559	
L	2427630	07		Monokouri		LOCALITY	13.26667	15.25	
L	2427631	14		Monogoy Djiou		LOCALITY	9.36367	15.66845	
L	2427632	14		Monogoy		LOCALITY	9.40091	15.66924	
L	2427633	15		Monïo		LOCALITY	10.5624	16.1937	
L	2427634	14		Moni		LOCALITY	9.1386	16.4512	
L	2427636	15		Mongola		LOCALITY	10.58333	17.01667	
L	2427637	05		Mongo	مونقو	CITY	12.18514	18.6884	53768
L	2427638	19		Mongo	مونقو	LOCALITY	8.1	17.61667	
L	2427640	06		Mondo		LOCALITY	13.78224	15.5352	1608
L	2427641	06		Mondo		LOCALITY	13.7	15.5	
L	2427642	19		Mondéga		LOCALITY	8.4167	17.583	
L	2427643	19		Monakoumba		LOCALITY	8.38333	17.75	
L	2427649	06		Moméni		LOCALITY	14.1004	15.27849	
L	2427650	06		Mombou Sééli		LOCALITY	13.41288	15.64462	
L	2427651	20		Momboré		LOCALITY	9.8706	14.3817	
L	2427654	16		Mombassa		LOCALITY	10.28333	15.91667	
L	2427655	20		Mombaroua		LOCALITY	9.9018	14.4059	
L	2427656	06		Molori		LOCALITY	14.09132	15.26838	
L	2427657	07		Molondo		LOCALITY	13.65665	15.32647	
L	2427658	22		Molokh Lifi		LOCALITY	13.2592	16.4493	
L	2427659	22		Molokh Kebir		LOCALITY	13.2674	16.4207	
L	2427660	22		Molokh Goutioulouma		LOCALITY	13.258	16.3851	
L	2427661	22		Molokh Diosounga		LOCALITY	13.246	16.4091	
L	2427662	22		Molokh Delemanga		LOCALITY	13.2679	16.3982	
L	2427667	22		Molo Folianga		LOCALITY	13.2588	16.1528	
L	2427671	15		Molo		LOCALITY	10.6746	17.1703	
L	2427672	14		Molibongor		LOCALITY	9.41207	15.9086	
L	2427673	06		Moli		LOCALITY	13.55706	15.70542	
L	2427674	16		Molfoudey		LOCALITY	9.90889	15.20623	
L	2427676	16		Mokoyo		LOCALITY	10.4514	16.07438	
L	2427677	05		Mokoulou II		LOCALITY	11.8907	18.1993	
L	2427678	05		Mokoulou		LOCALITY	11.8719	18.1981	
L	2427681	07		Mokor		LOCALITY	13.70613	15.3455	
L	2427682	15		Mokoloum		LOCALITY	11.75242	15.21842	
L	2427683	14		Mokolo Kembati		LOCALITY	9.18333	16.83333	
L	2427684	14		Mokolo Kambaya		LOCALITY	9.1615	16.9353	
L	2427686	15		Mokobili		LOCALITY	10.80138	15.94576	
L	2427687	15		Moko		LOCALITY	11.6173	16.372	
L	2427688	16		Mokla		LOCALITY	10.2471	16.0067	
L	2427689	05		Moki		LOCALITY	11.88281	18.22859	
L	2427690	17		Monékindi		LOCALITY	9.1959	18.4156	
L	2427691	16		Mokay		LOCALITY	9.8831	15.0176	
L	2427693	09		Mokassa		LOCALITY	8.39095	16.56626	
L	2427695	19		Moïssiara		LOCALITY	8.91667	17.9	
L	2427696	19		Moïssala Village	قرية مويسالا	LOCALITY	8.31705	17.74285	
L	2427697	19		Moïssala	مويسالا	LOCALITY	8.3404	17.7663	17281
L	2427700	17		Moïri		LOCALITY	8.4915	18.2816	
L	2427702	14		Moïntoro		LOCALITY	9.1922	16.7466	
L	2427705	19		Moï		LOCALITY	9.29363	17.30232	
L	2427710	16		Mogroum		LOCALITY	11.11047	15.41348	
L	2427711	16		Mogroum		LOCALITY	9.68333	15.06667	
L	2427712	09		Mogrom		LOCALITY	8.44567	16.80855	
L	2427713	16		Mogoy		LOCALITY	9.455	15.5392	
L	2427714	06		Mogoy		LOCALITY	14.09279	14.11504	
L	2427715	13		Mogour		LOCALITY	11.1906	19.4221	
L	2427716	14		Mogolo		LOCALITY	9.20769	15.88909	
L	2427717	20		Mogola		LOCALITY	9.37185	15.02646	
L	2427719	16		Mogo Kourondi		LOCALITY	9.56667	15.26667	
L	2427720	16		Mogodi		LOCALITY	10.63615	15.15974	
L	2427723	15		Mogo		LOCALITY	10.46115	16.73389	
L	2427725	14		Moglou		LOCALITY	9.2938	16.0221	
L	2427729	06		Mogé		LOCALITY	14.0254	14.1838	
L	2427731	16		Mogaye		LOCALITY	10.636	15.51934	
L	2427732	16		Mogaye		LOCALITY	10.53333	15.16667	
L	2427733	16		Moga		LOCALITY	10.52495	15.29106	
L	2427734	18		Modoul		LOCALITY	12.38148	15.68228	
L	2427737	26		Modra		LOCALITY	20.71667	17.7	
L	2427741	15		Modorio		LOCALITY	11.12528	15.76159	
L	2427744	17		Modkion		LOCALITY	8.7135	18.7493	
L	2427745	15		Modjourou Sara		LOCALITY	11.0784	16.0668	
L	2427746	15		Modjourou Mokoto		LOCALITY	11.07309	16.06476	
L	2427747	15		Modjourou		LOCALITY	10.98333	16.08333	
L	2427748	17		Modji Rodji		LOCALITY	8.46236	18.18913	
L	2427749	15		Modiomou		LOCALITY	11.03333	16.05	
L	2427750	19		Modélé		LOCALITY	8.36102	18.04796	
L	2427751	14		Modé		LOCALITY	9.5053	16.8795	
L	2427754	14		Mobou		LOCALITY	9.9297	16.7157	
L	2427755	07		Mobo		LOCALITY	13.54171	15.14302	
L	2427756	15		Moalang		LOCALITY	10.9919	15.57378	
L	2427758	06		Moal		LOCALITY	13.58267	15.5761	
L	2427759	06		Moal		LOCALITY	13.50085	15.70358	
L	2427760	17		Mo		LOCALITY	9.06667	18.21667	
L	2427763	16		Mito		LOCALITY	10.81557	15.74714	
L	2427764	09		Mitingé		LOCALITY	8.25	15.75	
L	2427766	01		Mitérir		LOCALITY	13.1722	18.3134	
L	2427767	01		Mitérir		LOCALITY	13.143	18.3115	
L	2427768	15		Mitena		LOCALITY	11.87424	15.09287	
L	2427770	17		Missi		LOCALITY	9.285	18.0751	
L	2427776	18		Misérié		LOCALITY	13.08253	15.4706	
L	2427778	15		Misadjé		LOCALITY	10.8478	16.5191	
L	2427779	16		Mirviding		LOCALITY	10.90276	15.09724	
L	2427780	15		Mirti Sara		LOCALITY	10.5525	16.8523	
L	2427781	15		Mirti-Baguirmi		LOCALITY	10.56667	16.9	
L	2427782	15		Mirti Baguirmi		LOCALITY	10.5445	16.8299	
L	2427783	15		Mirti Sara		LOCALITY	10.6176	16.882	
L	2427784	01		Mirsi		LOCALITY	12.74537	18.10762	
L	2427785	01		Miritia		LOCALITY	12.76931	18.67733	
L	2427786	16		Miri		LOCALITY	10.06667	15.75	
L	2427789	18		Mirésoula		LOCALITY	13.09575	15.38298	
L	2427791	18		Mirésil		LOCALITY	11.9793	17.2146	
L	2427792	06		Miréméné		LOCALITY	13.92275	15.14015	
L	2427793	14		Mirem		LOCALITY	9.68443	17.54753	
L	2427794	15		Mirel		LOCALITY	11.3481	16.7945	
L	2427795	01		Mireï		LOCALITY	12.8073	19.3392	
L	2427796	13		Mirédo		LOCALITY	11.3941	19.8577	
L	2427797	16		Mirbi		LOCALITY	9.8258	15.3281	
L	2427799	06		Miou		LOCALITY	14.01768	15.10252	
L	2427801	16		Miogoye		LOCALITY	10.27164	15.44016	
L	2427803	18		Minjelgué		LOCALITY	12.37909	15.20754	
L	2427809	09		Mini		LOCALITY	7.52701	15.54397	
L	2427810	01		Minéminanga		LOCALITY	13.4723	17.211	
L	2427811	08		Mindobadi		LOCALITY	8.65	15.68333	
L	2427812	14		Mindilati		LOCALITY	9.2262	16.5912	
L	2427813	16		Mindifi		LOCALITY	9.89983	14.81322	
L	2427815	15		Mindéra		LOCALITY	10.428	16.401	
L	2427817	01		Mindékoudou		LOCALITY	13.1747	17.58653	
L	2427818	16		Mindaoré		LOCALITY	9.92953	14.99407	
L	2427819	13		Mindabo		LOCALITY	11.5368	19.32745	
L	2427820	07		Min		LOCALITY	13.61667	14.76667	
L	2427821	14		Mimindi		LOCALITY	9.4267	16.1353	
L	2427822	15		Mimiaka		LOCALITY	11.83537	15.71403	
L	2427824	15		Miltou		LOCALITY	10.23087	17.44058	
L	2427825	16		Milma		LOCALITY	10.4931	16.022	
L	2427826	16		Milinga		LOCALITY	10.73333	15.33333	
L	2427829	21		Milezi		DISTRICT	12.11899	14.97882	
L	2427830	15		Milélé		LOCALITY	11.6786	16.3299	
L	2427832	01		Milekat		LOCALITY	13.6181	19.0056	
L	2427833	15		Milegana		LOCALITY	11.88357	15.26096	
L	2427834	15		Milédé		LOCALITY	11.4586	16.6901	
L	2427835	08		Milakar		LOCALITY	9.1144	16.2243	
L	2427836	08		Milakar		LOCALITY	8.70724	16.38143	
L	2427837	09		Miladi		LOCALITY	8.47582	16.32654	
L	2427838	08		Milader		LOCALITY	9.0092	16.3092	
L	2427839	17		Mila		LOCALITY	9.01667	18.1	
L	2427840	18		Mikirkir		LOCALITY	11.7236	16.959	
L	2427841	18		Mikéfa		LOCALITY	12.34469	15.96893	
L	2427842	15		Mijerna		LOCALITY	10.9412	16.446	
L	2427843	15		Migou		LOCALITY	11.87123	15.09968	
L	2427844	16		Migou		LOCALITY	10.80714	15.09466	
L	2427845	16		Migou		LOCALITY	10.70922	15.41606	
L	2427846	01		Migni		LOCALITY	12.53281	17.99095	
L	2427847	17		Minya		LOCALITY	9.92425	18.83391	
L	2427848	17		Migna		LOCALITY	9.91667	18.78333	
L	2427849	22		Miguérom		LOCALITY	13.82455	15.65105	
L	2427850	15		Miguel		LOCALITY	11.89643	15.18424	
L	2427851	16		Mifa		LOCALITY	10.68418	15.309	
L	2427854	13		Miélé		LOCALITY	12.0058	19.5148	
L	2427855	05		Midzigir		LOCALITY	12.3296	19.4261	
L	2427856	15		Modiri		LOCALITY	11.07274	15.46246	
L	2427857	18		Midjélidj		LOCALITY	12.81667	14.61667	
L	2427859	14		Moudjar		LOCALITY	9.2456	16.4135	
L	2427861	05		Midésis		LOCALITY	12.6306	19.5687	
L	2427862	18		Midekhinn		LOCALITY	12.59183	14.84572	
L	2427866	15		Michédiré		LOCALITY	12.25245	15.24239	
L	2427873	16		Mibissi		LOCALITY	10.79191	15.18298	
L	2427874	15		Mbili		LOCALITY	11.31279	15.43544	
L	2427875	17		Miavélé		LOCALITY	8.66559	18.77377	
L	2427876	09		Miandoum		LOCALITY	8.58745	16.57729	
L	2427881	16		Mguirfi		LOCALITY	9.9666	15.1512	
L	2427887	06		Metil		LOCALITY	14.10162	15.16305	
L	2427888	18		Météma		LOCALITY	13.12094	15.73528	
L	2427889	18		Météma		LOCALITY	13.10585	15.73065	
L	2427890	09		Matambaye		LOCALITY	7.9118	15.6607	
L	2427891	14		Messéré		LOCALITY	9.6354	16.0447	
L	2427892	01		Mesmédjé		LOCALITY	13.1722	19.2772	
L	2427894	15		Meskine		LOCALITY	11.4144	15.35277	
L	2427895	21		Meskin		LOCALITY	12.15	14.91667	
L	2427896	21		Mesil		LOCALITY	12.2	14.96667	
L	2427898	15		Merrigoum		LOCALITY	12.31114	15.41209	
L	2427900	07		Mérom Koura		LOCALITY	13.48333	14.81667	
L	2427902	14		Meri		LOCALITY	9.1424	16.9742	
L	2427904	14		Méretchindé		LOCALITY	9.18835	16.11349	
L	2427905	14		Méré Sibgué		LOCALITY	9.20952	15.94853	
L	2427910	06		Méréré		LOCALITY	13.70532	15.56447	
L	2427913	14		Méré Mogolo		LOCALITY	9.2127	15.91805	
L	2427914	16		Méremnié		LOCALITY	9.7846	15.1369	
L	2427916	14		Mérékertoué		LOCALITY	9.1576	16.1703	
L	2427917	22		Merek		LOCALITY	13.25	16.38333	
L	2427918	01		Merehil		LOCALITY	12.87841	18.79753	
L	2427919	16		Méréday		LOCALITY	9.9277	14.8323	
L	2427920	05		Méré		LOCALITY	11.3734	17.4347	
L	2427921	15		Méré		LOCALITY	10.9273	16.4737	
L	2427922	05		Méré		LOCALITY	10.6998	18.8594	
L	2427923	13		Méré		LOCALITY	10.3257	19.623	
L	2427924	14		Méré		LOCALITY	9.3612	16.0402	
L	2427927	09		Mèngalang		LOCALITY	8.05307	15.88571	
L	2427928	16		Mendjaf		LOCALITY	10.73333	15.33333	
L	2427931	09		Mèmar		LOCALITY	8.0833	15.799	
L	2427933	05		Mélté		LOCALITY	11.94296	18.34025	
L	2427934	14		Melpongo		LOCALITY	9.2329	16.2293	
L	2427935	07		Mélom		LOCALITY	13.65	14.05	
L	2427938	01		Melméle		LOCALITY	12.85281	18.07193	
L	2427940	22		Melké		LOCALITY	13.6212	16.1142	
L	2427941	07		Méliérom		LOCALITY	13.28028	14.9348	
L	2427942	07		Mélia		LOCALITY	13.31667	14.91667	
L	2427944	06		Méli		LOCALITY	13.8782	15.49904	
L	2427947	18		Melgi		LOCALITY	12.48852	14.89891	
L	2427949	05		Melfi		LOCALITY	11.0598	17.9355	12924
L	2427950	18		Maléssaya		LOCALITY	12.28131	15.17398	
L	2427951	16		Mélendjéta		LOCALITY	10.51553	15.4561	
L	2427953	15		Meleri		LOCALITY	11.7178	15.1715	
L	2427958	06		Méléléa		LOCALITY	13.71013	15.52702	
L	2427959	06		Melela		LOCALITY	13.34851	15.69551	
L	2427960	06		Méléko		LOCALITY	13.52922	15.60176	
L	2427962	07		Mélé Kafirom		LOCALITY	13.85	14.3	
L	2427966	06		Mélé		LOCALITY	14.44859	15.36364	
L	2427967	05		Méle		LOCALITY	12.05051	18.14513	
L	2427968	05		Mélé		LOCALITY	10.7748	17.6066	
L	2427972	07		Mélasodé		LOCALITY	14.25	13.56667	
L	2427973	06		Mélasodé		LOCALITY	14.24756	15.57202	
L	2427979	08		Mékon		LOCALITY	8.79491	15.77571	
L	2427983	09		Mékapti		LOCALITY	8.44994	17.06809	
L	2427984	09		Mékapti		LOCALITY	8.35747	17.02695	
L	2427985	08		Mékam		LOCALITY	9.02627	16.02979	
L	2427986	08		Mekab Sourma		LOCALITY	9.05608	15.98129	
L	2427987	08		Makabra		LOCALITY	8.9283	15.82929	
L	2427988	20		Mékabra		LOCALITY	8.8929	15.2013	
L	2427989	08		Mékab		LOCALITY	8.89357	15.60942	
L	2427990	09		Mékab		LOCALITY	8.22833	15.89329	
L	2427991	08		Méïkann		LOCALITY	8.6122	15.8771	
L	2427993	14		Méguéné Bagaye		LOCALITY	9.357	15.7856	
L	2427994	14		Méguéné		LOCALITY	9.4204	15.7551	
L	2427995	14		Méguéné Ngolo		LOCALITY	9.38058	15.76903	
L	2427997	14		Méguéné		LOCALITY	9.4565	15.763	
L	2427998	15		Mefi		LOCALITY	11.35279	15.43221	
L	2428004	07		Médi Koura		LOCALITY	13.48333	14.58333	
L	2428005	06		Médikalala		LOCALITY	14.03697	15.14334	
L	2428006	06		Médi		LOCALITY	14.11909	15.38454	
L	2428007	06		Médi		LOCALITY	14.06647	15.23757	
L	2428008	06		Médi		LOCALITY	14.03142	15.13919	
L	2428011	22		Méderdé		LOCALITY	13.89031	15.66652	
L	2428012	22		Méderdé		LOCALITY	13.86567	15.66546	
L	2428014	06		Médékourou		LOCALITY	14.18949	15.39808	
L	2428015	18		Médéké		LOCALITY	12.85	16.93333	
L	2428016	16		Médégué		LOCALITY	11.02966	15.44398	
L	2428017	16		Médégué		LOCALITY	10.97643	15.51391	
L	2428020	18		Mécho		LOCALITY	12.60545	14.84368	
L	2428024	22		Méchiméré		LOCALITY	13.82522	15.7434	
L	2428031	05		Mébra		LOCALITY	11.0967	17.8397	
L	2428032	09		Mébita		LOCALITY	8.32	16.0968	
L	2428033	14		Mébigué		LOCALITY	9.446	16.4922	
L	2428037	21		Mdehir		LOCALITY	12.23312	14.96448	
L	2428038	06		Mby		LOCALITY	14.15686	15.1292	
L	2428040	17		Mbrobé		LOCALITY	9.65298	18.74172	
L	2428041	20		Mbrim		LOCALITY	9.5194	15.0744	
L	2428042	20		Mboursou Léré	امبورسو ليري	LOCALITY	9.7639	14.1539	17132
L	2428043	20		Mboursou		LOCALITY	9.9922	14.2185	
L	2428044	15		Mbourou		LOCALITY	11.22882	15.50856	
L	2428045	16		Mbourao Ouampa		LOCALITY	9.8916	14.7636	
L	2428046	16		Mbourao		LOCALITY	9.8481	14.7857	
L	2428047	09		Mboura		LOCALITY	7.59619	15.59492	
L	2428048	09		Mbou		LOCALITY	7.70735	15.67697	
L	2428050	07		Mbou		LOCALITY	13.86667	14.46667	
L	2428051	08		Mbou		LOCALITY	9.00549	15.66297	
L	2428055	07		Mbo		LOCALITY	13.50666	15.07312	
L	2428056	19		Mbo		LOCALITY	8.9234	17.1866	
L	2428057	08		Mbo		LOCALITY	8.63999	15.53681	
L	2428058	09		Mbo		LOCALITY	7.6451	15.6557	
L	2428059	09		Mbiri		LOCALITY	7.87672	15.57025	
L	2428062	16		Mbili		LOCALITY	9.8268	15.1073	
L	2428063	09		Mbikou		LOCALITY	8.60141	16.39258	
L	2428064	09		Mbikone		LOCALITY	7.62289	15.63358	
L	2428066	09		Mbigo		LOCALITY	8.2619	15.394	
L	2428067	20		Mbibou		LOCALITY	9.5927	15.0218	
L	2428069	09		Mbibangan		LOCALITY	7.9751	15.8524	
L	2428070	09		Mbéri		LOCALITY	9.1093	16.5945	
L	2428071	08		Mbéri		LOCALITY	8.94044	16.53045	
L	2428074	16		Mbéré		LOCALITY	10.78016	15.76847	
L	2428075	08		Mbéré		LOCALITY	9.0092	16.04124	
L	2428076	09		Bénim		LOCALITY	7.70139	16.66331	
L	2428077	05		Mbaziro		LOCALITY	11.96	18.1863	
L	2428079	09		Mbaye-Dogono		LOCALITY	7.75	15.7	
L	2428080	19		Mbaya		LOCALITY	9.18303	17.45962	
L	2428082	09		Mbaudé		LOCALITY	7.63957	15.75853	
L	2428083	09		Mbassaye		LOCALITY	7.6722	15.6703	
L	2428084	09		Baisapoké		LOCALITY	7.8164	15.8027	
L	2428086	16		Mbassagoyena		LOCALITY	10.06667	15.76667	
L	2428087	05		Mbassa		LOCALITY	10.73333	18.7	
L	2428089	16		Mbarou		LOCALITY	9.8453	14.899	
L	2428091	07		Mbar		LOCALITY	13.81667	14.6	
L	2428092	14		Mbangolo		LOCALITY	9.3314	16.9962	
L	2428095	09		Mbann		LOCALITY	8.10503	16.23683	
L	2428099	09		Mbala Kaba		LOCALITY	7.7847	16.6722	
L	2428100	08		Mbala		LOCALITY	8.78283	16.20375	
L	2428101	09		Mbala		LOCALITY	7.75	16.68333	
L	2428102	08		Mbakoul		LOCALITY	8.99763	16.26855	
L	2428104	20		Mbakeu		LOCALITY	8.8534	14.9846	
L	2428105	19		Mbakassa		LOCALITY	9.19125	17.29838	
L	2428106	14		Mbaïwel		LOCALITY	9.0957	16.176	
L	2428107	19		Mbaïmou		LOCALITY	8.63807	17.15011	
L	2428108	08		Mbaïkor		LOCALITY	9.0289	16.3527	
L	2428109	17		Mbaïgoro		LOCALITY	9.25053	18.37245	
L	2428110	08		Mbaïdam		LOCALITY	9.04109	16.24807	
L	2428111	09		Mbal		LOCALITY	7.6331	15.8181	
L	2428113	08		Mbagia		LOCALITY	8.61667	15.68333	
L	2428116	09		Mba		LOCALITY	7.83333	15.53333	
L	2428121	05		Mazéra		LOCALITY	12.03721	18.55753	
L	2428122	15		Mazera		LOCALITY	11.92029	15.19724	
L	2428125	19		Mayumtoro		LOCALITY	8.22015	17.69885	
L	2428126	06		Mayouliri		LOCALITY	14.10616	15.35486	
L	2428127	20		Tchap		LOCALITY	9.3432	14.4847	
L	2428128	19		Maïongo		LOCALITY	8.03824	17.82759	
L	2428129	05		Magnam		LOCALITY	11.47141	18.27933	
L	2428131	20		Mayo Ledde		LOCALITY	9.8587	14.6085	
L	2428134	20		El Bororo		LOCALITY	9.63333	14.18333	
L	2428135	20		Bororodji		LOCALITY	9.4592	14.1893	
L	2428137	05		Mayo		LOCALITY	11.8976	18.9463	
L	2428138	17		Mayo		LOCALITY	9.6878	19.3399	
L	2428139	19		Mayo		LOCALITY	9.27193	17.46842	
L	2428140	17		Mayo		LOCALITY	9.11657	18.18562	
L	2428141	17		Mayo		LOCALITY	8.6539	18.81253	
L	2428142	17		Mayo		LOCALITY	8.48569	18.20113	
L	2428143	19		Mayo		LOCALITY	7.97621	17.30528	
L	2428145	08		Maye Mougou		LOCALITY	9.03333	15.93333	
L	2428146	20		Mayel Ngam		LOCALITY	9.94325	14.44159	
L	2428147	17		Mayélé		LOCALITY	9.11303	18.28856	
L	2428150	19		Mayamtor		LOCALITY	9.31013	17.38479	
L	2428151	07		Mayala		LOCALITY	13.71357	14.29892	
L	2428152	15		May Aché		LOCALITY	11.95	15.7	
L	2428154	19		Maya		LOCALITY	7.96117	17.92038	
L	2428157	20		Matta		LOCALITY	9.8622	14.1852	
L	2428158	07		Matoun		LOCALITY	13.61667	14.86667	
L	2428160	15		Matote		LOCALITY	10.4908	16.7611	
L	2428161	07		Matini		LOCALITY	13.4	15.15	
L	2428162	15		Matinga		LOCALITY	10.9352	17.3147	
L	2428164	14		Matiguil		LOCALITY	10.1805	16.3671	
L	2428166	09		Matéti		LOCALITY	7.78836	17.23413	
L	2428167	20		Matépanri		LOCALITY	9.7687	14.3168	
L	2428168	06		Matéou		LOCALITY	14.06987	14.16521	
L	2428169	15		Maten Guergué		LOCALITY	11.4471	16.4875	
L	2428171	19		Matékaga		LOCALITY	9.0793	17.44535	
L	2428172	08		Matede		LOCALITY	8.65	15.98333	
L	2428173	16		Matchaka		LOCALITY	10.2175	15.60525	
L	2428174	06		Matay Agranga		LOCALITY	13.76261	15.62696	
L	2428175	05		Mataya		LOCALITY	11.99443	18.04647	
L	2428177	15		Matassi		LOCALITY	11.28106	15.16731	
L	2428178	15		Matassi		LOCALITY	11.20539	15.3553	
L	2428179	16		Matassi		LOCALITY	11.17667	15.36362	
L	2428181	06		Matari		LOCALITY	13.5863	15.81236	
L	2428185	06		Mataraka		LOCALITY	13.29822	15.61528	
L	2428186	05		Matara		LOCALITY	11.3076	18.1383	
L	2428187	09		Matao I		LOCALITY	8.2116	15.6136	
L	2428190	06		Matala		LOCALITY	13.7087	15.41595	
L	2428191	17		Matakongo		LOCALITY	9.63132	18.36836	
L	2428193	06		Matakayap Kangama		LOCALITY	13.68333	15.68434	
L	2428195	07		Matafo		LOCALITY	13.52274	14.68545	
L	2428197	15		Matabono		LOCALITY	10.7038	16.7321	
L	2428198	01		Matabgé		LOCALITY	13.2635	18.3122	
L	2428199	01		Matabgué		LOCALITY	13.03333	18.76667	
L	2428200	01		Matabgue		LOCALITY	12.99311	18.85193	
L	2428201	18		Matabga		LOCALITY	11.9348	17.2153	
L	2428202	16		Matabeye		LOCALITY	9.81667	15.05	
L	2428203	01		Matabano		LOCALITY	13.1964	18.3388	
L	2428204	07		Mata		LOCALITY	13.48333	14.86667	
L	2428205	17		Mata		LOCALITY	9.7365	19.29949	
L	2428206	17		Mata		LOCALITY	9.2	18.21667	
L	2428207	15		Mastoura		LOCALITY	12.22886	15.21939	
L	2428208	16		Mastoudou		LOCALITY	9.73333	15.4	
L	2428209	19		Massoua		LOCALITY	8.82409	17.658	
L	2428210	17		Masidjanga		LOCALITY	10.0453	19.3826	
L	2428212	15		Massi		LOCALITY	10.53333	16.75	
L	2428213	17		Kémassia		LOCALITY	9.03853	18.41521	
L	2428214	08		Massipoussou		LOCALITY	9.0418	16.475	
L	2428215	16		Massera		LOCALITY	11.05	15.25	
L	2428216	15		Massenya	ماسنيا	CITY	11.40345	16.17037	4611
L	2428218	08		Massoumbo		LOCALITY	8.4789	15.4563	
L	2428219	17		Massékaba		LOCALITY	9.40258	18.82573	
L	2428221	05		Massane		LOCALITY	11.1484	18.5696	
L	2428222	14		Massan I		LOCALITY	9.4025	16.0122	
L	2428223	14		Massan II		LOCALITY	9.37	16.0314	
L	2428224	20		Massang		LOCALITY	8.9865	14.9869	
L	2428225	05		Masaloua		LOCALITY	11.771	19.2076	
L	2428226	18		Masalasef		LOCALITY	11.71247	17.1305	
L	2428228	18		Massakory	مسكوري	CITY	12.99809	15.73195	39944
L	2428231	18		Massaguet	مساقط	LOCALITY	12.47554	15.43647	28401
L	2428233	14		Massa		LOCALITY	9.4392	16.8213	
L	2428236	18		Masoua		LOCALITY	13.04344	15.30421	
L	2428238	01		Mas Marbé		LOCALITY	13.1637	18.324	
L	2428239	01		Mas Mata		LOCALITY	13.1177	18.7117	
L	2428240	19		Moskilim		LOCALITY	8.6806	17.6834	
L	2428241	14		Maskéna		LOCALITY	9.6826	16.2594	
L	2428242	14		Maskena Abdoul		LOCALITY	9.7	16.26667	
L	2428243	01		Maskao		LOCALITY	13.0718	18.6682	
L	2428244	01		Maskao		LOCALITY	12.97579	17.66416	
L	2428245	15		Maskabou		LOCALITY	11.94405	15.36486	
L	2428246	05		Masise		LOCALITY	12.16701	18.21703	
L	2428247	15		Masiré		LOCALITY	11.1978	16.4321	
L	2428249	15		Masinion		LOCALITY	11.3096	16.267	
L	2428250	07		Masi		LOCALITY	13.65	14.66667	
L	2428251	08		Massi		LOCALITY	8.7754	15.5468	
L	2428253	15		Massera		LOCALITY	11.22335	15.25674	
L	2428254	01		Mas Dougou		LOCALITY	12.92511	18.09523	
L	2428255	01		Masbala		LOCALITY	13.0533	17.6024	
L	2428256	18		Masa Toungoula		LOCALITY	13.01474	15.32196	
L	2428257	18		Masarma		LOCALITY	12.57152	16.59586	
L	2428260	18		Massalassef		LOCALITY	12.56288	14.96274	
L	2428261	01		Masala		LOCALITY	12.71105	17.17669	
L	2428264	15		Massafi		LOCALITY	12.286	15.89172	
L	2428266	07		Massa		LOCALITY	14.14454	13.86776	
L	2428268	15		Martiakam		LOCALITY	10.90846	16.16574	
L	2428269	15		Martia		LOCALITY	10.93175	16.15646	
L	2428271	16		Martchama		LOCALITY	10.2723	16.1198	
L	2428272	16		Marsamaye		LOCALITY	10.6	15.16667	
L	2428273	15		Marrel		LOCALITY	10.9061	17.1074	
L	2428276	01		Marouda		LOCALITY	13.3814	19.766	
L	2428277	16		Marofi		LOCALITY	10.5478	16.1084	
L	2428281	19		Maro		LOCALITY	9.22349	17.71018	21274
L	2428282	17		Maro		LOCALITY	8.41162	18.77067	
L	2428284	15		Marmi		LOCALITY	12.23597	15.31794	
L	2428285	16		Marmaye		LOCALITY	10.79548	15.10387	
L	2428286	16		Marmaye		LOCALITY	10.66667	15.4	
L	2428291	13		Marmak		LOCALITY	10.6527	19.8709	
L	2428292	15		Marmadogui		LOCALITY	11.98942	15.14067	
L	2428293	14		Marma		LOCALITY	9.6394	16.3673	
L	2428294	01		Marla Kache		LOCALITY	12.83891	18.45663	
L	2428296	15		Markes		LOCALITY	11.02934	15.51681	
L	2428298	18		Marasouba		LOCALITY	12.08485	17.43032	
L	2428299	19		Markala		LOCALITY	8.71675	17.40414	
L	2428300	07		Marka		LOCALITY	13.63333	14.21667	
L	2428301	18		Mario		LOCALITY	12.49741	16.67253	
L	2428304	15		Marié		LOCALITY	11.1969	16.5604	
L	2428311	05		Mari		LOCALITY	11.104	17.9336	
L	2428312	19		Mari		LOCALITY	8.94213	17.34794	
L	2428314	15		Marhouma		LOCALITY	11.56667	16.95	
L	2428315	07		Margoum		LOCALITY	13.60822	14.82268	
L	2428316	05		Marguia		LOCALITY	11.2048	18.246	
L	2428317	07		Margou Koulfou		LOCALITY	13.38333	14.85	
L	2428318	07		Margou		LOCALITY	13.33333	14.86667	
L	2428320	16		Margass		LOCALITY	10.92981	15.31526	
L	2428321	20		Margalao		LOCALITY	9.35	14.81667	
L	2428322	16		Marga		LOCALITY	10.56572	15.3	
L	2428331	18		Mardia		LOCALITY	12.55249	14.99742	
L	2428332	15		Mardia		LOCALITY	12.05091	15.2608	
L	2428333	15		Mardia		LOCALITY	11.8073	15.1824	
L	2428334	21		Mardan Noûm		LOCALITY	12.13333	15.05	
L	2428337	20		Marcalao		LOCALITY	9.36667	15.03333	
L	2428338	05		Marbo		LOCALITY	12.15289	17.64398	
L	2428339	14		Marbelem Pindjing		LOCALITY	9.22564	15.87502	
L	2428340	14		Marbélem Lamgué		LOCALITY	9.25681	15.84867	
L	2428341	14		Marbelem Kokro		LOCALITY	9.24319	15.85993	
L	2428342	14		Marbelem		LOCALITY	9.19355	15.78924	
L	2428343	16		Marbata		LOCALITY	10.4285	16.0023	
L	2428344	18		Marba		LOCALITY	12.50588	15.64527	
L	2428346	14		Marba Mander		LOCALITY	9.5436	15.8239	
L	2428347	14		Marba Kakrao		LOCALITY	9.5941	15.8056	
L	2428348	14		Marba Gogor		LOCALITY	9.545	15.7736	
L	2428349	14		Marba Ganane		LOCALITY	9.55	15.78333	
L	2428350	14		Marba Gana		LOCALITY	9.5877	15.7679	
L	2428351	14		Marba Damdou		LOCALITY	9.5421	15.8051	
L	2428352	14		Marba Bakchoro		LOCALITY	9.4855	15.8223	
L	2428353	06		Marawolili		LOCALITY	13.33979	15.63586	
L	2428356	17		Marakouya		LOCALITY	9.35772	18.52889	
L	2428358	16		Marakaye		LOCALITY	10.75763	15.1	
L	2428361	13		Marafaïn		LOCALITY	10.3057	19.7354	
L	2428363	17		Maraboto Kouya		LOCALITY	9.32661	18.68405	
L	2428364	17		Marabé		LOCALITY	9.32602	18.64879	
L	2428367	06		Mara		LOCALITY	14.11758	15.28333	
L	2428368	06		Mara		LOCALITY	14.03089	15.32385	
L	2428369	20		Mar		LOCALITY	8.96667	15.23333	
L	2428370	20		Mar		LOCALITY	8.91165	15.20027	
L	2428371	08		Mar		LOCALITY	8.56903	15.8067	
L	2428372	08		Mar		LOCALITY	8.5385	15.3227	
L	2428373	09		Mar		LOCALITY	7.9506	15.8145	
L	2428375	15		Mapente		LOCALITY	11.9483	15.31759	
L	2428376	20		Mapapalé		LOCALITY	9.5972	14.4044	
L	2428378	06		Mapal		LOCALITY	14.34566	15.28919	
L	2428379	06		Mapal		LOCALITY	14.3408	15.2701	
L	2428380	06		Mapal		LOCALITY	14.08424	15.24193	
L	2428382	20		Mapachinré		LOCALITY	9.6224	14.8921	
L	2428383	20		Maoutehaye		LOCALITY	9.4106	14.5963	
L	2428385	06		Maoukoudou		LOCALITY	14.08081	15.3588	
L	2428386	06		Maou		LOCALITY	14.11485	15.47232	
L	2428387	07		Maou		LOCALITY	13.59869	14.60181	
L	2428390	06		Maokininga		LOCALITY	14.46354	15.40121	
L	2428393	06		Maoboy		LOCALITY	14.11051	15.31314	
L	2428394	06		Mao	ماو	CITY	14.12286	15.31189	50681
L	2428395	09		Mao		LOCALITY	8.23954	16.67059	
L	2428399	18		Mantcharné		LOCALITY	12.67728	17.05706	
L	2428400	18		Mantal		LOCALITY	12.59074	14.94417	
L	2428401	08		Manso		LOCALITY	9.0623	16.20169	
L	2428402	01		Man Sara		LOCALITY	12.96681	18.52533	
L	2428405	15		Manoadji		LOCALITY	11.5896	17.1053	
L	2428406	14		Mannoujibé		LOCALITY	9.05373	17.00783	
L	2428409	20		Mannmassé		LOCALITY	8.68009	15.28465	
L	2428411	14		Mankouladé		LOCALITY	9.2724	16.9906	
L	2428412	15		Mankin		LOCALITY	11.47729	15.23368	
L	2428413	15		Mankin		LOCALITY	11.45658	15.24247	
L	2428415	08		Mankaybeti		LOCALITY	8.51561	15.3292	
L	2428416	20		Mankana		LOCALITY	8.8147	15.1966	
L	2428417	01		Man Kala		LOCALITY	13.0415	18.2106	
L	2428419	22		Manjéli		LOCALITY	13.44772	15.96186	
L	2428420	20		Manioabé		LOCALITY	8.81246	15.34101	
L	2428422	20		Manilo		LOCALITY	8.52747	15.23903	
L	2428423	16		Manil		LOCALITY	10.51943	15.88233	
L	2428424	09		Manigaga		LOCALITY	8.96282	16.96667	
L	2428426	13		Maniam		LOCALITY	10.6416	19.6662	
L	2428427	23		Mani		LOCALITY	17.95484	18.88024	
L	2428428	18		Mani		LOCALITY	12.73162	14.67921	
L	2428431	19		Manguélé		LOCALITY	9.31333	17.73633	
L	2428432	14		Mangsou Yaogué		LOCALITY	9.2258	15.7731	
L	2428433	14		Mangsé Bembok		LOCALITY	9.27248	15.90548	
L	2428434	14		Mangsé		LOCALITY	9.27843	15.94216	
L	2428435	14		Mangsé		LOCALITY	9.27812	15.85685	
L	2428436	16		Manhra		LOCALITY	9.84138	15.04047	
L	2428437	18		Mangounde		LOCALITY	12.79789	16.73938	
L	2428438	09		Mangoueï		LOCALITY	7.8911	15.7696	
L	2428439	17		Mangou		LOCALITY	9.44679	18.91199	
L	2428440	09		Mango		LOCALITY	8.73713	16.88211	
L	2428441	01		Mangbatoua		LOCALITY	13.05682	17.44073	
L	2428445	17		Mangara		LOCALITY	8.99437	18.07573	
L	2428447	14		Manga Ngolo		LOCALITY	9.3901	15.9682	
L	2428449	18		Magamé		LOCALITY	12.471	15.19458	
L	2428450	05		Mangalmé		LOCALITY	12.3546	19.6139	15939
L	2428451	07		Manga Kiaram		LOCALITY	13.8	14.3	
L	2428452	14		Manga Dongo		LOCALITY	9.1667	15.79433	
L	2428453	14		Manga Barmin		LOCALITY	9.22372	15.7966	
L	2428454	14		Manga Balbal		LOCALITY	9.1936	15.8661	
L	2428456	09		Manga		LOCALITY	8.97	17.09913	
L	2428457	19		Manga		LOCALITY	8.71614	17.79259	
L	2428458	19		Manga		LOCALITY	8.7	17.76667	
L	2428459	19		Manga		LOCALITY	8.57802	17.27822	
L	2428465	14		Manedergué		LOCALITY	9.76667	16.86667	
L	2428466	05		Mané		LOCALITY	10.85023	18.70481	
L	2428469	19		Mandouboulou		LOCALITY	8.24638	17.84898	
L	2428470	14		Mandon		LOCALITY	9.0151	15.6074	
L	2428471	17		Mandjoua		LOCALITY	9.59931	18.80334	
L	2428472	14		Mandjiré		LOCALITY	9.3252	15.9282	
L	2428473	14		Mandjir		LOCALITY	9.23333	16.51667	
L	2428474	15		Mandjaffa		LOCALITY	12.03399	15.16058	
L	2428476	15		Mandjafa		LOCALITY	11.17937	15.4159	
L	2428477	06		Mandiala		LOCALITY	13.73616	15.34497	
L	2428478	07		Mandi		LOCALITY	13.41667	14.78333	
L	2428480	15		Mandelia		LOCALITY	11.73017	15.24468	19373
L	2428481	01		Mandélé		LOCALITY	13.2014	18.3114	
L	2428482	17		Mandékaga		LOCALITY	9.2048	18.2744	
L	2428483	14		Mandé		LOCALITY	9.5847	16.2842	
L	2428484	15		Mandcha		LOCALITY	11.35764	15.3049	
L	2428485	17		Mandayé II		LOCALITY	8.8951	18.26526	
L	2428486	17		Mandayé I		LOCALITY	8.9729	18.271	
L	2428487	08		Mandaya		LOCALITY	8.43092	15.5873	
L	2428488	19		Mandang		LOCALITY	9.21893	17.59242	
L	2428489	20		Mannda Kouti		LOCALITY	8.61131	15.22335	
L	2428490	08		Manndakao		LOCALITY	8.78378	15.39607	
L	2428491	17		Manda II		LOCALITY	8.76396	18.13743	
L	2428498	17		Manda		LOCALITY	9.17951	18.21568	
L	2428499	14		Manda		LOCALITY	9.0859	16.1432	
L	2428500	08		Manda		LOCALITY	8.90297	15.85343	
L	2428501	08		Mannda		LOCALITY	8.82221	15.409	
L	2428502	08		Manda		LOCALITY	8.7662	15.7999	
L	2428503	09		Manda		LOCALITY	7.9971	15.9086	
L	2428506	06		Manawaki		LOCALITY	13.79693	15.5537	
L	2428507	18		Manara		LOCALITY	12.58863	15.93576	
L	2428508	01		Mana Ouadji		LOCALITY	12.89511	18.32543	
L	2428510	09		Manang		LOCALITY	8.23264	16.17075	
L	2428511	08		Manamia		LOCALITY	8.51667	15.36667	
L	2428513	16		Manaka		LOCALITY	10.8621	15.44261	
L	2428514	16		Manaka		LOCALITY	10.06667	15.98333	
L	2428515	14		Manaï II		LOCALITY	9.276	16.4004	
L	2428516	14		Manaï I		LOCALITY	9.2835	16.4127	
L	2428517	06		Manadri		LOCALITY	14.45	13.98333	
L	2428518	15		Mamsamori		LOCALITY	11.91717	15.18283	
L	2428520	15		Mamlay		LOCALITY	10.5971	16.7425	
L	2428521	15		Mamlaka		LOCALITY	11.29554	15.16058	
L	2428523	06		Maméri		LOCALITY	14.01959	15.46525	
L	2428524	15		Mamlay		LOCALITY	10.6237	16.7785	
L	2428525	15		Mambel		LOCALITY	11.536	17.102	
L	2428526	14		Manbagay		LOCALITY	9.04965	15.79381	
L	2428527	22		Mamatè		LOCALITY	13.2285	16.2875	
L	2428532	07		Malounsoukouri		LOCALITY	13.65043	15.38187	
L	2428533	15		Maloum Toukous		LOCALITY	11.33785	15.82467	
L	2428534	15		Maloum Souloum		LOCALITY	10.99355	15.76574	
L	2428537	18		Maloumra		LOCALITY	12.88977	14.76742	
L	2428538	15		Maloumri	ملومري	LOCALITY	11.8996	15.46325	
L	2428539	15		Maloum Choroma		LOCALITY	11.06826	15.76055	
L	2428542	15		Maloum		LOCALITY	11.43774	15.87207	
L	2428543	05		Malouko		LOCALITY	11.2995	17.7101	
L	2428545	18		Maloui		LOCALITY	13.0056	15.39903	
L	2428547	15		Maloudou		LOCALITY	11.4563	15.29426	
L	2428549	14		Marou		LOCALITY	9.3633	16.8318	
L	2428550	05		Malogon		LOCALITY	12.1135	19.059	
L	2428554	01		Malout		LOCALITY	13.23333	19.43333	
L	2428557	18		Malloum		LOCALITY	13.09855	15.33628	
L	2428561	19		Malissama		LOCALITY	8.25052	18.09845	
L	2428564	16		Malima		LOCALITY	10.72423	15.49911	
L	2428566	06		Malili		LOCALITY	14.16011	15.18414	
L	2428567	05		Maligué		LOCALITY	11.93	18.2225	
L	2428568	01		Mali Dreb		LOCALITY	12.78711	17.93675	
L	2428570	06		Maliam		LOCALITY	13.71473	15.50111	
L	2428571	16		Malgogou		LOCALITY	10.77302	15.87026	
L	2428579	18		Oudou Malémi		LOCALITY	11.9436	17.1625	
L	2428580	15		Malemguida		LOCALITY	11.58397	15.43585	
L	2428581	15		Malemgana		LOCALITY	10.98333	15.75	
L	2428582	01		Malémé		LOCALITY	13.02617	17.38476	
L	2428584	15		Maleign		LOCALITY	11.2459	16.5207	
L	2428586	17		Maléguila		LOCALITY	9.56147	18.97791	
L	2428587	15		Malegri		LOCALITY	11.64356	15.21845	
L	2428588	17		Malé		LOCALITY	9.97728	19.0716	
L	2428589	16		Maldou		LOCALITY	11.15232	15.21715	
L	2428590	16		Malboum		LOCALITY	10.91147	15.44129	
L	2428591	17		Malbom		LOCALITY	9.9444	17.92924	
L	2428593	15		Malbana		LOCALITY	11.6021	16.8408	
L	2428594	15		Malbana		LOCALITY	11.6185	16.8224	
L	2428597	22		Malawo		LOCALITY	13.2061	16.341	
L	2428598	22		Malawo		LOCALITY	13.1686	16.0164	
L	2428599	22		Malawo		LOCALITY	13.16038	15.97715	
L	2428600	18		Malaouaya		LOCALITY	12.53655	14.95201	
L	2428601	15		Mala Souroudj		LOCALITY	11.6119	16.7207	
L	2428602	14		Malaré		LOCALITY	9.12295	15.95538	
L	2428604	20		Malaodim		LOCALITY	9.4531	14.6648	
L	2428605	20		Malanigomé		LOCALITY	9.59969	15.01678	
L	2428608	06		Malanga		LOCALITY	13.83333	14.98333	
L	2428609	16		Malam Saadi		LOCALITY	10.56363	15.19276	
L	2428610	18		Malamousa		LOCALITY	13.02996	15.7313	
L	2428611	15		Malamouri		LOCALITY	10.8691	16.728	
L	2428612	15		Malamouri		LOCALITY	10.82173	15.85064	
L	2428616	18		Malalié		LOCALITY	12.49559	14.86089	
L	2428617	05		Malalé		LOCALITY	11.9256	18.7708	
L	2428618	14		Malaldi		LOCALITY	9.15649	16.52901	
L	2428619	17		Malakomé		LOCALITY	9.57026	18.53224	
L	2428622	18		Malafia		LOCALITY	12.94928	15.62408	
L	2428623	18		Malafia		LOCALITY	12.84885	15.58978	
L	2428624	15		Maladou		LOCALITY	11.26947	15.35939	
L	2428625	01		Malabada		LOCALITY	13.0117	18.5226	
L	2428628	05		Mala		LOCALITY	12.13041	18.88323	
L	2428629	16		Mala		LOCALITY	10.9394	15.09051	
L	2428630	17		Mala		LOCALITY	9.0896	18.484	
L	2428631	17		Mala		LOCALITY	9	18.51667	
L	2428634	01		Maksaba		LOCALITY	13.05635	17.94838	
L	2428635	07		Makoum		LOCALITY	13.61667	14.88333	
L	2428636	08		Makoula		LOCALITY	8.61068	15.94453	
L	2428637	09		Makoudoumi		LOCALITY	7.76526	15.84453	
L	2428638	09		Macoudoumi		LOCALITY	7.6881	15.8082	
L	2428639	09		Makou		LOCALITY	8.47074	16.10939	
L	2428643	09		Makobo-Béroutou		LOCALITY	8.3805	16.8157	
L	2428644	17		Mako		LOCALITY	9.64421	18.91835	
L	2428645	15		Makli		LOCALITY	10.92357	15.57726	
L	2428646	07		Makilala		LOCALITY	13.35	14.91667	
L	2428647	07		Makiarom		LOCALITY	13.36667	14.66667	
L	2428649	01		Makhanouk		LOCALITY	13.11768	18.41766	
L	2428650	17		Maké		LOCALITY	9.51667	18.86667	
L	2428651	17		Makay		LOCALITY	9.53926	19.12871	
L	2428652	09		Makata		LOCALITY	8.1122	15.9011	
L	2428654	01		Makasouba		LOCALITY	12.96661	18.28453	
L	2428655	16		Makaroua		LOCALITY	10.88948	15.09977	
L	2428656	15		Makarake		LOCALITY	11.77883	15.12503	
L	2428658	18		Makalif		LOCALITY	12.85	14.68333	
L	2428660	19		Makaga		LOCALITY	9.15578	17.56039	
L	2428661	16		Makadi		LOCALITY	9.73333	15.45	
L	2428662	01		Makadémé		LOCALITY	13.3293	19.4055	
L	2428663	14		Makabou		LOCALITY	9.12337	15.88945	
L	2428664	05		Mak		LOCALITY	11.4028	18.3772	
L	2428665	15		Majiki		LOCALITY	11.6093	15.44906	
L	2428666	17		Maïtoro		LOCALITY	8.55856	18.59214	
L	2428667	17		Maïtira		LOCALITY	8.8301	18.4352	
L	2428668	19		Maïtéra		LOCALITY	8.3479	18.1046	
L	2428669	19		Maïtaté		LOCALITY	9.22309	17.32168	
L	2428670	19		Maïtama		LOCALITY	9.41514	17.45213	
L	2428671	19		Maïtama		LOCALITY	9.13933	17.51602	
L	2428672	19		Maïtama		LOCALITY	8.56667	17.68333	
L	2428673	19		Maïta		LOCALITY	9.21119	17.28317	
L	2428674	17		Maïta		LOCALITY	9.0685	18.4301	
L	2428675	17		Mairom		LOCALITY	9.3328	18.224	
L	2428676	17		Mairom		LOCALITY	9.126	18.3528	
L	2428678	15		Maïra		LOCALITY	10.55067	16.91492	
L	2428679	19		Maïnon		LOCALITY	8.4827	17.7882	
L	2428681	19		Maïninga		LOCALITY	8.2104	17.3827	
L	2428682	14		Maïngone		LOCALITY	9.2312	16.6859	
L	2428683	17		Maingara		LOCALITY	9.1195	18.3789	
L	2428684	17		Maïngara		LOCALITY	8.68308	18.78512	
L	2428685	17		Maïngara		LOCALITY	8.49813	18.20946	
L	2428686	19		Maïngara		LOCALITY	8.48628	17.497	
L	2428687	17		Maïngara		LOCALITY	8.4464	18.1785	
L	2428688	19		Maïngama II		LOCALITY	8.15	17.95	
L	2428689	19		Maïngama I		LOCALITY	8.16667	17.93333	
L	2428690	17		Maïngala		LOCALITY	8.774	18.2942	
L	2428691	19		Maïnimga		LOCALITY	7.9464	17.4885	
L	2428692	05		Maïné		LOCALITY	12.3583	19.645	
L	2428693	17		Maïndou		LOCALITY	8.8087	18.53776	
L	2428694	19		Maïndou		LOCALITY	8.343	17.9756	
L	2428695	19		Maïmbaya		LOCALITY	8.4267	17.5427	
L	2428696	15		Maïnapa		LOCALITY	10.5248	16.548	
L	2428697	08		Ménani		LOCALITY	8.6685	15.9196	
L	2428698	08		Maïnané		LOCALITY	8.63333	16.1	
L	2428699	19		Maïnana II		LOCALITY	8.5037	17.8102	
L	2428700	19		Maïnana I		LOCALITY	8.4847	17.83221	
L	2428701	15		Maïna Madou		LOCALITY	11.92687	15.09019	
L	2428704	15		Maïna		LOCALITY	10.6494	16.9535	
L	2428706	19		Maïmou		LOCALITY	9.01667	18.06667	
L	2428707	17		Maïmou		LOCALITY	8.99668	18.0563	
L	2428708	19		Maïmoro		LOCALITY	8.81485	17.61143	
L	2428709	15		Maïmer		LOCALITY	11.4198	16.3494	
L	2428710	17		Maïmbaya		LOCALITY	8.431	18.22304	
L	2428711	19		Maïmbaya		LOCALITY	8.384	17.7178	
L	2428712	19		Maïmbaya		LOCALITY	8.36907	17.73562	
L	2428713	19		Maïmani		LOCALITY	9.21623	17.65873	
L	2428714	17		Maimana		LOCALITY	9.2443	18.484	
L	2428715	17		Maïmana		LOCALITY	8.8068	18.3827	
L	2428716	19		Maïmana		LOCALITY	8.431	17.7423	
L	2428717	19		Maïmana		LOCALITY	8.4034	17.8735	
L	2428718	19		Maïmana		LOCALITY	8.2101	17.4527	
L	2428719	09		Maïmann		LOCALITY	8.25922	16.11379	
L	2428720	19		Maïmala		LOCALITY	9.34323	17.60483	
L	2428721	17		Maïmadjia		LOCALITY	8.5008	18.4388	
L	2428722	19		Maïmadja		LOCALITY	8.3055	17.5403	
L	2428723	17		Maïmada		LOCALITY	8.8042	18.4872	
L	2428724	19		Maïmada		LOCALITY	8.46667	17.93333	
L	2428725	17		Mailo		LOCALITY	9.1959	18.3638	
L	2428726	16		Maïlem		LOCALITY	11.15204	15.37398	
L	2428727	15		Mailgri		LOCALITY	11.70264	15.29399	
L	2428728	15		Maïlao		LOCALITY	11.58664	15.28222	
L	2428729	16		Maïlao		LOCALITY	10.5187	16.0108	
L	2428730	08		Maïlo		LOCALITY	8.51245	15.78883	
L	2428731	15		Maïlab		LOCALITY	10.5245	16.7646	
L	2428733	19		Maïkouma		LOCALITY	8.3	17.51667	
L	2428735	19		Maïkoubou		LOCALITY	8.2	17.81667	
L	2428736	17		Maïkou		LOCALITY	8.7471	18.1122	
L	2428737	19		Maïkoutou		LOCALITY	7.97945	17.89629	
L	2428738	19		Maïkorom		LOCALITY	8.78776	17.14723	
L	2428739	09		Baïkoro		LOCALITY	8.53108	16.24523	
L	2428740	19		Maïkongo		LOCALITY	8.18333	17.75	
L	2428741	19		Maïkolo		LOCALITY	8.3546	17.7134	
L	2428742	17		Maïkolo		LOCALITY	8.7047	18.5431	
L	2428743	19		Maïkolo		LOCALITY	8.21411	17.37819	
L	2428744	17		Mai Kobo		LOCALITY	8.6699	18.5819	
L	2428745	17		Maïkirom		LOCALITY	8.6979	18.2732	
L	2428747	19		Maïkélé		LOCALITY	8.6	17.9904	
L	2428748	19		Maïkan		LOCALITY	8.3786	17.764	
L	2428749	05		Maïgomo		LOCALITY	12.82238	19.487	
L	2428751	15		Maïgana	مائقانا	LOCALITY	12.20202	16.47257	
L	2428752	15		Maigana	مائقانا	LOCALITY	11.95	16.55	
L	2428755	17		Maïélé		LOCALITY	8.67544	18.79168	
L	2428756	15		Maïdougouri		LOCALITY	11.76904	15.23405	
L	2428757	16		Maïdou		LOCALITY	11.18753	15.33618	
L	2428758	09		Maïdé		LOCALITY	8.46033	17.08527	
L	2428759	19		Maïbouri		LOCALITY	9.36603	17.41982	
L	2428760	15		Maïbo Tchoumou		LOCALITY	10.65173	17.21221	
L	2428761	09		Maybo Mbay		LOCALITY	8.81372	16.97968	
L	2428762	09		Maïbo Goulaye		LOCALITY	8.82411	17.0497	
L	2428763	19		Maïbogo		LOCALITY	8.53701	17.2858	
L	2428764	19		Maïbogo		LOCALITY	8.48022	17.535	
L	2428765	19		Maïbogo		LOCALITY	8.3484	18.09504	
L	2428766	19		Maïbodo		LOCALITY	8.39069	17.75622	
L	2428767	19		Maïbo		LOCALITY	9.16153	17.37742	
L	2428768	17		Maïbo		LOCALITY	8.88435	18.36337	
L	2428769	19		Maïbo		LOCALITY	7.9318	17.5234	
L	2428770	15		Maïtkam		LOCALITY	10.873	16.0361	
L	2428771	19		Maïbidi		LOCALITY	8.36667	17.83333	
L	2428772	17		Maybéssé		LOCALITY	9.16187	18.25593	
L	2428773	19		Maïbara		LOCALITY	8.4	17.76667	
L	2428774	19		Maïara		LOCALITY	8.35	17.8	
L	2428775	15		Mai Ache		LOCALITY	11.993	15.73699	
L	2428778	07		Mahoundom		LOCALITY	13.66667	14.88333	
L	2428779	20		Maouin		LOCALITY	9.47448	15.07679	
L	2428781	05		Mahoua		LOCALITY	11.7423	18.2806	
L	2428782	16		Mahora		LOCALITY	9.75	15.8	
L	2428783	16		Maho		LOCALITY	11.13841	15.38553	
L	2428784	16		Mahiri		LOCALITY	10.72689	15.94686	
L	2428785	18		Mahiouwadji		LOCALITY	13.11045	15.25858	
L	2428786	19		Mahim III		LOCALITY	9.22713	17.15652	
L	2428787	19		Mahim II		LOCALITY	9.27072	17.12806	
L	2428788	17		Mahimi		LOCALITY	9.07429	18.57938	
L	2428789	19		Mahim		LOCALITY	9.2664	17.20669	
L	2428790	19		Mahibélé		LOCALITY	8.31667	17.96667	
L	2428792	18		Mahd-el Fil		LOCALITY	12.43593	14.90323	
L	2428793	21		Mahd el Aouin		LOCALITY	12.0571	15.15025	
L	2428794	16		Mahaye		LOCALITY	10.60648	15.46972	
L	2428797	18		Mahana		LOCALITY	12.39247	14.98839	
L	2428802	05		Mahadjirié		LOCALITY	12.5582	19.4156	
L	2428803	18		Mahadel Khel		LOCALITY	12.7802	14.55948	
L	2428806	15		Maguilka	مغيلكا	LOCALITY	11.8037	15.48519	
L	2428808	17		Magoumbou		LOCALITY	8.64916	18.07268	
L	2428811	16		Magouaye		LOCALITY	10.74502	15.32021	
L	2428812	20		Magonbal		LOCALITY	9.2394	14.5067	
L	2428814	19		Magnia		LOCALITY	9.20585	17.32176	
L	2428815	15		Magni		LOCALITY	11.86333	15.19838	
L	2428817	05		Magli		LOCALITY	11.6806	19.088	
L	2428818	15		Maguili		LOCALITY	11.4234	16.5119	
L	2428820	07		Magigir		LOCALITY	13.35	14.61667	
L	2428821	06		Maguianga		LOCALITY	13.96435	15.55254	
L	2428824	18		Magueti		LOCALITY	13.0602	15.68792	
L	2428825	07		Maguerné		LOCALITY	13.68801	15.19556	
L	2428826	18		Magerné		LOCALITY	13.01667	15.2	
L	2428829	16		Magaye		LOCALITY	10.71516	15.45061	
L	2428830	19		Magaya		LOCALITY	8.38333	17.51667	
L	2428832	15		Magatzi		LOCALITY	11.74996	15.15747	
L	2428835	06		Magarafo		LOCALITY	14.17698	15.53364	
L	2428839	16		Magao		LOCALITY	10.60429	15.34975	
L	2428844	16		Magala		LOCALITY	10.71704	15.34384	
L	2428845	15		Magako		LOCALITY	11.82382	15.17759	
L	2428846	13		Magadada		LOCALITY	10.3784	19.8863	
L	2428850	07		Mafou		LOCALITY	13.4	14.78333	
L	2428852	15		Korweï-Mafende	مفيندي	LOCALITY	11.86974	15.47234	
L	2428854	18		Mafandé		LOCALITY	12.85	14.63333	
L	2428855	15		Mafaling Sara		LOCALITY	10.5442	16.5226	
L	2428856	15		Mafaling		LOCALITY	10.55304	16.45709	
L	2428859	16		Mafaki		LOCALITY	10.58295	15.52952	
L	2428861	20		Madouméré		LOCALITY	9.4291	14.6978	
L	2428862	05		Madoul		LOCALITY	12.3208	19.6216	
L	2428865	15		Madoui		LOCALITY	11.93603	15.12162	
L	2428866	20		Madouguélé		LOCALITY	9.9072	14.2136	
L	2428867	15		Madoubou		LOCALITY	11.28613	15.375	
L	2428872	08		Madana		LOCALITY	9.0151	16.3666	
L	2428874	15		Madogoré		LOCALITY	11.60188	15.4226	
L	2428875	09		Madoc		LOCALITY	7.9	16.13333	
L	2428876	09		Madoc		LOCALITY	7.77554	15.84639	
L	2428877	08		Madoba		LOCALITY	8.63333	16.23333	
L	2428883	15		Madlama		LOCALITY	10.8036	16.0132	
L	2428884	18		Madkous		LOCALITY	12.595	15.045	
L	2428885	18		Madkous		LOCALITY	12.58268	15.00319	
L	2428886	06		Madjourou		LOCALITY	14.08989	14.05965	
L	2428887	15		Madjoum		LOCALITY	10.4643	17.0981	
L	2428888	15		Madjoré		LOCALITY	10.739	16.1987	
L	2428889	21		Madjorio		DISTRICT	12.13189	15.00028	
L	2428890	15		Madjonka		LOCALITY	10.3582	16.1347	
L	2428891	18		Madjirie		LOCALITY	12.49756	16.06063	
L	2428892	09		Madjio		LOCALITY	8.58524	16.83122	
L	2428895	18		Madjaldi		LOCALITY	12.50323	15.49018	
L	2428896	05		Madjerga		LOCALITY	12.306	19.581	
L	2428897	14		Madjang		LOCALITY	9.4346	16.3202	
L	2428900	18		Madiri		LOCALITY	12.96218	15.64686	
L	2428902	17		Madimba		LOCALITY	8.83016	18.48666	
L	2428903	07		Madi Kimérom		LOCALITY	13.51667	14.73333	
L	2428907	07		Madigil		LOCALITY	13.38333	14.93333	
L	2428910	19		Madibouyou		LOCALITY	8.318	17.8783	
L	2428911	08		Madibé		LOCALITY	8.6189	15.4012	
L	2428913	16		Mademar		LOCALITY	11.06606	15.31432	
L	2428914	07		Madem		LOCALITY	13.55909	15.20115	
L	2428915	15		Madel Ouèï		LOCALITY	10.96667	16.73333	
L	2428916	07		Madéhelia		LOCALITY	13.5987	15.32169	
L	2428918	07		Madé		LOCALITY	13.6099	15.33334	
L	2428919	15		Madba		LOCALITY	12.01533	15.28246	
L	2428920	15		Madawadji		LOCALITY	10.9415	16.341	
L	2428921	18		Maderi		LOCALITY	12.94297	15.50675	
L	2428923	16		Madar		LOCALITY	10.51829	15.97846	
L	2428924	20		Mada Ourèy		LOCALITY	9.8591	14.2132	
L	2428925	14		Madang		LOCALITY	9.17163	15.85601	
L	2428927	09		Madana		LOCALITY	9.0059	16.6885	
L	2428928	09		Madéna		LOCALITY	8.9218	16.5531	
L	2428932	19		Macta		LOCALITY	8.91667	17.93333	
L	2428933	18		Machidé		LOCALITY	12.77664	14.96253	
L	2428936	15		Mavrio		LOCALITY	12.02747	15.25	
L	2428937	15		Mabounka		LOCALITY	11.81941	15.48562	
L	2428938	09		Maboum		LOCALITY	7.8766	15.7648	
L	2428939	09		Maboum		LOCALITY	7.8151	15.7577	
L	2428942	15		Maboloum		LOCALITY	11.9	15.1	
L	2428943	17		Mabolo		LOCALITY	8.7165	18.48179	
L	2428944	17		Mabodo		LOCALITY	8.6579	18.56923	
L	2428945	09		Mabo		LOCALITY	8.3582	15.9192	
L	2428947	09		Mabi		LOCALITY	7.76667	15.85	
L	2428949	05		Mabéna		LOCALITY	11.05	18.06667	
L	2428950	15		Ngara		LOCALITY	11.66583	16.38267	
L	2428951	14		Mabatam		LOCALITY	9.61667	15.81667	
L	2428952	01		Mabardé		LOCALITY	13.03155	17.51107	
L	2428953	05		Mabar		LOCALITY	12.23771	18.93533	
L	2428954	08		Maba		LOCALITY	9.1504	16.2911	
L	2428956	09		Maarté		LOCALITY	7.71667	17.08333	
L	2428957	06		Maaraga		LOCALITY	13.71363	15.56181	
L	2428961	01		Maalem Kamfout		LOCALITY	12.95711	18.34093	
L	2428962	01		Maafé		LOCALITY	12.85051	17.66898	
L	2428964	13		Lui		LOCALITY	11.2182	19.4312	
L	2428965	08		Doy		LOCALITY	8.46701	15.74166	
L	2428967	15		Loutou		LOCALITY	11.28619	15.23501	
L	2428969	16		Loutou		LOCALITY	10.75471	15.37955	
L	2428975	06		Louri		LOCALITY	13.92287	15.41914	
L	2428976	07		Loura II		LOCALITY	13.58079	15.22179	
L	2428977	07		Loura		LOCALITY	13.55511	15.21571	
L	2428978	07		Loura		LOCALITY	13.55098	15.01591	
L	2428979	17		Lour		LOCALITY	9.96543	17.61553	
L	2428982	15		Loumia		LOCALITY	11.38864	15.35427	
L	2428983	09		Loumbogo		LOCALITY	8.2245	15.43156	
L	2428984	06		Loumboa		LOCALITY	13.75834	15.52378	
L	2428985	07		Loulou		LOCALITY	13.53813	15.36558	
L	2428989	15		Loukoli		LOCALITY	12.14762	15.52506	
L	2428991	19		Louhoueye		LOCALITY	8.5598	17.2803	
L	2428996	08		Lougoui		LOCALITY	8.4218	15.4707	
L	2428997	09		Lougoui		LOCALITY	8.3188	15.3822	
L	2429001	15		Lougoi		LOCALITY	10.8571	16.1258	
L	2429002	05		Louga		LOCALITY	12.5383	19.2465	
L	2429003	20		Louga		LOCALITY	9.1691	14.3894	
L	2429005	06		Loufadou		LOCALITY	14.03031	15.05081	
L	2429006	06		Loufa		LOCALITY	14.0998	15.38555	
L	2429008	16		Loudé		LOCALITY	9.917	15.07039	
L	2429009	07		Loubora		LOCALITY	13.52979	15.04166	
L	2429010	01		Loubané		LOCALITY	13.1422	18.5835	
L	2429011	15		Loubana		LOCALITY	12.21349	15.23457	
L	2429012	15		Loubana		LOCALITY	12.19708	15.26656	
L	2429013	15		Loubana		LOCALITY	12.16491	15.99452	
L	2429014	14		Louagui		LOCALITY	9.27982	15.60559	
L	2429019	08		Loroum		LOCALITY	8.97891	16.52213	
L	2429021	08		Loré		LOCALITY	9.01254	15.91531	
L	2429022	09		Lore		LOCALITY	8.03333	16.1	
L	2429023	18		Lordo		LOCALITY	12.96922	15.55411	
L	2429024	18		Lordo		LOCALITY	12.9084	15.51799	
L	2429030	07		Lon		LOCALITY	13.78333	14.51667	
L	2429032	06		Lomporomé		LOCALITY	14.10293	15.42111	
L	2429035	06		Lomboa Kokoa		LOCALITY	13.74381	15.52252	
L	2429038	14		Lobo		LOCALITY	9.4135	15.8907	
L	2429039	08		Lolo		LOCALITY	8.56029	15.91946	
L	2429041	07		Lola		LOCALITY	13.64527	15.14001	
L	2429043	05		Lokodji		LOCALITY	11.8664	18.4597	
L	2429044	09		Loko		LOCALITY	7.64523	15.81871	
L	2429045	18		Lokhaï		LOCALITY	12.80634	15.48559	
L	2429050	08		Logui		LOCALITY	8.46667	15.38333	
L	2429052	06		Logounda		LOCALITY	14.2417	14.18225	
L	2429053	07		Logoum		LOCALITY	13.52356	15.12741	
L	2429055	06		Logou		LOCALITY	14.18051	15.03404	
L	2429056	22		Logoro		LOCALITY	13.3994	16.4327	
L	2429062	15		Logone Gana		LOCALITY	11.55848	15.14775	
L	2429065	15		Logui Djemena		LOCALITY	11.7882	15.20972	
L	2429067	16		Logana		LOCALITY	10.54227	15.37689	
L	2429075	14		Lodji		LOCALITY	9.741	16.346	
L	2429077	05		Loda		LOCALITY	11.2776	18.0422	
L	2429078	16		Loboum		LOCALITY	11.01874	15.16407	
L	2429080	14		Lobo		LOCALITY	9.2211	16.4306	
L	2429083	01		Loas		LOCALITY	12.8376	17.94853	
L	2429084	07		Lo		LOCALITY	13.57099	15.27534	
L	2429086	07		Liwa		LOCALITY	13.86801	14.26465	
L	2429087	07		Litra		LOCALITY	13.65814	15.25932	
L	2429088	18		Lisadou		LOCALITY	13.14357	15.78746	
L	2429089	18		Lisadou		LOCALITY	13.0846	15.51814	
L	2429091	07		Lirgo		LOCALITY	13.4	14.5	
L	2429092	07		Lirgo		LOCALITY	13.38333	14.51667	
L	2429093	06		Lioudou		LOCALITY	13.80621	15.08802	
L	2429094	08		Linnkou		LOCALITY	8.9706	15.8414	
L	2429096	20		Linkado		LOCALITY	9.5404	15.0129	
L	2429098	15		Linia		LOCALITY	12.05306	15.29995	
L	2429100	16		Lingoua		LOCALITY	9.9348	15.138	
L	2429101	06		Linda		LOCALITY	13.43212	15.54507	
L	2429102	15		Limter		LOCALITY	10.156	16.6797	
L	2429104	07		Limboy		LOCALITY	13.90176	14.17488	
L	2429105	06		Limboa Kouka		LOCALITY	13.72266	15.48598	
L	2429106	15		Limanti		LOCALITY	10.98195	15.74686	
L	2429107	15		Limani		LOCALITY	11.33092	15.35681	
L	2429112	05		Likine		LOCALITY	11.3637	18.1591	
L	2429116	18		Ligdaba		LOCALITY	12.88099	15.86013	
L	2429118	14		Ligar		LOCALITY	9.37393	17.12882	
L	2429120	07		Lifi		LOCALITY	13.66848	15.27089	
L	2429122	17		Lié		LOCALITY	9.97509	17.80964	
L	2429123	05		Lidjei		LOCALITY	10.9591	17.8718	
L	2429126	09		Libome		LOCALITY	7.77657	15.73101	
L	2429130	20		Libetsornou		LOCALITY	8.9243	14.7562	
L	2429131	07		Libérarom		LOCALITY	13.3	14.33333	
L	2429134	09		Libaya		LOCALITY	7.75597	16.06401	
L	2429135	16		Libasso		LOCALITY	10.51602	15.85549	
L	2429136	20		Liangmatna		LOCALITY	9.37627	15.04625	
L	2429139	07		Lia		LOCALITY	13.58333	14.38333	
L	2429141	07		Li		LOCALITY	13.81667	14.4	
L	2429143	09		Lho		LOCALITY	7.71765	16.2501	
L	2429144	07		Letrou		LOCALITY	13.58333	14.76667	
L	2429146	06		Létirom		LOCALITY	13.52614	15.67115	
L	2429150	22		Létemé		LOCALITY	13.4172	16.0018	
L	2429154	05		Lété		LOCALITY	11.8154	18.0937	
L	2429156	16		Léréda		LOCALITY	10.7773	15.4753	
L	2429158	20		Léré	ليري	LOCALITY	9.6447	14.2151	32721
L	2429160	09		Leou		LOCALITY	7.7	15.8	
L	2429161	16		Léo Mbaya		LOCALITY	9.76895	15.75981	
L	2429162	16		Leo Mbasa		LOCALITY	9.67491	15.66561	
L	2429163	16		Léo Koré		LOCALITY	9.6126	15.7306	
L	2429164	16		Léo Djargay I		LOCALITY	9.6027	15.6735	
L	2429165	16		Léo Bidim		LOCALITY	9.64099	15.67692	
L	2429166	01		Lemka Naasan		LOCALITY	13.2306	18.064	
L	2429167	01		Lemka		LOCALITY	13.26408	18.18789	
L	2429169	05		Lélo		LOCALITY	10.9122	17.6276	
L	2429173	18		Léléa		LOCALITY	13.01591	15.61317	
L	2429174	08		Lélé		LOCALITY	8.98058	16.26261	
L	2429176	22		Lékem		LOCALITY	13.21549	15.97799	
L	2429182	06		Légra		LOCALITY	14.2006	15.31011	
L	2429185	22		Légéyem		LOCALITY	13.2205	15.94786	
L	2429192	16		Lebon		LOCALITY	10.96667	15.18333	
L	2429197	14		Layane		LOCALITY	9.33473	17.00133	
L	2429201	06		Latoum		LOCALITY	14.20716	15.51213	
L	2429204	07		Latir		LOCALITY	13.6	14.73333	
L	2429205	14		Lassé		LOCALITY	9.4597	16.488	
L	2429206	18		Lasam		LOCALITY	13.30108	15.48057	
L	2429207	18		Lassada		LOCALITY	12.3077	15.11802	
L	2429209	08		Larkay		LOCALITY	8.70378	16.2774	
L	2429210	18		Laria Kola		LOCALITY	13.00879	15.50467	
L	2429211	06		Lar Gortofo		LOCALITY	14.25891	14.17215	
L	2429213	08		Larbang		LOCALITY	8.57824	15.44164	
L	2429215	09		Laraboum		LOCALITY	7.7799	15.6145	
L	2429216	09		Laramanay		LOCALITY	8.03795	15.70336	
L	2429217	09		Larabaguang		LOCALITY	7.8818	15.548	
L	2429218	16		Lara		LOCALITY	9.75	15.48333	
L	2429219	08		Lara		LOCALITY	8.70396	16.30867	
L	2429220	09		Lara		LOCALITY	8.16667	15.51667	
L	2429223	06		Lar		LOCALITY	14.26324	14.21703	
L	2429224	17		Laposso		LOCALITY	8.649	18.7776	
L	2429225	20		Laoundoul		LOCALITY	8.78333	15.23333	
L	2429226	08		Laounda		LOCALITY	8.94463	15.6578	
L	2429227	06		Laoulou		LOCALITY	14.07587	15.29142	
L	2429231	20		Lao Nangara		LOCALITY	9.16396	15.25741	
L	2429233	20		Laoméré		LOCALITY	9.3393	14.5321	
L	2429234	09		Lao Mbaye Kassé		LOCALITY	7.8065	15.7921	
L	2429235	08		Laomassi		LOCALITY	8.3906	15.6794	
L	2429236	08		Laoumar		LOCALITY	8.88246	15.88163	
L	2429237	09		Laokouétougou		LOCALITY	7.9	16.16667	
L	2429238	09		Laokoué Massi		LOCALITY	7.90706	16.17612	
L	2429240	08		Laokassi		LOCALITY	8.85036	15.69369	
L	2429241	08		Lao III		LOCALITY	8.3461	15.7001	
L	2429242	08		Lao II		LOCALITY	8.501	15.8732	
L	2429243	08		Lao I		LOCALITY	8.5166	15.8812	
L	2429244	09		Laogouma		LOCALITY	7.91739	16.20987	
L	2429247	20		Laodiéré		LOCALITY	9.2755	14.5415	
L	2429248	20		Lao Boulmanddjé		LOCALITY	9.20843	15.12951	
L	2429249	08		Laobél		LOCALITY	8.979	15.4296	
L	2429251	20		Lao		LOCALITY	9.6604	14.2604	
L	2429252	08		Lao		LOCALITY	8.83333	15.93333	
L	2429253	08		Lao		LOCALITY	8.75	15.6	
L	2429254	08		Lao		LOCALITY	8.61799	15.69553	
L	2429255	08		Lao		LOCALITY	8.51667	15.85	
L	2429256	14		Broum Langué		LOCALITY	9.2002	16.0415	
L	2429259	08		Langda		LOCALITY	8.8506	15.8837	
L	2429260	16		Langaye		LOCALITY	10.09097	15.88387	
L	2429262	07		Landéyé		LOCALITY	13.66419	15.39411	
L	2429263	06		Landéouakri		LOCALITY	13.68216	15.40656	
L	2429264	07		Landè		LOCALITY	13.65173	15.4011	
L	2429265	07		Landé		LOCALITY	13.56422	15.25662	
L	2429268	07		Lamtou		LOCALITY	13.4	15.01667	
L	2429270	20		Lampto		LOCALITY	9.5898	14.2517	
L	2429271	05		Lamimé		LOCALITY	12.6763	19.3268	
L	2429273	14		Lamel		LOCALITY	9.1985	16.4291	
L	2429274	20		Lamé		LOCALITY	9.2422	14.5415	
L	2429275	15		Lambado		LOCALITY	11.73861	15.21113	
L	2429276	16		Lama Lama		LOCALITY	10.26667	15.4	
L	2429278	16		Lalé		LOCALITY	9.9341	14.953	
L	2429279	16		Lalamara		LOCALITY	9.76667	15.35	
L	2429280	18		Lalakindila		LOCALITY	13.12097	15.85385	
L	2429282	18		Lala		LOCALITY	13.11121	15.89788	
L	2429283	08		Lala		LOCALITY	8.8925	16.55689	
L	2429284	09		Lal		LOCALITY	7.8011	16.333	
L	2429287	16		Lakaye		LOCALITY	10.50242	15.78805	
L	2429288	17		Lakanda		LOCALITY	9.4955	18.23	
L	2429294	15		Laïri		LOCALITY	10.822	17.1066	
L	2429295	14		Laïndou		LOCALITY	9.3249	16.9935	
L	2429296	14		Laï	لاي	CITY	9.3972	16.30066	27071
L	2429303	09		Lagri		LOCALITY	8.264	15.8294	
L	2429304	17		Lagoye		LOCALITY	10.15	17.78333	
L	2429305	17		Lagouaye		LOCALITY	10.2648	17.789	
L	2429307	20		Lagon		LOCALITY	9.4731	14.5342	
L	2429308	01		Lag Lakha		LOCALITY	13.12828	17.53328	
L	2429309	01		Lag Lag		LOCALITY	12.95751	18.41223	
L	2429312	07		Lafia		LOCALITY	13.3	14.85	
L	2429314	15		Lafana		LOCALITY	10.5014	16.6047	
L	2429315	17		Ladonn Dangala		LOCALITY	9.53333	18.13333	
L	2429316	17		Ladon		LOCALITY	9.5964	18.09116	
L	2429317	15		Ladoba		LOCALITY	11.0075	16.3026	
L	2429318	15		Ladja		LOCALITY	11.1636	15.7897	
L	2429319	15		Ladaya		LOCALITY	12.12906	15.46467	
L	2429320	18		Ladalam		LOCALITY	12.52412	15.54763	
L	2429324	20		Labsaye		LOCALITY	9.6437	14.2964	
L	2429326	15		Labdo		LOCALITY	12.17804	15.91491	
L	2429327	01		Labit		LOCALITY	13.4673	19.3615	
L	2429330	06		Labdé		LOCALITY	13.79131	15.57102	
L	2429331	01		Labdé		LOCALITY	13.2624	19.4236	
L	2429333	15		Laboudou		LOCALITY	10.9093	16.2731	
L	2429336	08		Laban		LOCALITY	8.53333	15.48333	
L	2429337	05		Labado Kébir		LOCALITY	12.6755	19.5505	
L	2429338	05		Labado		LOCALITY	12.63726	19.62699	
L	2429339	13		Labado		LOCALITY	11.3589	19.5005	
L	2429340	08		Laba		LOCALITY	8.58333	16	
L	2429344	17		Kyabé		LOCALITY	9.45149	18.94493	22806
L	2429346	17		Kwaloum		LOCALITY	9.83543	17.71823	
L	2429349	20		Kouaïmbi		LOCALITY	8.957	15.1984	
L	2429351	16		Kuo		LOCALITY	10.88278	15.52449	
L	2429352	15		Kuitkede		LOCALITY	11.80556	15.23756	
L	2429353	15		Kouéké		LOCALITY	12.21548	15.35078	
L	2429355	06		Kroundo		LOCALITY	13.71057	15.48863	
L	2429359	08		Krim Krim		LOCALITY	8.97225	15.80359	11294
L	2429362	07		Kribou		LOCALITY	13.46667	14.86667	
L	2429365	18		Krenoua		LOCALITY	12.56951	14.97676	
L	2429366	18		Krenik		LOCALITY	12.78509	14.92515	
L	2429368	01		Krének		LOCALITY	12.89711	18.77733	
L	2429369	01		Khéréga		LOCALITY	13.275	18.2645	
L	2429373	15		Kraska		LOCALITY	11.33816	15.27883	
L	2429375	14		Kra		LOCALITY	9.3868	15.94	
L	2429381	08		Koyo Ngolo		LOCALITY	9.0846	16.3787	
L	2429382	16		Koyom		LOCALITY	9.8127	15.8761	
L	2429383	08		Koyo Mbassa		LOCALITY	9.1002	16.3693	
L	2429384	06		Koyo		LOCALITY	14.11838	15.34011	
L	2429385	19		Koyo		LOCALITY	8.19514	17.4203	
L	2429386	07		Koylimbou		LOCALITY	13.63902	15.30425	
L	2429387	17		Koyébéri		LOCALITY	9.62972	18.98776	
L	2429388	05		Koya		LOCALITY	10.80101	18.57357	
L	2429390	06		Kowa		LOCALITY	13.46181	15.53124	
L	2429392	01		Kouzouaït		LOCALITY	13.1218	18.665	
L	2429393	22		Kouzochéli		LOCALITY	13.13	16.1771	
L	2429394	05		Kouzi Waït		LOCALITY	12.6994	19.8257	
L	2429396	01		Kouyoutma		LOCALITY	13.265	18.28	
L	2429397	06		Kouyorom		LOCALITY	13.68113	15.48664	
L	2429400	17		Kouyako		LOCALITY	9.56891	19.1675	
L	2429401	17		Kouyabani		LOCALITY	9.10022	19.44453	
L	2429402	09		Koutré		LOCALITY	7.8706	15.5849	
L	2429403	09		Koutré		LOCALITY	7.7744	15.6012	
L	2429405	09		Koutoutou		LOCALITY	8.95718	16.8684	
L	2429406	08		Koutoutou II		LOCALITY	8.87555	15.72309	
L	2429407	08		Koutoussam		LOCALITY	9.1572	16.2707	
L	2429408	08		Koutoureuil		LOCALITY	9.06481	16.36911	
L	2429409	14		Koutouméré		LOCALITY	9.17489	16.22381	
L	2429410	08		Koutoumbagueu		LOCALITY	9.0215	16.2236	
L	2429411	06		Koutoumarom		LOCALITY	13.67018	15.42536	
L	2429413	05		Koutouma		LOCALITY	11.3026	18.4763	
L	2429414	20		Koutou Kouri		LOCALITY	9.3514	14.6914	
L	2429415	09		Koutou Kouma		LOCALITY	9.1158	16.5844	
L	2429416	09		Koutou Kouma		LOCALITY	8.54021	16.13496	
L	2429417	08		Koutoukon		LOCALITY	9.082	16.2494	
L	2429418	08		Koutoukian II		LOCALITY	9.049	16.1827	
L	2429419	08		Koutoukian I		LOCALITY	9.0444	16.1765	
L	2429420	15		Koutoungolo		LOCALITY	10.91906	15.65366	
L	2429421	17		Koutou Géré		LOCALITY	9.7238	19.1024	
L	2429422	08		Koutoutou		LOCALITY	9.0271	16.2136	
L	2429423	19		Koutoubotou		LOCALITY	9.20948	17.3788	
L	2429424	09		Koutoubéti		LOCALITY	8.51529	16.19884	
L	2429425	08		Koutou-Bébo		LOCALITY	8.62337	16.08563	
L	2429426	08		Koutoubara		LOCALITY	8.68653	16.06429	
L	2429428	06		Koutou		LOCALITY	14.33263	15.24839	
L	2429429	17		Koutou		LOCALITY	9.53757	18.35226	
L	2429430	17		Koutou		LOCALITY	9.51537	17.78413	
L	2429431	08		Koutou II		LOCALITY	9.1501	16.3934	
L	2429432	14		Koutou		LOCALITY	9.1139	15.6268	
L	2429433	08		Koutou		LOCALITY	9.0737	16.3829	
L	2429434	09		Koutou		LOCALITY	8.87445	16.93145	
L	2429435	09		Koutoukaybiki		LOCALITY	8.7072	16.5909	
L	2429436	08		Koutou-Bétar		LOCALITY	8.61002	16.0654	
L	2429437	19		Koutou		LOCALITY	8.37871	17.63427	
L	2429438	16		Koutoko		LOCALITY	10.62992	15.37708	
L	2429440	16		Kouto		LOCALITY	10.55552	15.63371	
L	2429441	07		Kout Kou		LOCALITY	13.48333	14.65	
L	2429442	14		Koutio		LOCALITY	9.13971	17.07742	
L	2429443	15		Koutchongron		LOCALITY	11.27846	15.70893	
L	2429444	16		Koutchiou		LOCALITY	10.56667	15.15	
L	2429445	15		Koutbouli		LOCALITY	11.3957	16.3674	
L	2429446	01		Koutbo		LOCALITY	13.0428	18.6303	
L	2429449	07		Kouta		LOCALITY	13.57361	15.23559	
L	2429452	17		Koussayaba		LOCALITY	9.64128	18.85348	
L	2429453	19		Koussaki		LOCALITY	9.29413	17.25313	
L	2429455	01		Kousouaïd		LOCALITY	12.98541	18.41563	
L	2429456	01		Kousouaïd		LOCALITY	12.85541	18.86813	
L	2429457	14		Kouso Béré		LOCALITY	9.14072	15.81566	
L	2429458	05		Kousiouaït		LOCALITY	12.32851	18.56153	
L	2429460	06		Kourtouri		LOCALITY	13.265	15.88291	
L	2429461	18		Kourtiri		LOCALITY	13.09469	15.75895	
L	2429463	18		Kourtiouma		LOCALITY	13.15683	15.58466	
L	2429468	18		Koursoungana		LOCALITY	11.7316	17.1965	
L	2429469	20		Koursoumbal		LOCALITY	9.883	14.4153	
L	2429470	05		Koursa		LOCALITY	11.58307	17.43715	
L	2429473	07		Kourouri		LOCALITY	13.60957	15.18992	
L	2429474	16		Kouroup		LOCALITY	10.06796	15.91129	
L	2429475	16		Kouroup		LOCALITY	9.8788	15.8636	
L	2429479	14		Kouroumla		LOCALITY	9.4207	15.8892	
L	2429481	08		Kouroum		LOCALITY	8.6705	15.50256	
L	2429484	06		Kouroui		LOCALITY	13.71648	15.38016	
L	2429487	17		Kourouaré		LOCALITY	9.02027	18.89579	
L	2429491	16		Kourou		LOCALITY	10.23333	15.43333	
L	2429492	14		Koutou		LOCALITY	9.05673	15.61271	
L	2429498	07		Kourna Toulo		LOCALITY	13.53778	15.24512	
L	2429499	15		Kournari		LOCALITY	11.85001	15.19254	
L	2429500	06		Kourna		LOCALITY	14.0811	14.04503	
L	2429501	07		Kourna		LOCALITY	13.53339	15.30699	
L	2429502	06		Kourna		LOCALITY	13.51183	15.63005	
L	2429505	17		Kourmal		LOCALITY	10.2376	17.8909	
L	2429506	06		Kourma		LOCALITY	14.21546	15.17101	
L	2429508	07		Kourlom		LOCALITY	13.63333	14.16667	
L	2429510	18		Kourka Galali		LOCALITY	12.28322	16.71321	
L	2429514	22		Kouri Oulifi		LOCALITY	13.2973	16.1124	
L	2429515	22		Kouri Olonga		LOCALITY	13.2773	16.1349	
L	2429516	22		Kouri Obatari		LOCALITY	13.2851	16.0857	
L	2429517	14		Kouri		LOCALITY	9.4069	16.3866	
L	2429521	06		Kourikouri		LOCALITY	14.10495	15.17171	
L	2429522	22		Kouri Kouri		LOCALITY	13.6678	16.2132	
L	2429523	22		Kouri Kangamay		LOCALITY	13.272	16.0568	
L	2429524	22		Kouri Gouloumanga		LOCALITY	13.2184	16.0627	
L	2429526	22		Kouri Filonga		LOCALITY	13.2115	16.1356	
L	2429536	17		Kouri		LOCALITY	9.89823	17.66702	
L	2429539	16		Koughon		LOCALITY	10.51363	15.35008	
L	2429541	16		Kourgou		LOCALITY	10.03143	16.0547	
L	2429544	14		Kourey		LOCALITY	9.54767	15.88767	
L	2429548	05		Koutoutou		LOCALITY	10.73172	18.71502	
L	2429549	05		Kourboul		LOCALITY	11.9819	18.9399	
L	2429550	16		Kourbouhouna		LOCALITY	10.75	15.33333	
L	2429551	19		Kourbo		LOCALITY	8.5622	17.9281	
L	2429552	08		Koubuer		LOCALITY	8.98584	15.97655	
L	2429554	20		Kourayadjé		LOCALITY	8.78104	15.225	
L	2429555	16		Kourayadjé		LOCALITY	8.75	14.23333	
L	2429556	09		Kourangati		LOCALITY	8.3878	16.6695	
L	2429560	17		Kouragwal		LOCALITY	9.91863	17.72032	
L	2429561	07		Kouradji		LOCALITY	13.46667	14.4	
L	2429565	08		Kéira		LOCALITY	8.97296	16.32866	
L	2429566	20		Koura		LOCALITY	8.81667	15.2	
L	2429567	16		Koupor		LOCALITY	9.81615	15.1495	
L	2429571	06		Kouokouoy Dakari		LOCALITY	13.39599	15.79737	
L	2429572	06		Kouokouoy Boulasari		LOCALITY	13.43185	15.76834	
L	2429577	17		Kouno		LOCALITY	9.84573	17.66072	
L	2429581	05		Koungouri		LOCALITY	10.7338	18.933	
L	2429586	15		Koundoulou		LOCALITY	11.98012	15.19341	
L	2429587	15		Koundoul		LOCALITY	11.97374	15.15082	
L	2429589	09		Koundou		LOCALITY	9.03775	16.77888	
L	2429590	01		Koundjourou		LOCALITY	13.0892	18.6005	
L	2429592	01		Koundjar		LOCALITY	13.2794	19.0266	
L	2429595	19		Koundi		LOCALITY	9.40013	17.35363	
L	2429596	09		Kouday		LOCALITY	8.1388	15.5135	
L	2429597	09		Koundaye		LOCALITY	7.9499	15.4768	
L	2429598	08		Koundalol		LOCALITY	8.81667	15.71667	
L	2429599	07		Kournatoulorom		LOCALITY	13.51757	15.45677	
L	2429603	16		Koumsoul		LOCALITY	10.14871	15.87247	
L	2429604	17		Koumra		LOCALITY	9.2501	18.2083	
L	2429605	19		Koumra	كُمرا	CITY	8.91587	17.55046	54109
L	2429608	17		Koumoudjou		LOCALITY	9.57612	19.18717	
L	2429609	07		Koumou		LOCALITY	13.45	14.41667	
L	2429610	16		Koumor Koumor		LOCALITY	9.8697	15.2764	
L	2429612	17		Koumogo		LOCALITY	8.67153	18.26689	
L	2429613	17		Koumobombo		LOCALITY	9.11549	18.51408	
L	2429614	06		Koum Koum		LOCALITY	13.69416	15.5088	
L	2429615	19		Koumkaga II		LOCALITY	9.0789	17.34522	
L	2429616	19		Koumkaga		LOCALITY	8.96339	17.72896	
L	2429617	01		Koumka		LOCALITY	12.89911	18.11283	
L	2429618	16		Koumi Baa		LOCALITY	10.53333	15.26077	
L	2429619	16		Koumi		LOCALITY	10.52196	15.21069	
L	2429620	05		Koumi		LOCALITY	10.2	18.76667	
L	2429622	14		Kouméba		LOCALITY	10.0334	16.3261	
L	2429623	19		Koumbotou		LOCALITY	9.17095	17.40619	
L	2429624	09		Koumbeté		LOCALITY	7.9041	15.5176	
L	2429625	09		Koumbale		LOCALITY	7.68333	15.96667	
L	2429628	09		Komba		LOCALITY	7.6805	17.0218	
L	2429629	19		Koumaye		LOCALITY	9.20823	17.52713	
L	2429630	19		Koumayé		LOCALITY	8.9086	17.8014	
L	2429631	09		Koumatou II		LOCALITY	8.48012	17.02415	
L	2429632	09		Koumatou I		LOCALITY	8.4721	17.0166	
L	2429633	09		Koumati		LOCALITY	8.54527	16.98938	
L	2429634	14		Kouma Tchiangué		LOCALITY	9.4716	16.1615	
L	2429635	09		Koumara I		LOCALITY	7.8861	15.5465	
L	2429638	09		Koumara II		LOCALITY	7.89933	15.52255	
L	2429639	09		Koumao		LOCALITY	7.61563	15.61685	
L	2429641	22		Koumangay		LOCALITY	13.4922	16.0138	
L	2429642	19		Kou Mandoul		LOCALITY	8.449	17.3886	
L	2429643	14		Koumana		LOCALITY	9.64958	15.78993	
L	2429644	15		Koumalié		LOCALITY	11.5	15.41667	
L	2429645	15		Koumalié		LOCALITY	11.48333	15.38333	
L	2429646	17		Koumakéniako		LOCALITY	9.64749	19.00663	
L	2429647	16		Kouma Kayam		LOCALITY	10.50176	15.34658	
L	2429649	17		Koumadjiko		LOCALITY	9.8322	18.9404	
L	2429651	16		Koumadabeye		LOCALITY	10.56667	15.23333	
L	2429652	14		Koumabodan		LOCALITY	9.23333	16.45	
L	2429653	09		Koumabila		LOCALITY	8.2226	15.7539	
L	2429655	01		Kouma		LOCALITY	12.72781	18.04457	
L	2429656	16		Kouma		LOCALITY	10.53333	15.36667	
L	2429657	17		Kouma		LOCALITY	9.47322	18.99894	
L	2429658	14		Kouma Ngar		LOCALITY	9.46764	16.13496	
L	2429659	17		Kouma		LOCALITY	9.4432	18.86021	
L	2429664	06		Koulourom		LOCALITY	13.76887	15.37339	
L	2429665	06		Koulouo		LOCALITY	14.38495	15.43919	
L	2429667	14		Kouloum		LOCALITY	9.1636	16.7278	
L	2429670	06		Kouloulouchi		LOCALITY	14.3255	14.24675	
L	2429672	09		Kouloulou		LOCALITY	8.1532	16.3034	
L	2429673	06		Kouloulirom		LOCALITY	13.6121	15.74489	
L	2429674	07		Kouloulia		LOCALITY	13.73333	14.13333	
L	2429675	06		Kouloulouchi Azanga		LOCALITY	14.31757	14.22504	
L	2429676	07		Kouloula		LOCALITY	13.5109	15.30726	
L	2429677	18		Kouloula		LOCALITY	12.93911	15.60775	
L	2429678	18		Kouloula		LOCALITY	12.89844	15.64726	
L	2429679	07		Kouloukrou		LOCALITY	13.60697	15.39564	
L	2429684	07		Koulougia		LOCALITY	13.46786	15.3489	
L	2429687	18		Kouloufou Laorom		LOCALITY	13.15	15.08333	
L	2429689	07		Kouloufou		LOCALITY	13.54176	15.32898	
L	2429691	06		Kouloufi		LOCALITY	14.28969	15.28021	
L	2429693	07		Kouloudia		LOCALITY	13.02538	15.27308	
L	2429694	17		Koulouan		LOCALITY	10.0113	17.8043	
L	2429695	16		Koulou		LOCALITY	10.7262	15.14668	
L	2429697	07		Koulom		LOCALITY	13.83333	14.2	
L	2429698	07		Kouloa		LOCALITY	13.38333	14.8	
L	2429700	14		Koullo		LOCALITY	9.8915	16.2087	
L	2429701	01		Koulnia		LOCALITY	12.97968	17.57846	
L	2429704	08		Koul Lao		LOCALITY	8.45	15.9	
L	2429706	06		Koulkoulia		LOCALITY	13.44336	15.72164	
L	2429707	06		Koulkoulia		LOCALITY	13.42475	15.69664	
L	2429708	15		Koulkouli		LOCALITY	12.26155	15.70175	
L	2429709	05		Koulkoulay Mouroua		LOCALITY	12.6041	19.7723	
L	2429710	05		Koulkoulay Doungous		LOCALITY	12.6079	19.7773	
L	2429712	05		Koulkoulay		LOCALITY	12.4334	19.6063	
L	2429715	07		Koultimé		LOCALITY	13.48424	14.47252	
L	2429716	05		Koulka		LOCALITY	12.04698	18.71802	
L	2429719	17		Koulima		LOCALITY	9.6258	19.1595	
L	2429720	08		Kouli-Kouli		LOCALITY	8.2896	15.6378	
L	2429721	06		Koulidirom		LOCALITY	13.60702	15.49724	
L	2429724	05		Koulia		LOCALITY	11.05348	18.2037	
L	2429726	07		Kouli		LOCALITY	13.56269	15.25052	
L	2429727	17		Kouli		LOCALITY	9.63151	18.83544	
L	2429728	09		Kouli		LOCALITY	8.1719	15.9109	
L	2429729	01		Koulga		LOCALITY	12.7421	19.1345	
L	2429731	07		Koulfa Kama		LOCALITY	13.9	14.28333	
L	2429734	05		Baya Koulbo		LOCALITY	12.0203	17.5459	
L	2429735	01		Koulay		LOCALITY	13.0837	19.826	
L	2429736	08		Koulao		LOCALITY	8.4939	15.3382	
L	2429737	07		Koulanga		LOCALITY	13.4064	15.37799	
L	2429743	14		Koukwala		LOCALITY	9.255	16.2809	
L	2429747	18		Koulkoulé		LOCALITY	12.11035	17.29539	
L	2429749	18		Koukouay		LOCALITY	13.16621	15.924	
L	2429750	18		Koukoua		LOCALITY	13.09269	15.66846	
L	2429753	01		Kouki		LOCALITY	12.75069	17.47356	
L	2429756	18		Koukaya		LOCALITY	12.56769	14.8604	
L	2429757	19		Koukar		LOCALITY	9.20861	17.47326	
L	2429759	05		Kouka Marnié		LOCALITY	12.7687	19.8434	
L	2429761	01		Kouka		LOCALITY	13.2617	18.307	
L	2429762	01		Kouka		LOCALITY	13.16667	19.28333	
L	2429763	18		Kouka		LOCALITY	13.13334	15.53797	
L	2429764	18		Kouka		LOCALITY	13.11017	15.63161	
L	2429774	15		Kouinkélama		LOCALITY	10.98333	15.55	
L	2429775	17		Kouin		LOCALITY	10.1987	18.1458	
L	2429776	17		Kouin		LOCALITY	9.91573	17.81563	
L	2429779	06		Kougouloumadinga		LOCALITY	14.21504	14.14405	
L	2429781	09		Kougoui		LOCALITY	7.6737	15.958	
L	2429783	15		Koughekja		LOCALITY	11.63238	15.19109	
L	2429788	16		Koufaki		LOCALITY	10.46087	15.43233	
L	2429789	17		Kouendok		LOCALITY	10.3811	17.8648	
L	2429790	15		Koudroua		LOCALITY	11.5106	16.5369	
L	2429791	18		Koudouna		LOCALITY	12.37165	15.25854	
L	2429793	15		Koudoumoro		LOCALITY	10.78785	15.96198	
L	2429794	15		Koudou Mechri		LOCALITY	11.44019	15.34164	
L	2429799	15		Koudougouli		LOCALITY	12.28922	15.36659	
L	2429800	06		Koudougou		LOCALITY	14.12406	14.07269	
L	2429801	16		Koudougou		LOCALITY	10.23333	15.45	
L	2429802	09		Koudoudou		LOCALITY	9.0886	16.6336	
L	2429803	07		Koudouboul		LOCALITY	13.32107	14.93804	
L	2429809	01		Koudou		LOCALITY	13.0277	17.3413	
L	2429810	19		Koudoti		LOCALITY	8.2162	17.5461	
L	2429812	15		Koudmorio		LOCALITY	10.7704	16.0569	
L	2429816	18		Koudi Kanoua		LOCALITY	13.091	15.21576	
L	2429824	05		Koubourtou		LOCALITY	10.7929	18.6415	
L	2429826	09		Koubourou		LOCALITY	7.6888	15.6737	
L	2429827	17		Koubounda		LOCALITY	9.6594	19.4428	
L	2429833	01		Koubo Kadade		LOCALITY	12.84981	18.34563	
L	2429834	14		Kou Bogri		LOCALITY	9.15833	17.14432	
L	2429835	09		Koubouga		LOCALITY	8.13145	15.63546	
L	2429836	01		Koubo Fayala		LOCALITY	12.86651	18.37323	
L	2429841	14		Koubno		LOCALITY	9.9894	16.3395	
L	2429842	14		Koubno		LOCALITY	9.4012	16.8228	
L	2429843	08		Koubiann		LOCALITY	8.80386	15.78336	
L	2429845	22		Koubey		LOCALITY	13.2765	16.3002	
L	2429846	14		Kou Bembo		LOCALITY	9.15695	17.17037	
L	2429849	17		Koubatiembi		LOCALITY	9.6828	18.8778	
L	2429852	23		Kouba Olanga		LOCALITY	15.75303	18.30232	
L	2429854	08		Koubao		LOCALITY	8.4587	15.9153	
L	2429857	23		Kouba Modounga		LOCALITY	15.68333	18.26929	
L	2429861	14		Kouara Grabé		LOCALITY	9.2123	16.456	
L	2429862	14		Kouara Gambaye		LOCALITY	9.197	16.4454	
L	2429863	18		Kouankia		LOCALITY	13.19469	15.64358	
L	2429864	17		Kouam		LOCALITY	9.56943	17.67993	
L	2429865	14		Kouam		LOCALITY	9.1768	16.5612	
L	2429866	06		Koualé		LOCALITY	14.0996	15.00648	
L	2429867	17		Kouaban		LOCALITY	9.84415	18.02227	
L	2429878	05		Kou		LOCALITY	10.80424	18.43886	
L	2429879	19		Kou		LOCALITY	8.46667	17.46667	
L	2429880	19		Kou		LOCALITY	8.46641	17.34094	
L	2429881	19		Kou		LOCALITY	8.4361	17.6424	
L	2429883	19		Kou		LOCALITY	8.34926	17.25907	
L	2429884	09		Kotoyo		LOCALITY	7.8855	15.7177	
L	2429885	17		Kotongoro II		LOCALITY	9.25451	18.45818	
L	2429886	17		Kotongoro II		LOCALITY	8.5871	18.6201	
L	2429887	17		Kotongoro I		LOCALITY	9.26111	18.46589	
L	2429889	19		Koto Koulou		LOCALITY	8.89384	17.48004	
L	2429890	07		Kotokorom		LOCALITY	13.38416	14.65536	
L	2429891	15		Kotofa		LOCALITY	11.28419	15.05431	
L	2429893	14		Kososey		LOCALITY	9.4602	15.8214	
L	2429896	17		Kosokobo II		LOCALITY	9.4832	19.2488	
L	2429899	05		Kosso		LOCALITY	11.8222	18.8078	
L	2429900	17		Kossigné		LOCALITY	9.26667	18.35	
L	2429901	05		Kosselili		LOCALITY	11.8643	18.4552	
L	2429902	01		Kossé		LOCALITY	13.03333	18.5	
L	2429907	17		Kosokobo Ndélé		LOCALITY	9.4801	19.1858	
L	2429908	17		Kosokobo I		LOCALITY	9.56632	19.16147	
L	2429912	07		Koséinga		LOCALITY	13.86667	14.35	
L	2429913	15		Kosé Djaména		LOCALITY	11.9558	16.3929	
L	2429914	05		Koséat		LOCALITY	12.9248	19.6133	
L	2429915	05		Koséat		LOCALITY	12.9039	19.6205	
L	2429916	01		Kosé		LOCALITY	13	18.55	
L	2429917	15		Kosé		LOCALITY	11.9273	16.3933	
L	2429924	15		Korweï		LOCALITY	11.8482	15.4137	
L	2429925	15		Kortota		LOCALITY	12.05809	15.19253	
L	2429926	07		Kortcho		LOCALITY	13.55	14.36667	
L	2429927	05		Kortchalo		LOCALITY	12.36721	19.60954	
L	2429929	07		Koroy		LOCALITY	13.91667	14.48333	
L	2429931	06		Koroum		LOCALITY	13.9858	15.59656	
L	2429933	23		Koro Toro		LOCALITY	16.0689	18.49808	
L	2429934	14		Koro Tokjoum		LOCALITY	9.1256	16.657	
L	2429936	18		Kororak		LOCALITY	12.83333	14.65	
L	2429937	17		Koro Ouolo		LOCALITY	9.3506	18.2411	
L	2429938	18		Korom Kolom		LOCALITY	13.0316	15.46089	
L	2429942	07		Korom		LOCALITY	13.63333	14.76667	
L	2429943	14		Koro Kouloum		LOCALITY	9.1128	16.7328	
L	2429945	08		Koro II		LOCALITY	8.7103	16.0197	
L	2429946	08		Koro I		LOCALITY	8.7196	16.01765	
L	2429947	17		Koro		LOCALITY	9.34686	18.07477	
L	2429948	14		Koro Garmaoa		LOCALITY	9.1204	16.6717	
L	2429949	14		Koro Garkaya		LOCALITY	9.1057	16.6534	
L	2429950	06		Korofou		LOCALITY	14.34302	15.30668	
L	2429951	06		Korofi		LOCALITY	14.34526	15.32282	
L	2429952	19		Korodrakassa		LOCALITY	8.101	17.8189	
L	2429955	06		Koro		LOCALITY	14.11991	14.79109	
L	2429956	19		Koro		LOCALITY	9.05057	17.35879	
L	2429957	19		Koko		LOCALITY	8.8524	17.4	
L	2429961	05		Kormol		LOCALITY	11.05	19.4	
L	2429962	15		Kokorodje		LOCALITY	11.62514	15.45008	
L	2429968	16		Korio		LOCALITY	9.41667	15.25	
L	2429974	07		Koréyourom		LOCALITY	13.62026	15.00591	
L	2429975	05		Koret Koret		LOCALITY	12.6806	19.7079	
L	2429976	07		Korémirom		LOCALITY	13.41667	14.71667	
L	2429977	22		Koremanga		LOCALITY	13.80741	15.70888	
L	2429978	22		Koremanga		LOCALITY	13.79742	15.69006	
L	2429979	09		Koré II		LOCALITY	8.06667	16.11667	
L	2429980	09		Koré I		LOCALITY	8.06667	16.1	
L	2429983	16		Koré		LOCALITY	9.5948	15.5948	
L	2429984	20		Kordo		LOCALITY	9.15787	15.32665	
L	2429985	01		Kordé		LOCALITY	13.0592	18.5339	
L	2429989	17		Korbol		LOCALITY	10.0062	17.7111	
L	2429990	05		Korbo		LOCALITY	12.08121	18.24843	
L	2429994	08		Korau		LOCALITY	8.85	16.41667	
L	2429996	05		Koran		LOCALITY	11.1312	19.0239	
L	2429999	09		Kor		LOCALITY	7.949	16.41569	
L	2430008	06		Kontondola		LOCALITY	13.33921	15.58751	
L	2430009	09		Kontjala		LOCALITY	7.94565	16.61985	
L	2430012	09		Konné		LOCALITY	7.6422	15.8401	
L	2430013	18		Konkouri		LOCALITY	13.16676	15.84839	
L	2430014	08		Konkoundja		LOCALITY	8.46132	15.35821	
L	2430015	06		Konkioudouwi		LOCALITY	13.43384	15.90575	
L	2430017	06		Konkia		LOCALITY	13.61274	15.55759	
L	2430019	18		Konkia		LOCALITY	13.15173	15.75833	
L	2430020	18		Konkia		LOCALITY	13.11726	15.76882	
L	2430023	14		Koniène		LOCALITY	9.78243	17.25943	
L	2430029	18		Kougouna		LOCALITY	12.96069	15.42117	
L	2430030	18		Kougouna		LOCALITY	12.93305	15.43839	
L	2430033	18		Konguiklia		LOCALITY	13.16876	15.45239	
L	2430038	17		Kone		LOCALITY	9.59473	17.92302	
L	2430040	06		Kondou II		LOCALITY	13.72754	15.02811	
L	2430041	06		Kondou I		LOCALITY	13.71458	15.0306	
L	2430042	09		Koundou		LOCALITY	8.14905	16.55997	
L	2430043	16		Kondoré		LOCALITY	9.69918	15.63449	
L	2430047	07		Kondia		LOCALITY	13.68333	14.95	
L	2430048	09		Kondé		LOCALITY	8.1995	16.48675	
L	2430049	05		Konda		LOCALITY	11.9562	18.9786	
L	2430051	08		Konassé		LOCALITY	8.6695	15.3586	
L	2430060	09		Komoïtou		LOCALITY	8.5	17.01667	
L	2430061	05		Komo		LOCALITY	10.2157	18.7461	
L	2430063	16		Komkola		LOCALITY	10.29554	15.98301	
L	2430064	16		Konkolo		LOCALITY	10.22593	16.00909	
L	2430065	14		Kongol Tchangtoul		LOCALITY	9.14346	15.77399	
L	2430066	09		Komé		LOCALITY	8.60448	16.42846	
L	2430067	09		Komé		LOCALITY	8.46931	16.70926	
L	2430068	19		Komdé		LOCALITY	9.37713	17.39213	
L	2430072	14		Kombou		LOCALITY	9.4047	16.1328	
L	2430074	06		Komboli		LOCALITY	13.49043	15.63433	
L	2430075	06		Kombogori		LOCALITY	14.07698	15.32161	
L	2430077	09		Kombé		LOCALITY	7.96667	15.48333	
L	2430078	09		Komba		LOCALITY	7.65536	16.97903	
L	2430080	16		Komaïoua		LOCALITY	9.8931	15.0542	
L	2430081	14		Komadjia		LOCALITY	9.162	16.085	
L	2430082	05		Komade		LOCALITY	12.44541	18.02543	
L	2430083	05		Koma		LOCALITY	10.16667	18.73333	
L	2430085	19		Kom		LOCALITY	9.56893	17.30282	
L	2430090	06		Koloum		LOCALITY	14.15737	15.33192	
L	2430091	06		Koloum		LOCALITY	14.14768	15.31253	
L	2430092	07		Koloulay		LOCALITY	13.66852	15.4002	
L	2430093	18		Koloula		LOCALITY	13.08022	15.61675	
L	2430095	05		Koulou		LOCALITY	11.1523	18.4113	
L	2430096	14		Kolon Kaséré		LOCALITY	9.3518	15.8164	
L	2430098	16		Kolon		LOCALITY	9.9456	15.6893	
L	2430099	14		Kolon		LOCALITY	9.3992	15.9892	
L	2430101	14		Kolonbagay Balo		LOCALITY	9.38285	15.90497	
L	2430102	16		Kolomara		LOCALITY	11.14597	15.23905	
L	2430104	08		Koloum		LOCALITY	8.5751	15.9615	
L	2430106	19		Kolokosso		LOCALITY	8.7	17.98333	
L	2430108	01		Kolodjine		LOCALITY	12.76111	18.11153	
L	2430109	16		Kolobo Mbouro		LOCALITY	9.93333	15.65	
L	2430110	16		Kolobo		LOCALITY	9.9011	15.7725	
L	2430111	14		Kolobey		LOCALITY	9.4889	15.7927	
L	2430114	19		Kolo		LOCALITY	8.65683	17.23196	
L	2430115	19		Kolmon		LOCALITY	8.80781	17.26578	
L	2430116	14		Kolmade		LOCALITY	9.22	16.4109	
L	2430118	01		Kolkol		LOCALITY	12.862	19.3781	
L	2430122	17		Kolkaha		LOCALITY	9.51353	18.74604	
L	2430123	06		Kolirom		LOCALITY	13.51466	15.79395	
L	2430126	19		Koli I		LOCALITY	9.38396	17.23923	
L	2430128	06		Kolia		LOCALITY	14.04802	14.14242	
L	2430130	19		Koli		LOCALITY	9.22087	17.40684	
L	2430131	19		Koli		LOCALITY	9.03963	17.44533	
L	2430132	14		Kolfon		LOCALITY	9.3292	16.0102	
L	2430133	06		Koley		LOCALITY	13.69037	15.40941	
L	2430134	06		Kolérom		LOCALITY	13.49396	15.5659	
L	2430135	15		Kolel		LOCALITY	10.96479	15.84887	
L	2430136	07		Kolékouya		LOCALITY	13.50604	15.35101	
L	2430138	15		Kolékos		LOCALITY	11.13016	16.40582	
L	2430140	05		Kolé		LOCALITY	12.02251	18.65973	
L	2430141	18		Kolé		LOCALITY	11.91195	17.2199	
L	2430142	15		Kolé		LOCALITY	11.2631	17.0727	
L	2430143	19		Koldaga		LOCALITY	8.0269	17.3941	
L	2430144	06		Kola Kola		LOCALITY	14.42242	15.29009	
L	2430145	07		Kola		LOCALITY	13.8	14.26667	
L	2430146	07		Kola		LOCALITY	13.78333	14.26667	
L	2430147	19		Kol		LOCALITY	8.87792	17.51426	
L	2430148	20		Koïkoïdjou		LOCALITY	9.3765	14.2775	
L	2430152	06		Kokodé		LOCALITY	13.8249	15.57037	
L	2430153	06		Kokodé		LOCALITY	13.25575	15.87635	
L	2430155	17		Koko		LOCALITY	9.4901	18.15597	
L	2430156	09		Koko		LOCALITY	7.73886	15.86194	
L	2430158	17		Kokinio		LOCALITY	9.66158	18.76189	
L	2430159	05		Kokine		LOCALITY	12.14621	18.37663	
L	2430164	09		Kokati		LOCALITY	8.60509	17.02968	
L	2430165	19		Kokarti		LOCALITY	9.22893	17.20217	
L	2430166	19		Kokarti		LOCALITY	9.21099	17.20385	
L	2430167	19		Kokarti		LOCALITY	8.4401	17.3226	
L	2430168	19		Kokara		LOCALITY	9.17172	17.54976	
L	2430170	19		Kokabri II		LOCALITY	8.54962	17.17202	
L	2430171	19		Kokabri I		LOCALITY	8.56667	17.18285	
L	2430172	19		Kokabri		LOCALITY	8.57775	17.1978	
L	2430174	18		Koirom		LOCALITY	13.06586	15.64213	
L	2430175	07		Koïrom		LOCALITY	14.05377	13.89904	
L	2430176	09		Koilélé		LOCALITY	8.43385	16.26867	
L	2430179	16		Korongha		LOCALITY	9.8125	15.4179	
L	2430181	17		Koho		LOCALITY	9.6011	18.74553	
L	2430182	17		Kohé		LOCALITY	9.58338	18.66664	
L	2430183	16		Kohaye		LOCALITY	10.65	15.48333	
L	2430188	19		Kogol		LOCALITY	9.35773	17.22662	
L	2430189	14		Koglé		LOCALITY	9.16453	15.91109	
L	2430193	05		Kofilo		LOCALITY	12.09331	18.87543	
L	2430194	17		Kofé		LOCALITY	10.0808	19.124	
L	2430195	22		Kodouyoloso		LOCALITY	13.3398	16.4366	
L	2430199	22		Kodoméli		LOCALITY	13.3614	16.4346	
L	2430202	17		Kodjoguila		LOCALITY	9.25373	18.36748	
L	2430203	13		Kodjo		LOCALITY	10.6334	19.8465	
L	2430204	09		Kodjal I		LOCALITY	7.95479	16.56722	
L	2430205	09		Kodiala		LOCALITY	7.95	16.61667	
L	2430207	19		Kodbouga		LOCALITY	8.75559	17.15684	
L	2430208	05		Kodbo I		LOCALITY	11	18.53333	
L	2430211	15		Kobo		LOCALITY	11.2458	16.6228	
L	2430212	17		Kobo		LOCALITY	9.52972	18.72662	
L	2430213	09		Kobo		LOCALITY	8.3242	16.0102	
L	2430214	14		Koblagué		LOCALITY	9.7961	16.71	
L	2430217	17		Kobéguéri		LOCALITY	9.28333	18	
L	2430218	17		Kobdogué		LOCALITY	8.4281	18.8793	
L	2430223	19		Koalenda		LOCALITY	9.02533	17.41822	
L	2430227	01		Knach Knach		LOCALITY	13.15	18.13333	
L	2430231	15		Klessoum		LOCALITY	12.01039	15.18246	
L	2430239	15		Kitchan		LOCALITY	11.4764	16.6052	
L	2430240	15		Kitchan		LOCALITY	11.4526	16.5928	
L	2430242	17		Kissinga		LOCALITY	9.48844	18.22257	
L	2430243	17		Kissimi		LOCALITY	9.1	18.3857	
L	2430244	19		Kisséré		LOCALITY	8.699	17.2398	
L	2430245	15		Kisrae	كسيري	LOCALITY	11.69905	15.40202	
L	2430246	22		Kiski		LOCALITY	13.95474	15.7006	
L	2430247	07		Kiskawa		LOCALITY	14.24023	13.9186	
L	2430251	17		Kiroungou		LOCALITY	9.5643	18.9463	
L	2430252	16		Kirou		LOCALITY	9.9817	15.1578	
L	2430253	06		Kirom		LOCALITY	13.49836	15.60865	
L	2430256	07		Kiritia		LOCALITY	13.58802	15.37084	
L	2430260	22		Kirikasam		LOCALITY	13.89728	15.85053	
L	2430264	22		Kiriamarimou		LOCALITY	13.4606	16.3999	
L	2430265	07		Kiria		LOCALITY	14.07486	13.90785	
L	2430267	07		Kiri		LOCALITY	13.36667	15.18333	
L	2430268	15		Kiti		LOCALITY	11.27457	15.21873	
L	2430270	18		Kérénifé		LOCALITY	12.75244	15.09662	
L	2430271	05		Kirékir		LOCALITY	12.3777	19.4177	
L	2430272	05		Kirégan		LOCALITY	12.665	19.7079	
L	2430273	06		Kirdiourom		LOCALITY	13.58074	15.48381	
L	2430277	06		Kirbil		LOCALITY	13.97445	15.45728	
L	2430278	07		Kirbia		LOCALITY	13.38333	14.56667	
L	2430279	01		Kirbi		LOCALITY	12.96681	18.32993	
L	2430281	19		Kiran		LOCALITY	8.28221	17.52139	
L	2430282	19		Kirambo		LOCALITY	8.79655	17.58716	
L	2430283	17		Kira		LOCALITY	8.67967	18.4515	
L	2430285	07		Kioua		LOCALITY	13.53684	15.39318	
L	2430287	07		Kintéday		LOCALITY	13.60877	15.28332	
L	2430289	09		Kinji		LOCALITY	7.92479	16.2458	
L	2430290	18		Kinjerti		LOCALITY	13.15895	15.80191	
L	2430291	18		Kinjerti		LOCALITY	13.14307	15.86524	
L	2430294	01		Kinédi		LOCALITY	13.5317	19.2659	
L	2430295	01		Kindué Mesmedjé		LOCALITY	13.1222	19.3904	
L	2430296	07		Kindoultié		LOCALITY	13.50338	15.34314	
L	2430298	18		Kindjiri Malorom		LOCALITY	13.1662	15.48696	
L	2430299	07		Kindjiri		LOCALITY	14.16682	13.83768	
L	2430300	17		Kindjia		LOCALITY	9.77473	17.72342	
L	2430302	18		Kindji		LOCALITY	11.9381	16.758	
L	2430303	06		Kinditchi		LOCALITY	14.12474	15.29516	
L	2430304	19		Kindiri		LOCALITY	9.13062	17.50641	
L	2430307	06		Kindilia		LOCALITY	13.49842	15.59912	
L	2430308	18		Kindila		LOCALITY	13.22615	15.57725	
L	2430309	05		Kindi-Kaye		LOCALITY	10.82	17.4448	
L	2430310	07		Kindiéra		LOCALITY	13.5715	15.40629	
L	2430312	17		Kinda		LOCALITY	9.631	18.6203	
L	2430313	16		Kinana		LOCALITY	10.62163	15.64134	
L	2430314	14		Kimré		LOCALITY	9.3604	16.9308	
L	2430315	06		Kimikimi		LOCALITY	14.08892	14.67081	
L	2430316	06		Kimi		LOCALITY	14.05613	14.16576	
L	2430317	19		Kimeni		LOCALITY	9.10353	17.44742	
L	2430320	16		Kim		LOCALITY	9.7328	15.9201	
L	2430321	08		Kilkak		LOCALITY	8.88832	16.20868	
L	2430323	17		Kilimi		LOCALITY	9.81768	19.10136	
L	2430326	05		Kilim		LOCALITY	11.8883	18.8989	
L	2430330	07		Kili		LOCALITY	13.36667	14.51667	
L	2430332	05		Kilgnata		LOCALITY	12.34225	18.83669	
L	2430333	01		Kilgimi		LOCALITY	12.92711	17.60148	
L	2430334	01		Kilédji		LOCALITY	13.61297	19.76937	
L	2430335	18		Kilarom		LOCALITY	13.26402	15.45508	
L	2430337	15		Kilabouga		LOCALITY	12.02562	15.30263	
L	2430338	17		Kikwéy		LOCALITY	9.5748	19.42	
L	2430340	07		Kika		LOCALITY	13.4	14.68333	
L	2430341	07		Kika		LOCALITY	13.38333	14.7	
L	2430342	07		Kika		LOCALITY	13.36667	14.7	
L	2430343	07		Kika		LOCALITY	13.35	14.7	
L	2430344	19		Kihangala		LOCALITY	9.26363	17.41123	
L	2430351	17		Kemkamba		LOCALITY	9.08368	18.16389	
L	2430352	19		Kèmkaga		LOCALITY	9.13317	18.10486	
L	2430353	17		Kiemkaba		LOCALITY	9.48643	17.80252	
L	2430354	17		Kiemgama		LOCALITY	9.2	18.5	
L	2430355	05		Kiéké		LOCALITY	12.7866	19.3579	
L	2430356	13		Kiéké		LOCALITY	10.5534	19.8154	
L	2430358	17		Kié		LOCALITY	9.8047	18.8464	
L	2430363	17		Kidjokadi		LOCALITY	9.7092	19.4372	
L	2430364	14		Kidjimina		LOCALITY	9.2808	16.2869	
L	2430367	14		Kidjibour		LOCALITY	9.2981	16.4707	
L	2430369	14		Kidjagué		LOCALITY	9.6153	16.2277	
L	2430370	14		Kidjagué		LOCALITY	9.42179	16.40033	
L	2430374	19		Kidikoutou		LOCALITY	8.3773	17.53229	
L	2430376	09		Kidi		LOCALITY	8.31683	16.13975	
L	2430378	18		Kidéo		LOCALITY	11.8565	17.5886	
L	2430379	15		Kidenga		LOCALITY	11.5607	16.2097	
L	2430380	05		Kidaré Amat Doungous		LOCALITY	12.37479	19.63538	
L	2430385	01		Kichina		LOCALITY	13.16365	19.51084	
L	2430386	05		Kichina		LOCALITY	12.49421	18.76253	
L	2430391	17		Koubala		LOCALITY	9.106	18.3486	
L	2430392	08		Kiati		LOCALITY	9.01364	15.97901	
L	2430394	08		Kiagor		LOCALITY	9.00625	16.40138	
L	2430397	15		Khoundouma		LOCALITY	11.89875	15.09694	
L	2430399	05		Rimélé		LOCALITY	11.10146	18.79481	
L	2430400	18		Khichemak		LOCALITY	12.52782	16.75106	
L	2430402	01		Kherkatir		LOCALITY	13.02695	17.70582	
L	2430403	01		Khébéna		LOCALITY	13.1103	17.94553	
L	2430404	01		Khebéché		LOCALITY	13.51667	19.63333	
L	2430405	01		Kharcha		LOCALITY	13.3316	18.1193	
L	2430410	01		Khach Khach		LOCALITY	13.0987	18.1109	
L	2430411	01		Khach Khach		LOCALITY	13.07403	17.30801	
L	2430414	20		Kezaye		LOCALITY	9.7733	14.3624	
L	2430415	08		Kéni Bérim		LOCALITY	8.93655	15.78203	
L	2430416	08		Keuni		LOCALITY	9.01251	15.74441	
L	2430417	20		Kéuni		LOCALITY	8.7396	15.32298	
L	2430424	06		Kertiéfil		LOCALITY	14.28	15.57809	
L	2430425	08		Keroum		LOCALITY	8.8	15.76667	
L	2430433	05		Kerkéna		LOCALITY	11.6584	18.404	
L	2430435	01		Kerkafa		LOCALITY	13.46952	19.69478	
L	2430437	06		Kéringa		LOCALITY	13.77236	15.88408	
L	2430445	05		Kérétchou		LOCALITY	12.06111	18.80363	
L	2430446	01		Kérézo		LOCALITY	13.7505	19.618	
L	2430452	15		Kérébo		LOCALITY	10.3895	17.4097	
L	2430454	08		Kéré		LOCALITY	8.73333	16.38333	
L	2430455	15		Kerse		LOCALITY	11.2149	15.28079	
L	2430457	19		Kéram		LOCALITY	8.33333	17.51667	
L	2430458	17		Kérakono		LOCALITY	8.7245	18.7802	
L	2430459	17		Kira		LOCALITY	9.17717	18.28691	
L	2430460	19		Kira		LOCALITY	9.04503	18.01711	
L	2430461	17		Kénodjou		LOCALITY	8.7171	18.4908	
L	2430462	19		Kemkaga		LOCALITY	8.9758	17.2043	
L	2430463	19		Kénika		LOCALITY	8.5	17.6	
L	2430466	01		Kenga		LOCALITY	12.96484	17.53368	
L	2430468	05		Kendégué		LOCALITY	10.01667	18.61667	
L	2430471	19		Kemrimbé		LOCALITY	9.1236	18.0934	
L	2430472	19		Kémongo		LOCALITY	8.9614	17.1962	
L	2430473	14		Kemkono		LOCALITY	9.15694	16.95661	
L	2430475	19		Kemkaga		LOCALITY	8.33333	17.86667	
L	2430476	19		Kemkada		LOCALITY	8.86738	17.41795	
L	2430477	19		Kemkaba		LOCALITY	9.21129	17.58863	
L	2430478	17		Kemkaba		LOCALITY	8.81667	18.66667	
L	2430479	17		Kemkaba		LOCALITY	8.7644	18.7569	
L	2430480	17		Kemkaba		LOCALITY	8.60144	18.4771	
L	2430481	17		Kemgo I		LOCALITY	8.5085	18.4301	
L	2430483	17		Kemgo		LOCALITY	8.68085	18.96648	
L	2430484	08		Kemeur		LOCALITY	8.8331	15.9018	
L	2430485	14		Kemdili		LOCALITY	9.14156	17.08786	
L	2430486	17		Kemdili		LOCALITY	8.64497	18.07621	
L	2430487	19		Kemdili		LOCALITY	8.6224	18.0522	
L	2430488	14		Kemdilati		LOCALITY	9.32209	16.81798	
L	2430489	17		Kemdila		LOCALITY	9.28393	17.98842	
L	2430490	17		Kemdéré		LOCALITY	9.0699	18.4363	
L	2430491	19		Kemdéré		LOCALITY	8.92942	17.87909	
L	2430492	19		Kemdērē		LOCALITY	8.9	17.91667	
L	2430493	19		Kembolo		LOCALITY	9.19134	17.57384	
L	2430494	19		Kambita		LOCALITY	8.852	17.84842	
L	2430495	19		Kembita		LOCALITY	8.5086	17.6062	
L	2430496	19		Kembita		LOCALITY	8.33762	17.86957	
L	2430497	17		Kèmbidé		LOCALITY	9.1533	18.2925	
L	2430498	17		Kémata II		LOCALITY	9.1636	18.4679	
L	2430499	17		Kémata I		LOCALITY	9.23324	18.45546	
L	2430500	17		Kémata		LOCALITY	9.23067	18.10438	
L	2430501	14		Kémata		LOCALITY	9.16203	17.11502	
L	2430502	17		Kémata		LOCALITY	8.56286	18.65203	
L	2430503	19		Kamata		LOCALITY	8.1747	17.4325	
L	2430504	19		Kemando		LOCALITY	8.91667	17.16667	
L	2430506	14		Kelo		LOCALITY	9.30859	15.80658	82677
L	2430511	07		Kélboua		LOCALITY	13.34772	14.33486	
L	2430512	18		Kelkele		LOCALITY	12.64627	16.71295	
L	2430519	01		Kélignata		LOCALITY	12.97021	18.27963	
L	2430520	06		Kéliganga		LOCALITY	13.86926	15.04897	
L	2430521	06		Kéliganga		LOCALITY	13.2898	15.78448	
L	2430526	22		Kélétoa		LOCALITY	13.81808	15.72718	
L	2430528	06		Kélérom		LOCALITY	13.62704	15.62414	
L	2430529	06		Kélérom		LOCALITY	13.58466	15.69318	
L	2430530	06		Kélep		LOCALITY	13.36687	15.65898	
L	2430531	19		Kélembo		LOCALITY	8.8	17.61667	
L	2430532	18		Kélékélé Maloumari		LOCALITY	13.20119	15.61869	
L	2430533	18		Kélékélé Kouka		LOCALITY	13.13769	15.74243	
L	2430534	18		Kélékélé Kouka		LOCALITY	13.09013	15.68837	
L	2430535	18		Kélékélé Doulou		LOCALITY	13.23764	15.63083	
L	2430536	18		Kélékélé		LOCALITY	13.10069	15.72838	
L	2430537	18		Kélékélé		LOCALITY	13.02109	15.81038	
L	2430538	22		Kéléfiléy		LOCALITY	13.4174	16.3594	
L	2430546	07		Kèlankia		LOCALITY	13.43526	15.35423	
L	2430547	01		Kélani		LOCALITY	13.431	18.5179	
L	2430548	15		Kalam Bogori		LOCALITY	11.94018	15.13625	
L	2430556	18		Kéké Arazaï		LOCALITY	12.88705	15.57976	
L	2430557	18		Kéké		LOCALITY	12.87114	15.58216	
L	2430560	20		Keïkiro		LOCALITY	8.77309	15.33626	
L	2430561	08		Keykagué		LOCALITY	8.85498	16.26073	
L	2430571	16		Kédoua		LOCALITY	9.98931	15.12875	
L	2430572	05		Kédili		LOCALITY	10.9705	17.6836	
L	2430573	07		Kedi Kedi		LOCALITY	13.60467	15.21691	
L	2430576	16		Kédété		LOCALITY	10.6	15.23333	
L	2430579	15		Kédédésé		LOCALITY	11.0999	16.814	
L	2430583	20		Kabbi		LOCALITY	9.6344	14.0909	
L	2430591	01		Kazam		LOCALITY	13.9895	19.4615	
L	2430592	06		Kaywa Sangaro		LOCALITY	13.39312	15.532	
L	2430593	06		Kaywa Mombou		LOCALITY	13.41647	15.65435	
L	2430594	06		Kaywa		LOCALITY	13.41398	15.53206	
L	2430595	18		Kayri		LOCALITY	13.10706	15.5595	
L	2430598	18		Kayoua		LOCALITY	13.01515	15.42577	
L	2430602	07		Kayo		LOCALITY	13.41667	15.21667	
L	2430603	07		Kayioua		LOCALITY	13.54132	15.25892	
L	2430604	06		Kayéwa		LOCALITY	13.61679	15.58982	
L	2430605	06		Kayéwa		LOCALITY	13.54478	15.55264	
L	2430607	14		Kayer		LOCALITY	9.1743	16.2712	
L	2430608	16		Kayéouang		LOCALITY	10.69678	15.14648	
L	2430609	17		Kayengo		LOCALITY	9.17083	19.09362	
L	2430610	16		Kayena		LOCALITY	10.26832	15.56272	
L	2430611	16		Kaye Kaye		LOCALITY	10.78714	15.08447	
L	2430612	09		Kayé		LOCALITY	8.0251	15.719	
L	2430614	06		Kay Boula		LOCALITY	13.5885	15.53303	
L	2430615	07		Kayara		LOCALITY	13.53022	15.22151	
L	2430616	06		Kayam-Féfey		LOCALITY	13.76761	15.42415	
L	2430617	16		Kayam		LOCALITY	10.5	15.36667	
L	2430618	08		Kaya Loli		LOCALITY	9.0135	16.2235	
L	2430621	07		Kaya		LOCALITY	13.68294	14.27434	
L	2430622	07		Kaya		LOCALITY	13.64423	15.34637	
L	2430623	07		Kaya		LOCALITY	13.55	14.83333	
L	2430624	07		Kaya		LOCALITY	13.43333	14.55	
L	2430625	07		Kaya		LOCALITY	13.35351	15.54033	
L	2430626	08		Kaya		LOCALITY	9.01	16.2337	
L	2430631	01		Katsoro		LOCALITY	12.40161	17.38657	
L	2430632	16		Katoua		LOCALITY	11.1802	15.31042	
L	2430634	09		Kato II		LOCALITY	7.75617	15.6824	
L	2430635	09		Kato I		LOCALITY	7.73279	15.68536	
L	2430637	16		Katoa		LOCALITY	10.83034	15.07573	
L	2430638	09		Kato		LOCALITY	7.7393	15.62	
L	2430639	09		Kato		LOCALITY	7.72169	15.68165	
L	2430640	14		Katkor		LOCALITY	9.34426	17.0201	
L	2430644	18		Kationa		LOCALITY	12.30524	14.96512	
L	2430646	06		Katiarom		LOCALITY	13.28854	15.70168	
L	2430647	19		Katia		LOCALITY	9.00413	17.45853	
L	2430648	15		Katemaya		LOCALITY	11.51498	15.15122	
L	2430651	15		Katché		LOCALITY	12.21469	15.87014	
L	2430652	15		Katchatchia Maloum		LOCALITY	10.85516	16.05921	
L	2430653	15		Katchatchia Abdoulay		LOCALITY	10.8387	16.0609	
L	2430654	06		Katarnandou		LOCALITY	13.75	14.88333	
L	2430655	06		Katarfou		LOCALITY	13.75	14.85	
L	2430656	13		Kataouaré		LOCALITY	12.0153	19.9029	
L	2430657	06		Katalui		LOCALITY	13.78333	14.95	
L	2430658	01		Katala		LOCALITY	13.13899	18.63109	
L	2430659	15		Kata		LOCALITY	10.6058	17.2868	
L	2430662	17		Kassinda		LOCALITY	8.7636	18.29866	
L	2430664	16		Kasséouina		LOCALITY	9.73333	15.25	
L	2430665	14		Kaselem Kélo		LOCALITY	9.2507	15.73033	
L	2430666	14		Kasselem Baïmon		LOCALITY	9.23333	15.66667	
L	2430669	17		Kassay		LOCALITY	9.1289	18.4063	
L	2430670	18		Kasorom		LOCALITY	13.2816	15.43115	
L	2430671	22		Kasogon		LOCALITY	13.3715	16.527	
L	2430674	16		Kaski		LOCALITY	9.95797	15.2193	
L	2430675	05		Kasira		LOCALITY	12.4813	19.538	
L	2430678	15		Kazeri		LOCALITY	11.24451	15.27378	
L	2430679	18		Kassem		LOCALITY	12.66822	14.80026	
L	2430680	14		Kaselem Mbaymou		LOCALITY	9.2455	15.7084	
L	2430681	14		Kasélem		LOCALITY	9.2601	15.7214	
L	2430682	14		Kasbang		LOCALITY	9.40819	15.86084	
L	2430683	18		Kasara		LOCALITY	12.81667	14.58333	
L	2430684	01		Kasaba		LOCALITY	12.62798	17.47103	
L	2430686	15		Kartie		LOCALITY	12.06828	16.07082	
L	2430687	07		Kartchia		LOCALITY	13.6	14.3	
L	2430689	07		Kartari		LOCALITY	13.56747	15.3406	
L	2430690	14		Karoya		LOCALITY	9.18642	16.99746	
L	2430691	06		Karouzénia		LOCALITY	13.26784	15.73317	
L	2430692	18		Karouori		LOCALITY	13.02213	15.58605	
L	2430693	14		Karoum		LOCALITY	9.6705	15.7979	
L	2430696	16		Karoual		LOCALITY	9.49085	15.15171	
L	2430697	07		Karoua		LOCALITY	13.5496	15.22043	
L	2430698	06		Karoua		LOCALITY	13.41795	15.87569	
L	2430699	07		Karoua		LOCALITY	13.37324	15.48004	
L	2430700	18		Karoua		LOCALITY	13.21757	15.66682	
L	2430701	18		Karoua		LOCALITY	13.09606	15.87595	
L	2430702	18		Karoua		LOCALITY	13.06536	15.74798	
L	2430703	18		Karoua		LOCALITY	13.05747	15.7095	
L	2430704	08		Karoua		LOCALITY	8.9241	16.5485	
L	2430705	09		Karoua		LOCALITY	8.5869	16.6142	
L	2430706	09		Karoua		LOCALITY	8.5021	16.32981	
L	2430709	07		Karoua		LOCALITY	13.53443	15.2481	
L	2430710	17		Karou		LOCALITY	10.2063	19.306	
L	2430712	19		Karoayan		LOCALITY	9.20288	17.20826	
L	2430713	05		Karo		LOCALITY	10.3791	18.8811	
L	2430714	01		Karno		LOCALITY	13.7229	19.3415	
L	2430716	15		Karnak		LOCALITY	11.5598	16.0748	
L	2430717	05		Karnak		LOCALITY	11.4343	18.8252	
L	2430718	06		Karna		LOCALITY	13.34162	15.6468	
L	2430719	18		Karmé		LOCALITY	12.54706	15.89728	
L	2430722	05		Karlongo		LOCALITY	12.16281	18.47463	
L	2430724	01		Karkour		LOCALITY	13.3989	18.1416	
L	2430726	16		Karkebou		LOCALITY	9.95009	15.13351	
L	2430727	08		Kar Kay		LOCALITY	8.9225	15.8389	
L	2430728	15		Karkam		LOCALITY	12.19847	15.19285	
L	2430729	15		Karkam		LOCALITY	12.17899	15.20554	
L	2430731	05		Karkagné		LOCALITY	11.7	19.13333	
L	2430733	01		Karkadio		LOCALITY	12.7822	19.2552	
L	2430735	06		Karka		LOCALITY	14.3902	15.2592	
L	2430736	06		Karka		LOCALITY	14.1707	15.13505	
L	2430739	01		Kariao		LOCALITY	12.84849	17.94353	
L	2430740	08		Karia Ngolo		LOCALITY	9.0834	16.3521	
L	2430741	08		Karia Mbassa		LOCALITY	9.0831	16.3448	
L	2430742	14		Kariadou		LOCALITY	9.13333	16.51667	
L	2430743	14		Kariadeboum		LOCALITY	9.18471	16.69621	
L	2430744	15		Kari		LOCALITY	11.03551	15.83456	
L	2430745	16		Kargo		LOCALITY	9.85	15.73333	
L	2430746	08		Kargeuni		LOCALITY	8.95	15.91667	
L	2430748	05		Karfisso		LOCALITY	11.3291	18.2104	
L	2430749	07		Karé Njoro		LOCALITY	13.81667	14.21667	
L	2430750	07		Karémirom		LOCALITY	13.38333	14.81667	
L	2430752	17		Karéba		LOCALITY	9.2092	18.1734	
L	2430753	13		Karé		LOCALITY	10.1115	19.7965	
L	2430756	18		Kardéri		LOCALITY	13.16145	15.63418	
L	2430759	05		Kardan		LOCALITY	12.36931	18.93133	
L	2430764	05		Karay		LOCALITY	12.8695	19.7752	
L	2430767	18		Karasoua		LOCALITY	13.04094	15.70635	
L	2430768	15		Karaska		LOCALITY	11.13627	15.12065	
L	2430769	18		Karassina		LOCALITY	12.48759	15.91854	
L	2430772	09		Karengoye		LOCALITY	9.07368	16.55258	
L	2430773	09		Karang		LOCALITY	7.54694	15.55116	
L	2430774	06		Karandom		LOCALITY	13.40529	15.55791	
L	2430775	18		Karandom		LOCALITY	13.0526	15.64135	
L	2430776	07		Karamgoboua		LOCALITY	14.04064	13.9363	
L	2430777	06		Karamalia		LOCALITY	13.54409	15.57171	
L	2430778	07		Karam		LOCALITY	13.8	14.16667	
L	2430780	07		Karala		LOCALITY	13.54746	15.0707	
L	2430781	18		Karal		LOCALITY	12.83976	14.7644	
L	2430782	18		Karal		LOCALITY	12.29467	15.05797	
L	2430785	01		Karay		LOCALITY	13.8847	19.4499	
L	2430786	07		Karaga		LOCALITY	13.35	14.38333	
L	2430790	15		Kara		LOCALITY	11.37666	15.83952	
L	2430791	15		Kara		LOCALITY	11.19022	15.58091	
L	2430792	14		Kara		LOCALITY	9.51667	15.86667	
L	2430793	14		Kara		LOCALITY	9.2514	16.3394	
L	2430794	19		Kara		LOCALITY	9.04979	17.22002	
L	2430795	09		Kara		LOCALITY	8.94862	17.08778	
L	2430796	09		Kara		LOCALITY	8.2902	16.57572	
L	2430797	17		Kara		LOCALITY	9.4575	18.0552	
L	2430801	15		Kaouissène		LOCALITY	11.92687	15.11401	
L	2430807	16		Kawalké		LOCALITY	10.47574	16.01908	
L	2430810	18		Kaorom		LOCALITY	13.04815	15.37585	
L	2430812	16		Kaoran II		LOCALITY	9.8	15.7	
L	2430813	16		Kaoran		LOCALITY	9.83732	15.65213	
L	2430815	16		Kaora		LOCALITY	10.07192	15.71759	
L	2430816	18		Kaoko		LOCALITY	12.46858	16.59153	
L	2430817	06		Kaoda		LOCALITY	13.46927	15.80231	
L	2430819	06		Kantirom		LOCALITY	13.213	15.73575	
L	2430822	22		Kantara		LOCALITY	13.60518	17.02283	
L	2430827	08		Kano		LOCALITY	8.5407	15.7707	
L	2430828	18		Kankouri		LOCALITY	13.08163	15.6992	
L	2430829	18		Kankouri		LOCALITY	12.94913	15.58758	
L	2430832	18		Kankara Kararom		LOCALITY	12.96547	15.64932	
L	2430835	07		Kanirom		LOCALITY	14.40177	13.7635	
L	2430836	07		Kanirom		LOCALITY	13.16334	15.23229	
L	2430837	19		Kaninga		LOCALITY	8.84719	17.18394	
L	2430838	08		Kania		LOCALITY	8.70502	15.57508	
L	2430839	19		Kangué		LOCALITY	9.12157	17.25037	
L	2430840	19		Kangté II		LOCALITY	9.0965	17.26783	
L	2430841	19		Kangté I		LOCALITY	9.0581	17.20803	
L	2430843	19		Kangoro		LOCALITY	8.81064	17.47163	
L	2430844	14		Kanguéra		LOCALITY	9.1567	16.8837	
L	2430847	15		Kang-Kang		LOCALITY	11.49176	15.22329	
L	2430848	19		Kangbéri		LOCALITY	9.00757	17.23023	
L	2430849	16		Kangaye		LOCALITY	9.78333	15.08333	
L	2430850	06		Kangar Kangara		LOCALITY	13.25696	15.82696	
L	2430851	18		Kangara Touomousari		LOCALITY	13.20714	15.53295	
L	2430852	06		Kangarater		LOCALITY	13.35048	15.67291	
L	2430853	06		Kangara Kararom		LOCALITY	13.285	15.67213	
L	2430854	06		Kangara Bouloa		LOCALITY	13.37872	15.72509	
L	2430857	07		Kangara		LOCALITY	13.75	14.23333	
L	2430859	07		Kangara		LOCALITY	13.54324	15.3799	
L	2430860	06		Kangara		LOCALITY	13.39581	15.8713	
L	2430861	07		Kangara		LOCALITY	13.4	14.61667	
L	2430862	18		Kangara		LOCALITY	13.2074	15.64907	
L	2430863	18		Kangara		LOCALITY	13.20635	15.48836	
L	2430864	18		Kangara		LOCALITY	12.86181	15.62147	
L	2430865	18		Kangara		LOCALITY	12.8457	15.51964	
L	2430868	06		Kangama		LOCALITY	13.68333	15.66667	
L	2430869	07		Kangalom	كنقالم	LOCALITY	13.25	14.98333	
L	2430870	06		Kanga Kouroua		LOCALITY	13.59266	15.75361	
L	2430876	05		Kané		LOCALITY	10.13047	18.69194	
L	2430877	19		Kane		LOCALITY	9.34806	17.35757	
L	2430879	17		Kandjé		LOCALITY	9.21667	18.61667	
L	2430880	14		Kandja		LOCALITY	9.582	15.7175	
L	2430884	19		Kandili		LOCALITY	8.8683	17.78884	
L	2430885	05		Kandia		LOCALITY	10.9496	18.5262	
L	2430887	18		Kandéla		LOCALITY	12.94446	15.61516	
L	2430888	07		Kandéa		LOCALITY	13.13333	15.01667	
L	2430889	20		Kanbanla		LOCALITY	8.62276	15.24677	
L	2430890	08		Kana III		LOCALITY	8.68333	15.9	
L	2430891	08		Kana II		LOCALITY	8.67521	15.90374	
L	2430892	08		Kana I		LOCALITY	8.68331	15.89462	
L	2430894	07		Kan		LOCALITY	13.45	14.45	
L	2430897	09		Kamro		LOCALITY	8.1305	15.9917	
L	2430898	19		Kampkian		LOCALITY	8.3912	17.3004	
L	2430899	06		Kampamari		LOCALITY	14.03838	15.53354	
L	2430900	01		Kamoutio		LOCALITY	13.15307	19.33005	
L	2430901	01		Kamoutcho		LOCALITY	13.08333	19.26667	
L	2430902	08		Kamla		LOCALITY	9.0062	16.2664	
L	2430906	17		Kamkigna		LOCALITY	9.65903	17.80613	
L	2430907	19		Kamkia		LOCALITY	8.49208	17.59759	
L	2430908	08		Kamkiel		LOCALITY	8.9619	15.5221	
L	2430909	08		Kamkassa		LOCALITY	8.41839	15.8726	
L	2430913	08		Kamgorio		LOCALITY	8.60191	16.05116	
L	2430915	18		Kameron Guini		LOCALITY	12.98317	15.50431	
L	2430916	07		Kaméroné		LOCALITY	13.53253	15.36109	
L	2430917	18		Kameron		LOCALITY	12.97665	15.52286	
L	2430918	09		Kame Dati		LOCALITY	9.1051	16.5586	
L	2430919	07		Kamdom		LOCALITY	14.07623	13.99855	
L	2430920	16		Kamda		LOCALITY	11.04667	15.21577	
L	2430922	05		Kambikir		LOCALITY	11.3231	18.0526	
L	2430924	14		Kambaya		LOCALITY	9.1467	16.7817	
L	2430925	07		Kamba Bélim		LOCALITY	13.93392	14.3177	
L	2430926	14		Kamba		LOCALITY	10.0813	16.30226	
L	2430928	19		Kamassé		LOCALITY	8.63236	17.59525	
L	2430929	16		Kamarkébé		LOCALITY	9.8368	15.1837	
L	2430931	17		Kamanga		LOCALITY	9.34126	18.57981	
L	2430935	26		Kamai		LOCALITY	21.17722	17.52611	
L	2430938	18		Kaloula		LOCALITY	13.12121	15.8024	
L	2430939	16		Kaloubou		LOCALITY	10.80386	15.36439	
L	2430940	07		Kalo Ouoli		LOCALITY	13.46667	14.98333	
L	2430945	14		Kalmourou		LOCALITY	9.4916	15.7206	
L	2430946	14		Kalmourou		LOCALITY	9.4825	15.7556	
L	2430947	17		Kalmouna		LOCALITY	9.97003	17.79952	
L	2430948	14		Kalmé		LOCALITY	9.2868	16.2588	
L	2430949	15		Kalkoloum		LOCALITY	11.94732	15.10063	
L	2430957	06		Kalkala		LOCALITY	14.06505	15.42536	
L	2430959	19		Kalité		LOCALITY	9.22028	17.17086	
L	2430961	06		Kalina		LOCALITY	13.49179	15.73066	
L	2430962	07		Kalimba		LOCALITY	13.34894	15.48592	
L	2430965	06		Kalia		LOCALITY	14.31222	14.89611	
L	2430969	06		Kali		LOCALITY	14.48176	14.75031	
L	2430972	14		Kalguéré		LOCALITY	9.31667	16.66667	
L	2430973	15		Kalgoa		LOCALITY	11.3675	15.3326	
L	2430975	15		Kalfoure		LOCALITY	11.00329	15.77192	
L	2430976	07		Kalérom		LOCALITY	13.62379	15.40184	
L	2430977	06		Kalérom		LOCALITY	13.2819	15.55862	
L	2430978	18		Kalérom		LOCALITY	13.25549	15.51791	
L	2430981	18		Kalémayri		LOCALITY	13.08385	15.84721	
L	2430983	18		Kalékokori		LOCALITY	13.03103	15.77035	
L	2430984	15		Kaléki		LOCALITY	11.0834	16.0776	
L	2430985	06		Kalé Ayérom		LOCALITY	13.56575	15.63265	
L	2430986	18		Kale		LOCALITY	12.97656	16.54869	
L	2430987	06		Kaldérom		LOCALITY	13.97586	15.58341	
L	2430988	17		Kalbani		LOCALITY	9.8669	19.2166	
L	2430989	06		Kalay		LOCALITY	14.08874	14.65415	
L	2430992	22		Kalatio		LOCALITY	13.5667	16.3813	
L	2430993	07		Kalali		LOCALITY	13.59092	15.20183	
L	2430994	07		Kalati		LOCALITY	13.51192	15.00728	
L	2430997	06		Kalari		LOCALITY	13.66174	15.56355	
L	2431000	14		Kalan		LOCALITY	9.74288	17.31971	
L	2431001	15		Kalam-Kalam		LOCALITY	11.88999	15.18949	
L	2431002	07		Kalamina		LOCALITY	13.61667	14.73333	
L	2431003	15		Kalambari		LOCALITY	11.5675	17.1034	
L	2431005	07		Kalama		LOCALITY	13.44214	14.25971	
L	2431006	06		Kalala		LOCALITY	14.05333	15.17344	
L	2431010	16		Kalahaki		LOCALITY	10.51667	15.51667	
L	2431011	06		Kala Bo		LOCALITY	14.07226	14.64549	
L	2431012	07		Kala		LOCALITY	13.62286	15.37278	
L	2431013	07		Kala		LOCALITY	13.51474	15.39649	
L	2431015	19		Kakoyo		LOCALITY	9.19413	17.38352	
L	2431016	09		Kakoyo		LOCALITY	7.88816	15.65859	
L	2431018	09		Kakoro		LOCALITY	8.2412	15.6592	
L	2431019	15		Kakoma		LOCALITY	11.92432	15.06354	
L	2431020	17		Kakoli		LOCALITY	9.04728	18.3004	
L	2431021	19		Kakodé		LOCALITY	9.11225	17.23202	
L	2431022	17		Kako		LOCALITY	9.66607	17.8116	
L	2431023	20		Kakninga		LOCALITY	9.15336	15.28602	
L	2431027	19		Kakerti		LOCALITY	9.16144	17.28604	
L	2431028	08		Kahéroy		LOCALITY	8.8511	15.91682	
L	2431031	06		Kakay		LOCALITY	13.73722	15.41386	
L	2431032	01		Kakaraka		LOCALITY	12.52842	17.38962	
L	2431034	05		Kakanon		LOCALITY	10.8324	18.5323	
L	2431036	22		Kakali		LOCALITY	14.12657	15.91011	
L	2431038	16		Kakalé		LOCALITY	10.89862	15.59613	
L	2431040	07		Kaïwa		LOCALITY	14.20249	13.77941	
L	2431041	09		Kaitia		LOCALITY	7.9115	15.7822	
L	2431044	07		Kairom		LOCALITY	13.40346	15.43374	
L	2431046	18		Kaïri		LOCALITY	12.87173	15.42158	
L	2431048	08		Kayra II		LOCALITY	8.95372	16.51356	
L	2431049	08		Kayra I		LOCALITY	8.94759	16.5224	
L	2431050	07		Kaira Gidi		LOCALITY	13.30527	15.14624	
L	2431051	07		Kaira Fété		LOCALITY	13.29168	15.11908	
L	2431054	08		Kaïra		LOCALITY	9.0437	16.2614	
L	2431056	14		Kaïmi		LOCALITY	9.2825	16.8839	
L	2431057	08		Kaikourou		LOCALITY	8.96667	15.86667	
L	2431058	08		Kaïkounda		LOCALITY	8.46971	15.61045	
L	2431059	07		Kaïga		LOCALITY	13.38333	14.53333	
L	2431060	07		Kaïga		LOCALITY	14.21194	13.85657	
L	2431063	14		Kaïdolo		LOCALITY	9.1987	16.2457	
L	2431064	08		Kaïdili		LOCALITY	8.3918	15.8627	
L	2431065	01		Kaïdilbaché		LOCALITY	13.1037	17.6973	
L	2431066	07		Kaïdi		LOCALITY	13.68333	14.83333	
L	2431069	14		Kahinga		LOCALITY	9.31293	17.09453	
L	2431070	14		Kahinga		LOCALITY	9.25253	17.03683	
L	2431072	16		Kahabo		LOCALITY	10.54558	15.45673	
L	2431074	19		Kaguibé		LOCALITY	8.6103	17.7517	
L	2431075	09		Kaguétao		LOCALITY	8.1936	15.7515	
L	2431076	14		Kaguessem		LOCALITY	9.61873	17.31383	
L	2431077	09		Kagtao		LOCALITY	8.13333	15.73333	
L	2431078	08		Kagroy		LOCALITY	8.69966	15.42012	
L	2431079	15		Kagouri	كغوري	LOCALITY	11.94897	15.52735	
L	2431080	20		Kagounmi		LOCALITY	9.2344	15.002	
L	2431081	09		Kagopal		LOCALITY	8.27781	16.44472	
L	2431082	05		Kagni		LOCALITY	10.18333	18.68333	
L	2431083	17		Kagnel		LOCALITY	9.86783	17.98203	
L	2431084	19		Kagmanian		LOCALITY	8.6839	17.2649	
L	2431085	09		Kakinga		LOCALITY	8.96351	17.07207	
L	2431086	14		Kagolé		LOCALITY	9.1734	16.259	
L	2431089	14		Kaga Tetelngar		LOCALITY	9.1873	16.7687	
L	2431092	14		Kaga Palpaye		LOCALITY	9.21423	16.77633	
L	2431093	14		Kaga Mbassa		LOCALITY	9.22963	16.83958	
L	2431094	08		Kaga I		LOCALITY	8.6981	16.06142	
L	2431095	19		Kaga		LOCALITY	9.16473	17.50832	
L	2431096	08		Kaga III		LOCALITY	8.72757	16.05145	
L	2431097	09		Kaga		LOCALITY	8.44511	16.4728	
L	2431100	07		Kafia		LOCALITY	13.53333	14.35	
L	2431101	18		Kafia		LOCALITY	13.33034	15.39966	
L	2431102	07		Kafia		LOCALITY	13.3	14.7	
L	2431107	09		Kadounga		LOCALITY	7.9649	15.8401	
L	2431108	15		Kadouna		LOCALITY	12.3264	15.34269	
L	2431109	15		Kadoumki		LOCALITY	12.01465	15.30963	
L	2431111	07		Kadoulou		LOCALITY	13.8	14.1	
L	2431112	07		Kadoulou		LOCALITY	13.38333	14.6	
L	2431115	19		Kadouiti		LOCALITY	9.08951	17.3894	
L	2431116	05		Kadjiré		LOCALITY	12.4174	19.569	
L	2431117	19		Kadjinga		LOCALITY	9.19955	17.22476	
L	2431118	19		Kadjinga		LOCALITY	9.05213	17.25293	
L	2431119	07		Kadjila		LOCALITY	13.4	14.45	
L	2431122	14		Kadingala		LOCALITY	9.93333	16.36667	
L	2431125	14		Kadengar		LOCALITY	9.3004	16.9534	
L	2431126	19		Kademari		LOCALITY	9.12423	17.48443	
L	2431127	14		Kademané		LOCALITY	9.18757	17.08038	
L	2431128	19		Kadékouti		LOCALITY	8.61425	17.60309	
L	2431129	05		Kadegam		LOCALITY	11.9229	18.91	
L	2431130	19		Kadaya		LOCALITY	8.8108	17.5888	
L	2431131	06		Kadar		LOCALITY	13.60222	15.77383	
L	2431132	06		Kadar		LOCALITY	13.2704	15.82131	
L	2431133	18		Kadamdon		LOCALITY	12.9103	15.27054	
L	2431134	18		Kadamalia		LOCALITY	13.1017	15.59284	
L	2431137	05		Kadam		LOCALITY	11.8608	18.8249	
L	2431139	07		Kada		LOCALITY	13.47222	15.23444	
L	2431141	15		Kach Kachay		LOCALITY	12.16751	15.57986	
L	2431144	13		Kaché		LOCALITY	10.13333	19.76667	
L	2431148	19		Kabra		LOCALITY	9	17.33333	
L	2431149	19		Kabra		LOCALITY	9.00976	17.33202	
L	2431150	16		Kaboro		LOCALITY	10.66667	15.3	
L	2431151	09		Kabolo		LOCALITY	7.87222	16.20327	
L	2431153	14		Koblade		LOCALITY	9.2169	16.5235	
L	2431161	08		Kabdé		LOCALITY	8.88333	15.73333	
L	2431162	19		Kaba VIII		LOCALITY	8.7014	17.7089	
L	2431163	19		Kaba VII		LOCALITY	8.7176	17.686	
L	2431164	19		Kaba V		LOCALITY	8.1797	17.6982	
L	2431166	01		Kabara		LOCALITY	12.71739	17.43472	
L	2431167	15		Kabalei	كبالي	LOCALITY	11.71603	15.4713	
L	2431168	19		Kabalaï		LOCALITY	8.3	17.78333	
L	2431170	19		Kabakoutou		LOCALITY	8.5977	17.9748	
L	2431171	19		Kaba Kibi		LOCALITY	8.363	18.0543	
L	2431172	19		Kaba IV		LOCALITY	8.18974	17.69933	
L	2431173	19		Kaba III		LOCALITY	8.26667	17.45	
L	2431174	19		Kaba I		LOCALITY	8.3986	17.7504	
L	2431175	19		Kaba I		LOCALITY	8.2	17.7	
L	2431176	15		Kaba		LOCALITY	10.697	16.3162	
L	2431177	19		Kaba		LOCALITY	9.19533	17.57903	
L	2431178	14		Kaba		LOCALITY	9.16	16.4509	
L	2431179	19		Kaba		LOCALITY	9.11808	17.44617	
L	2431180	19		Kaba		LOCALITY	9.01626	17.19674	
L	2431181	19		Kaba		LOCALITY	8.7795	17.5948	
L	2431182	19		Kaba		LOCALITY	8.56667	18	
L	2431183	19		Kaba VI		LOCALITY	8.5276	17.8405	
L	2431184	09		Kaba		LOCALITY	8.4373	17.0708	
L	2431185	08		Kaba		LOCALITY	8.3918	15.7317	
L	2431186	09		Kaba		LOCALITY	8.32493	16.20061	
L	2431187	09		Kaba		LOCALITY	8.3137	17.09997	
L	2431188	19		Kaba III		LOCALITY	8.1418	17.5355	
L	2431189	09		Kaba		LOCALITY	7.73756	16.6701	
L	2431190	09		Kaba		LOCALITY	7.74293	16.29772	
L	2431192	06		Kaara		LOCALITY	13.21536	15.71635	
L	2431194	07		Kaalom		LOCALITY	13.45877	13.94031	
L	2431195	20		Kaakou		LOCALITY	8.9217	15.2254	
L	2431201	15		Jaradi		LOCALITY	11.41754	15.30301	
L	2431202	09		Jamy		LOCALITY	7.72421	15.82456	
L	2431203	09		Jakoua		LOCALITY	7.8614	15.6078	
L	2431204	18		Izeni		LOCALITY	12.70835	14.96843	
L	2431206	22		Iyipi		LOCALITY	13.2342	16.1467	
L	2431210	16		Itchoua		LOCALITY	10.75414	15.89962	
L	2431212	07		Iseirom		LOCALITY	13.47532	15.05104	
L	2431213	05		Issara		LOCALITY	11.58333	17.55	
L	2431214	15		Issani		LOCALITY	11.85437	15.12856	
L	2431216	15		Isoufa		LOCALITY	10.9193	16.2903	
L	2431217	06		Iski		LOCALITY	13.58661	15.50984	
L	2431220	18		Iseni		LOCALITY	12.9642	16.86578	
L	2431223	22		Isab		LOCALITY	13.93216	15.67957	
L	2431225	07		Irtou		LOCALITY	13.31957	15.16702	
L	2431226	06		Iroukoria		LOCALITY	14.09657	15.10486	
L	2431228	15		Iroua		LOCALITY	10.5845	16.6441	
L	2431229	06		Ironga		LOCALITY	14.06978	14.71765	
L	2431234	06		Iri Tchoukou		LOCALITY	14.00333	14.38572	
L	2431235	18		Iriri		LOCALITY	13.25613	15.30778	
L	2431240	16		Iri		LOCALITY	9.8624	15.046	
L	2431241	15		Erguey		LOCALITY	11.3766	17.1052	
L	2431242	05		Iréygé Kébir		LOCALITY	12.3256	19.6771	
L	2431243	01		Irédja		LOCALITY	12.64634	17.12328	
L	2431244	18		Irédja		LOCALITY	12.64071	17.10941	
L	2431245	18		Irédja		LOCALITY	12.57349	17.11746	
L	2431247	18		Irédibo		LOCALITY	12.27951	17.03142	
L	2431248	15		Irébich		LOCALITY	12.26588	15.6347	
L	2431249	18		Iré Bi		LOCALITY	12.51203	14.98634	
L	2431250	07		Irbou		LOCALITY	13.45	14.56667	
L	2431252	15		Irbi Tandja		LOCALITY	10.6282	16.6169	
L	2431255	07		Ira		LOCALITY	13.61539	14.77127	
L	2431257	07		Ir		LOCALITY	13.71667	14.61667	
L	2431266	06		Iooudinga		LOCALITY	13.61785	15.71311	
L	2431269	09		Inndenn		LOCALITY	8.6655	16.8751	
L	2431271	14		Enga		LOCALITY	9.42419	15.70879	
L	2431274	14		Indjing		LOCALITY	9.2939	16.3697	
L	2431276	06		Inchiboula		LOCALITY	14.00575	15.20577	
L	2431279	05		Imèt		LOCALITY	11.1411	17.9424	
L	2431281	18		Iméra		LOCALITY	12.89208	15.69854	
L	2431282	22		Imer		LOCALITY	13.2581	16.1829	
L	2431283	13		Imémit		LOCALITY	11.624	19.7787	
L	2431287	18		Ilta el Khanaïn		LOCALITY	12.2633	15.48106	
L	2431288	06		Ilouwé		LOCALITY	13.8098	15.58608	
L	2431289	15		Iloue		LOCALITY	11.14215	15.85439	
L	2431291	16		Illia		LOCALITY	10.15	15.53333	
L	2431294	16		Illi		LOCALITY	9.8686	15.1324	
L	2431295	01		Illelt al Koro		LOCALITY	12.9352	19.1069	
L	2431296	06		Ilili		LOCALITY	13.72636	15.73591	
L	2431297	06		Ilili		LOCALITY	13.70147	15.70699	
L	2431298	18		Lélétif		LOCALITY	12.51421	15.9053	
L	2431299	18		Ilélif		LOCALITY	12.4088	16.0541	
L	2431300	05		Iléle		LOCALITY	12.53681	18.71523	
L	2431305	16		Ihan		LOCALITY	10.59801	15.38674	
L	2431308	01		Iguilé Sérir		LOCALITY	13.6415	19.9453	
L	2431310	05		Igéné		LOCALITY	12.3425	19.6145	
L	2431313	07		Iga		LOCALITY	13.35	14.96667	
L	2431318	01		Ifenat		LOCALITY	13.6719	18.642	
L	2431321	16		Iéré		LOCALITY	10.53789	15.86686	
L	2431329	18		Idjilidj		LOCALITY	13.01358	15.77053	
L	2431332	18		Idjelidje		LOCALITY	12.5254	16.69043	
L	2431333	05		Idjélidjé		LOCALITY	12.495	19.5511	
L	2431334	15		Idjelidje		LOCALITY	12.04637	16.14867	
L	2431337	05		Idibo		LOCALITY	11.71568	19.17527	
L	2431340	01		Id el Outouk		LOCALITY	13.66	19.8658	
L	2431341	01		Id el Bir		LOCALITY	13.7171	19.4223	
L	2431342	01		Id el Bagar		LOCALITY	13.2352	19.2501	
L	2431343	05		Idedout		LOCALITY	12.58612	18.69496	
L	2431344	01		Id Del		LOCALITY	13.58333	19.16667	
L	2431345	07		Ibroum		LOCALITY	13.35	15	
L	2431346	06		Iboy		LOCALITY	14	14.58333	
L	2431347	07		Ibo		LOCALITY	13.8	14.5	
L	2431348	05		Ibir		LOCALITY	10.6859	19.3502	
L	2431351	05		Ibinda		LOCALITY	11.9474	18.9874	
L	2431352	14		Ibilé		LOCALITY	9.2868	16.017	
L	2431357	18		Ibélé		LOCALITY	12.39826	15.65158	
L	2431362	07		Laouro		LOCALITY	13.53747	15.19257	
L	2431364	15		Iama		LOCALITY	11.21547	15.19709	
L	2431371	18		Hourel		LOCALITY	12.048	17.19119	
L	2431372	15		Hour		LOCALITY	10.33333	17.18333	
L	2431373	16		Houlougou		LOCALITY	9.73333	15.48333	
L	2431374	09		Oulbo		LOCALITY	8.1886	15.5181	
L	2431377	05		Hori		LOCALITY	10.83333	18.4	
L	2431378	17		Hori		LOCALITY	8.7831	18.398	
L	2431379	16		Wori Kaouina		LOCALITY	9.4566	15.3014	
L	2431380	16		Horey Suildoulna		LOCALITY	9.51481	15.30683	
L	2431381	16		Horey el Meïna		LOCALITY	9.46667	15.35	
L	2431382	05		Horé		LOCALITY	10.9982	17.8549	
L	2431387	16		Hollom III		LOCALITY	9.8946	15.3731	
L	2431388	16		Hollom I		LOCALITY	9.9063	15.3423	
L	2431389	15		Holom		LOCALITY	11.33119	15.0722	
L	2431390	16		Hollom II		LOCALITY	9.8991	15.3585	
L	2431392	17		Hol		LOCALITY	9.57953	17.90713	
L	2431393	16		Hoho		LOCALITY	10.6	15.25	
L	2431394	16		Hoho		LOCALITY	10.51441	15.77639	
L	2431395	09		Hobé		LOCALITY	7.70075	16.02089	
L	2431396	16		Hirim		LOCALITY	10.53333	15.5	
L	2431397	01		Himmedié		LOCALITY	13.0935	18.1961	
L	2431398	21		Himeur al Goz		LOCALITY	12.14056	15.05083	
L	2431399	15		Himémlé		LOCALITY	12.11239	15.90839	
L	2431401	18		Himédé		LOCALITY	12.31108	15.14565	
L	2431402	18		Himédé		LOCALITY	12.30294	15.44484	
L	2431403	18		Himédé		LOCALITY	12.2665	15.18914	
L	2431404	15		Himédé		LOCALITY	12.12693	15.39252	
L	2431405	18		Himédé Amgar		LOCALITY	12.10315	17.06321	
L	2431406	15		Himéde		LOCALITY	12.04963	16.0584	
L	2431407	15		Himédé		LOCALITY	12.00052	15.35339	
L	2431409	17		Hima		LOCALITY	10.2158	18.1412	
L	2431410	01		Hillélé		LOCALITY	13.48333	18.41667	
L	2431411	15		Hilèle		LOCALITY	10.81148	16.0838	
L	2431412	17		Hihi		LOCALITY	9.24113	17.97782	
L	2431413	01		Hiéda		LOCALITY	13.2795	18.2549	
L	2431414	13		Hidjer Dout		LOCALITY	11.4962	19.0281	
L	2431415	05		Hidjer		LOCALITY	12.7604	19.8156	
L	2431416	18		Hidjilidjé Kélé		LOCALITY	12.34304	15.95741	
L	2431417	18		Hidjilidjé Ealadrij		LOCALITY	12.35663	15.9605	
L	2431419	01		Hidjélidj		LOCALITY	13.1276	18.2415	
L	2431420	01		Hidjélidj		LOCALITY	12.98563	18.92433	
L	2431421	01		Hidjélidj		LOCALITY	12.98041	18.48573	
L	2431422	15		Hidjelidj		LOCALITY	12.21444	15.15354	
L	2431423	15		Hidjilidjé		LOCALITY	12.15739	15.87375	
L	2431424	18		Hid el Goz		LOCALITY	12.05	17.33333	
L	2431425	17		Hiam		LOCALITY	10.2566	18.147	
L	2431426	15		Her		LOCALITY	11.37063	16.25573	
L	2431429	17		Héllibongo		LOCALITY	9.26508	18.31589	
L	2431433	09		Hébédé		LOCALITY	7.8659	15.8268	
L	2431437	01		Haskanit		LOCALITY	13.133	18.2926	
L	2431440	15		Ourongadji		LOCALITY	12.15659	15.1401	
L	2431442	05		Hari		LOCALITY	11.0435	18.5869	
L	2431443	05		Hari		LOCALITY	10.23333	18.76667	
L	2431445	16		Harbogo		LOCALITY	10.3	15.98333	
L	2431447	18		Haraze		LOCALITY	12.39954	16.02406	
L	2431448	01		Haraz	حراز	LOCALITY	13.95293	19.43337	
L	2431450	18		Harazaï		LOCALITY	12.88972	15.27541	
L	2431453	16		Hara		LOCALITY	9.9621	15.1448	
L	2431455	17		Handi		LOCALITY	9.5248	18.9189	
L	2431457	05		Hamra		LOCALITY	12.8552	19.6839	
L	2431458	15		Hamoud es Segoura		LOCALITY	12.2255	15.2113	
L	2431459	18		Hamoud el Hassi		LOCALITY	12.5313	15.13551	
L	2431460	18		Hamoud Dalla		LOCALITY	12.51512	15.03131	
L	2431462	14		Hamgar		LOCALITY	9.3045	16.3386	
L	2431464	15		Am Douadi		LOCALITY	11.73169	15.40567	
L	2431465	16		Hamdja		LOCALITY	9.76667	16.06667	
L	2431467	20		Ama Toudji		LOCALITY	9.01595	15.23618	
L	2431470	20		Ama-Nekayo-Dobolo		LOCALITY	9.02289	15.19765	
L	2431472	06		Ham		LOCALITY	16	15.7	
L	2431473	16		Ham		LOCALITY	10.00506	15.68536	
L	2431474	18		Halola		LOCALITY	12.08333	17.31667	
L	2431477	18		Hadjer Fi		LOCALITY	12.49782	15.22613	
L	2431478	18		Hadjèr él Hamis		LOCALITY	12.85545	14.83782	
L	2431479	15		Hadjere		LOCALITY	11.19769	15.67138	
L	2431480	18		Hadjer Debdabani		LOCALITY	12.79777	14.6764	
L	2431482	05		Hadid		LOCALITY	12.7582	19.4346	
L	2431490	18		Hachaba		LOCALITY	12.27301	15.16959	
L	2431491	15		Hachaba		LOCALITY	12.23453	15.14922	
L	2431493	01		Haba		LOCALITY	13.1677	17.6746	
L	2431494	01		Haba		LOCALITY	13.10538	17.67927	
L	2431498	16		Guissédé		LOCALITY	10.29673	15.4735	
L	2431499	14		Guissa Klia		LOCALITY	9.2442	16.2084	
L	2431500	16		Guirou		LOCALITY	9.78333	15.46667	
L	2431501	16		Guirou		LOCALITY	9.7	15.2	
L	2431502	15		Guirli		LOCALITY	11.29857	15.12937	
L	2431503	19		Guirkaga		LOCALITY	8.44061	17.67007	
L	2431504	19		Guirkaga		LOCALITY	8.71667	17.8	
L	2431505	19		Guirkaga		LOCALITY	8.3345	17.8581	
L	2431506	05		Guirim		LOCALITY	11.3572	18.3468	
L	2431507	15		Guiri		LOCALITY	11.33968	15.40479	
L	2431508	17		Nguéré		LOCALITY	9.21292	18.1112	
L	2431510	17		Guinguini		LOCALITY	9.64243	18.89334	
L	2431512	09		Guindi		LOCALITY	7.668	15.9402	
L	2431513	17		Guimassa		LOCALITY	9.65111	18.89329	
L	2431514	05		Guim		LOCALITY	11.25	18.08333	
L	2431516	16		Guilari		LOCALITY	10.22025	15.80867	
L	2431517	17		Guila Gondéré		LOCALITY	9.4512	18.821	
L	2431520	15		Guilfou		LOCALITY	11.89783	15.1287	
L	2431521	16		Guifa		LOCALITY	10.51667	15.3	
L	2431522	16		Guien		LOCALITY	9.9315	15.3298	
L	2431523	19		Guidoboula		LOCALITY	8.9186	17.8627	
L	2431524	19		Guiditi		LOCALITY	9.35503	17.57604	
L	2431525	19		Guiditi		LOCALITY	9.23707	17.50032	
L	2431526	14		Guidjina Donon		LOCALITY	9.3299	16.2281	
L	2431527	14		Guidimi		LOCALITY	9.4296	15.6305	
L	2431528	09		Guidikou		LOCALITY	8.62735	16.86317	
L	2431531	15		Martia Guidasek		LOCALITY	10.9357	16.1908	
L	2431532	14		Guidari		LOCALITY	9.2689	16.6725	
L	2431534	16		Guida		LOCALITY	10.1	15.63333	
L	2431535	16		Guiba		LOCALITY	11.01667	15.3	
L	2431536	16		Guiao		LOCALITY	10.83524	15.35361	
L	2431537	16		Guia		LOCALITY	10.58333	15.31667	
L	2431542	17		Guessangolo		LOCALITY	8.5	18.7	
L	2431543	14		Guissa Missou		LOCALITY	9.2192	16.1807	
L	2431545	01		Guernès		LOCALITY	13.57229	19.10542	
L	2431546	14		Guéring		LOCALITY	9.31045	16.66831	
L	2431547	15		Guerié		LOCALITY	11.21667	15.35	
L	2431550	14		Guerguendeng		LOCALITY	9.2126	15.714	
L	2431552	01		Guéréday		LOCALITY	13.9021	19.4745	
L	2431554	17		Nguéré		LOCALITY	9.2054	18.1785	
L	2431557	14		Guer		LOCALITY	9.95523	17.00933	
L	2431559	16		Guéné II		LOCALITY	9.8927	15.4824	
L	2431560	16		Guéné I		LOCALITY	9.8832	15.4817	
L	2431561	14		Guéné		LOCALITY	9.61643	17.24843	
L	2431562	19		Guendoumou		LOCALITY	8.2182	18.0791	
L	2431563	14		Guelviti		LOCALITY	9.175	16.243	
L	2431564	08		Guélouèl		LOCALITY	8.95	15.81667	
L	2431565	14		Guelkouradé		LOCALITY	9.1633	16.5491	
L	2431567	08		Guelkol		LOCALITY	9.0362	16.239	
L	2431568	08		Guelkep		LOCALITY	9.1305	16.2919	
L	2431569	08		Guelkeb		LOCALITY	9.0765	16.0483	
L	2431570	14		Guelgou		LOCALITY	9.3426	15.5924	
L	2431571	14		Guelgong		LOCALITY	9.10812	15.97166	
L	2431572	18		Gélétié		LOCALITY	12.18347	17.27284	
L	2431573	16		Guelendeng		LOCALITY	10.91762	15.55011	23320
L	2431574	19		Guélémo		LOCALITY	9.30143	17.31833	
L	2431576	08		Guélédi		LOCALITY	8.9746	15.8601	
L	2431577	17		Guéléhé		LOCALITY	9.90847	18.62457	
L	2431579	17		Guélé		LOCALITY	9.86553	17.64582	
L	2431580	08		Gueldobo		LOCALITY	9.00344	16.23811	
L	2431581	17		Guelbodan		LOCALITY	9.75603	17.79903	
L	2431583	20		Guegou	غيغو	LOCALITY	9.6018	14.0846	
L	2431584	05		Guéfa		LOCALITY	11.93333	19.16667	
L	2431585	17		Guedjengué		LOCALITY	8.67353	18.55586	
L	2431586	19		Guidikouti		LOCALITY	8.0609	17.6909	
L	2431589	14		Guédégué		LOCALITY	9.41667	15.95	
L	2431591	14		Guébé		LOCALITY	9.35	15.93333	
L	2431592	14		Guébé		LOCALITY	9.32446	15.90613	
L	2431595	15		Griouali		LOCALITY	11.26667	16.15	
L	2431596	06		Grintié		LOCALITY	14.44455	15.29425	
L	2431597	05		Grintié		LOCALITY	11.4358	18.4755	
L	2431598	16		Grin II		LOCALITY	9.9558	15.3539	
L	2431599	16		Grin I		LOCALITY	9.9581	15.3068	
L	2431601	16		Grin		LOCALITY	9.98009	15.29124	
L	2431604	09		Grihon		LOCALITY	7.7	16.05	
L	2431605	06		Grémari		LOCALITY	13.79056	15.5044	
L	2431606	05		Gréhiné		LOCALITY	12.7674	19.2807	
L	2431607	01		Gréfa		LOCALITY	13.3178	18.2056	
L	2431608	15		Grédaya		LOCALITY	12.30184	15.37613	
L	2431609	05		Gréda Loubia		LOCALITY	12.3066	19.5705	
L	2431611	01		Gréa		LOCALITY	13.48333	18.3	
L	2431613	06		Graoudou		LOCALITY	13.94635	15.47251	
L	2431614	06		Graoudou		LOCALITY	13.55575	15.79123	
L	2431615	16		Grand Tougoudé		LOCALITY	10.15121	15.4984	
L	2431616	16		Grand Saïka		LOCALITY	9.7839	15.1212	
L	2431617	16		Grand Goulmoun		LOCALITY	9.8462	15.1979	
L	2431619	07		Graérom		LOCALITY	13.33106	14.47089	
L	2431620	01		Graeff		LOCALITY	13.7	19.31667	
L	2431624	18		Goz Na am		LOCALITY	12.22732	17.11752	
L	2431627	18		Goz el Kanado		LOCALITY	12.40267	15.33288	
L	2431629	13		Goz Djérat		LOCALITY	10.98414	19.92702	
L	2431631	18		Goz Amdièré		LOCALITY	11.7048	17.1929	
L	2431632	13		Goz Abou Danap		LOCALITY	10.25871	19.77996	
L	2431635	16		Goy		LOCALITY	9.3673	15.1687	
L	2431637	06		Gowa		LOCALITY	13.44675	15.51878	
L	2431638	07		Gowa		LOCALITY	13.42721	15.47406	
L	2431639	16		Go Valna		LOCALITY	9.56667	15.16667	
L	2431641	16		Gouyou		LOCALITY	9.9482	14.9427	
L	2431643	15		Goutre		LOCALITY	11.74685	15.1839	
L	2431645	16		Goussemoun		LOCALITY	10.87239	15.27702	
L	2431647	15		Gousara II		LOCALITY	10.5672	16.691	
L	2431648	16		Gousamsi		LOCALITY	9.8894	15.0223	
L	2431651	18		Gouroutou		LOCALITY	12.75242	14.83743	
L	2431653	05		Gourourou		LOCALITY	11.12661	17.78658	
L	2431654	17		Gourourou		LOCALITY	8.6347	18.9682	
L	2431656	19		Gourounten		LOCALITY	8.85	17.16667	
L	2431657	13		Gouroungal		LOCALITY	11.52685	19.27354	
L	2431659	19		Gouroumtou		LOCALITY	8.78933	17.17396	
L	2431660	19		Gouroumti		LOCALITY	8.8574	17.30585	
L	2431661	05		Gouroufa		LOCALITY	12.3642	19.2289	
L	2431662	08		Gouroudou		LOCALITY	9.07074	16.05398	
L	2431665	17		Gourou		LOCALITY	9.8158	19.15	
L	2431666	20		Gourou		LOCALITY	8.73989	15.38378	
L	2431667	19		Gourou		LOCALITY	8.37532	17.78767	
L	2431671	08		Gourmi		LOCALITY	9.13478	16.25724	
L	2431672	16		Gourmèy		LOCALITY	9.8397	14.8415	
L	2431673	15		Gourmadjo	قرمتجو	LOCALITY	12.1814	14.94177	
L	2431675	15		Gourle		LOCALITY	12.0458	16.1022	
L	2431678	06		Gouria		LOCALITY	13.72077	15.42371	
L	2431680	17		Gouri		LOCALITY	10.4195	17.6875	
L	2431681	14		Gouri		LOCALITY	9.2784	16.801	
L	2431682	19		Gouri		LOCALITY	8.78241	17.27882	
L	2431683	08		Gouri		LOCALITY	8.51667	15.98333	
L	2431684	19		Gouri		LOCALITY	8.45737	17.29171	
L	2431685	09		Gouri		LOCALITY	8.31115	17.19052	
L	2431688	01		Gourgouloumou		LOCALITY	13.0034	17.7439	
L	2431691	15		Gourgaré		LOCALITY	11.3868	16.8962	
L	2431692	16		Gourfaye		LOCALITY	10.53333	15.26667	
L	2431693	17		Gouré		LOCALITY	10.0858	19.4869	
L	2431694	01		Gourdjaka		LOCALITY	13.0321	18.41303	
L	2431696	06		Gourdéri		LOCALITY	13.66104	15.5476	
L	2431700	05		Gourba		LOCALITY	12.22121	18.56703	
L	2431702	05		Gourara		LOCALITY	11.8453	18.3331	
L	2431704	06		Gouradrousou		LOCALITY	13.71733	15.76309	
L	2431708	20		Goura		LOCALITY	8.7505	15.2573	
L	2431711	17		Gour		LOCALITY	10.078	17.8518	
L	2431712	07		Gour		LOCALITY	8.76667	15.4	
L	2431714	16		Gounou Tougoni		LOCALITY	9.61667	15.46667	
L	2431715	16		Gonou Tamboursou I		LOCALITY	9.7083	15.4354	
L	2431716	16		Gounou Tanboursou II		LOCALITY	9.6983	15.4461	
L	2431717	16		Gounou Tamboursou I		LOCALITY	9.66667	15.4	
L	2431718	16		Gounou Sémé		LOCALITY	9.5775	15.4623	
L	2431719	16		Gonou Poursou		LOCALITY	9.76485	15.35499	
L	2431720	16		Gounou Ndolo		LOCALITY	9.413	15.5036	
L	2431721	16		Gounou Kodégué		LOCALITY	9.6553	15.4717	
L	2431722	16		Gounou Hobo		LOCALITY	9.69849	15.35525	
L	2431724	16		Gounou Gaya		LOCALITY	9.6294	15.5132	29742
L	2431726	16		Gounou Gaskala		LOCALITY	9.6849	15.3689	
L	2431727	16		Gounou Gan		LOCALITY	9.71864	15.33725	
L	2431728	16		Gounou Galé		LOCALITY	9.416	15.4399	
L	2431729	16		Gounou Dogom		LOCALITY	9.4724	15.4553	
L	2431730	16		Gounou Djouman		LOCALITY	9.60154	15.38896	
L	2431731	14		Goundo Ylla		LOCALITY	9.5479	16.1913	
L	2431733	14		Goundo Nongom		LOCALITY	9.5461	16.1972	
L	2431734	19		Goundi I		LOCALITY	9.34793	17.38522	
L	2431735	14		Goundo Bengli		LOCALITY	9.5545	16.2064	
L	2431736	19		Goundi		LOCALITY	9.36267	17.36597	10577
L	2431737	18		Goundé		LOCALITY	12.94984	14.78608	
L	2431738	20		Gounday		LOCALITY	9.6464	15.0137	
L	2431740	14		Gounaye		LOCALITY	9.60233	17.13423	
L	2431742	14		Gouna		LOCALITY	9.08891	15.72437	
L	2431743	08		Gouna		LOCALITY	8.9177	15.6848	
L	2431744	08		Gouna		LOCALITY	8.86815	15.71824	
L	2431745	14		Goun		LOCALITY	9.3661	15.8806	
L	2431746	06		Goumsi		LOCALITY	14.16697	15.31636	
L	2431747	07		Goumsal		LOCALITY	13.62948	15.10737	
L	2431749	19		Goumoumanga		LOCALITY	8.11496	17.57281	
L	2431751	19		Goumga		LOCALITY	9.53438	17.24381	
L	2431753	23		Goumeur		LOCALITY	20.55	18.46667	
L	2431754	05		Goumé		LOCALITY	10.6544	19.1963	
L	2431755	20		Goumboul		LOCALITY	9.1664	14.9985	
L	2431756	19		Goumboul		LOCALITY	9.09603	17.45703	
L	2431760	19		Goumbala		LOCALITY	8.6128	17.3244	
L	2431762	07		Goumadji Kouta		LOCALITY	13.55	14.58333	
L	2431763	20		Goumadji		LOCALITY	8.95131	14.94046	
L	2431765	06		Goum		LOCALITY	14.16162	14.07666	
L	2431768	16		Gouloumoun		LOCALITY	10.6447	15.31718	
L	2431770	16		Gouloumoun Afata		LOCALITY	10.65271	15.44232	
L	2431775	19		Goulol		LOCALITY	9.36473	17.38782	
L	2431776	19		Goulol		LOCALITY	9.37103	17.33573	
L	2431777	16		Goulmoun		LOCALITY	10.58085	15.21308	
L	2431778	16		Goulmoun		LOCALITY	10.33333	15.33333	
L	2431782	06		Gouliou Sééli		LOCALITY	13.41271	15.62976	
L	2431785	22		Gouli		LOCALITY	13.88776	15.73915	
L	2431788	16		Goulema		LOCALITY	10.62973	15.4303	
L	2431789	16		Goulang		LOCALITY	10.86174	15.48549	
L	2431791	20		Goul		LOCALITY	8.58554	15.23199	
L	2431792	17		Goukodé		LOCALITY	9.64675	18.96635	
L	2431793	17		Goukoa		LOCALITY	9.62062	18.99393	
L	2431794	17		Gouko		LOCALITY	9.65039	18.88334	
L	2431796	06		Gouiri		LOCALITY	14.05575	15.61858	
L	2431797	20		Gouin Pataguèy		LOCALITY	9.5408	14.9705	
L	2431798	20		Gouin		LOCALITY	9.6364	14.9568	
L	2431799	20		Gouin Lara		LOCALITY	9.5519	14.9758	
L	2431803	16		Gouhamma		LOCALITY	10.56419	15.36722	
L	2431804	05		Gougué		LOCALITY	11.9035	18.1535	
L	2431805	15		Gougoum		LOCALITY	11.3627	16.3588	
L	2431808	01		Gougn Fourgue		LOCALITY	12.92191	18.95133	
L	2431811	16		Goufou		LOCALITY	9.8944	15.5335	
L	2431813	20		Goueygoudoum		LOCALITY	9.6123	15.0398	
L	2431815	16		Gouélé		LOCALITY	10.60331	15.93002	
L	2431816	16		Gouéfété		LOCALITY	10.65	15.31667	
L	2431820	01		Goudoumi		LOCALITY	13.2358	19.8768	
L	2431821	16		Goudoum Goudoum		LOCALITY	10.7932	15.39088	
L	2431822	16		Goudoum		LOCALITY	9.9203	14.942	
L	2431823	20		Goudoukou Moursili		LOCALITY	9.7824	14.1226	
L	2431826	07		Goudorom		LOCALITY	13.56667	14.36667	
L	2431829	15		Goudjougou el Goz		LOCALITY	12.28332	15.39184	
L	2431830	15		Goudjougou		LOCALITY	12.2704	15.41669	
L	2431832	21		Goudji		DISTRICT	12.14156	15.0526	
L	2431833	15		Goudja		LOCALITY	11.99517	15.41846	
L	2431837	15		Goudak		LOCALITY	10.28333	17.26667	
L	2431839	16		Goubousia		LOCALITY	9.83174	15.15259	
L	2431840	14		Goubou		LOCALITY	9.5895	16.3608	
L	2431841	26		Goubone		LOCALITY	20.71667	17.13333	
L	2431845	05		Goubirti		LOCALITY	12.23482	18.95765	
L	2431846	14		Goubgou		LOCALITY	9.6279	16.648	
L	2431847	09		Goubéti		LOCALITY	7.86102	17.1589	
L	2431848	14		Goubatière		LOCALITY	9.543	16.7988	
L	2431849	14		Goular		LOCALITY	9.659	16.2009	
L	2431850	18		Goudago		LOCALITY	12.84183	14.83626	
L	2431852	16		Gouaye Loura		LOCALITY	10.70801	15.70414	
L	2431853	16		Gouaye		LOCALITY	10.73293	15.11874	
L	2431854	17		Gouaye		LOCALITY	10.0655	17.9427	
L	2431857	15		Gouangala		LOCALITY	11.35427	16.2717	
L	2431858	08		Gouamar		LOCALITY	8.46667	15.38333	
L	2431859	16		Gouama		LOCALITY	9.4894	15.5317	
L	2431860	17		Gouam		LOCALITY	9.90883	17.58713	
L	2431865	18		Goua		LOCALITY	12.32809	15.16403	
L	2431866	17		Gou		LOCALITY	10.2005	18.3954	
L	2431867	16		Gou		LOCALITY	9.9208	15.6419	
L	2431868	17		Gotokèmbé II		LOCALITY	9.40615	18.41452	
L	2431869	17		Gotobéri		LOCALITY	9.3498	18.7855	
L	2431870	19		Gotekedi		LOCALITY	8.3734	17.2573	
L	2431872	06		Gosrom		LOCALITY	13.60283	15.62031	
L	2431875	05		Gosbéta		LOCALITY	11.25	18.1	
L	2431877	17		Gorro Ndila		LOCALITY	8.61649	18.19504	
L	2431878	17		Gorro		LOCALITY	8.6191	18.2503	
L	2431880	17		Goromoura		LOCALITY	8.6338	18.1583	
L	2431881	15		Gorokolon		LOCALITY	10.5674	16.6908	
L	2431882	17		Goro-Goro		LOCALITY	9.1616	18.4431	
L	2431883	22		Gorodoroso		LOCALITY	13.1584	16.1306	
L	2431884	09		Gorobaya		LOCALITY	7.7	16.01667	
L	2431886	19		Goro		LOCALITY	8.941	17.9081	
L	2431887	17		Goro		LOCALITY	8.78832	18.60846	
L	2431888	17		Goro		LOCALITY	8.6118	18.13318	
L	2431889	09		Gorro		LOCALITY	7.63842	15.65209	
L	2431891	05		Gormolo Doungous		LOCALITY	12.4512	19.6012	
L	2431892	05		Gormolo Am Ziéfé		LOCALITY	12.4579	19.5987	
L	2431893	01		Gorko		LOCALITY	12.97884	17.52259	
L	2431899	07		Gori		LOCALITY	13.68574	15.23127	
L	2431900	07		Gori		LOCALITY	13.58034	15.18915	
L	2431901	17		Gori		LOCALITY	9.97443	17.65142	
L	2431902	17		Gori		LOCALITY	9.63373	17.87043	
L	2431904	18		Gore		LOCALITY	12.86382	14.81314	
L	2431905	09		Goré	غوري	LOCALITY	8.8467	16.87752	
L	2431906	19		Goré		LOCALITY	8.7673	17.2043	
L	2431907	09		Goré	غوري	LOCALITY	8.65	16.51667	30936
L	2431908	08		Goré I	غوري 1	LOCALITY	8.42723	15.83092	
L	2431909	09		Goré	غوري	LOCALITY	7.9156	16.633	
L	2431913	16		Gopala		LOCALITY	10.4512	16.033	
L	2431914	17		Gop		LOCALITY	10.376	17.8159	
L	2431917	06		Gonougotor		LOCALITY	13.20694	15.9174	
L	2431920	20		Gonogono		LOCALITY	9.9118	16.1417	
L	2431922	18		Gono		LOCALITY	12.63997	16.5493	
L	2431923	16		Léo Gono		LOCALITY	9.71392	15.62139	
L	2431924	16		Gono		LOCALITY	9.66667	15.61667	
L	2431926	17		Gonkira		LOCALITY	8.6811	18.4164	
L	2431927	17		Gonjita		LOCALITY	8.69019	18.27632	
L	2431928	15		Goniori		LOCALITY	11.11636	15.64514	
L	2431929	15		Goniori		LOCALITY	10.7827	16.1012	
L	2431930	06		Goni Goni		LOCALITY	14.3796	15.30081	
L	2431932	09		Gongtou		LOCALITY	8.39821	16.42358	
L	2431933	09		Gongti		LOCALITY	8.86264	16.87932	
L	2431934	19		Gongti		LOCALITY	8.57526	17.15842	
L	2431935	19		Gongorodjio		LOCALITY	8.26164	18.07358	
L	2431937	19		Gongonodjio		LOCALITY	8.65	17.66667	
L	2431938	19		Gongonodjio		LOCALITY	8.25991	17.86254	
L	2431939	16		Gongolong		LOCALITY	10.58664	15.15387	
L	2431940	19		Gongo II		LOCALITY	8.36306	17.38864	
L	2431941	17		Gongo		LOCALITY	9.02769	18.97193	
L	2431942	17		Gongo		LOCALITY	8.9708	18.5262	
L	2431943	17		Gongo		LOCALITY	8.81667	18.45	
L	2431944	19		Gongo		LOCALITY	8.41667	17.75	
L	2431945	19		Gongo		LOCALITY	8.372	17.4019	
L	2431946	19		Gong		LOCALITY	8.19847	18.0504	
L	2431947	19		Gonkargué		LOCALITY	8.613	17.8656	
L	2431948	19		Gonbé		LOCALITY	8.88063	17.70721	
L	2431949	19		Gonbé		LOCALITY	8.74169	17.81441	
L	2431950	19		Gonbé		LOCALITY	8.6727	17.6671	
L	2431951	19		Gonébé		LOCALITY	8.46667	17.51667	
L	2431953	05		Gone		LOCALITY	11.3323	18.3387	
L	2431954	08		Ngodon		LOCALITY	8.41906	15.74095	
L	2431955	05		Gondolo		LOCALITY	11.595	17.8532	
L	2431956	19		Gondjio		LOCALITY	8.85	17.66667	
L	2431957	17		Gondiko		LOCALITY	9.83333	18.88333	
L	2431958	19		Gondi II		LOCALITY	8.6851	17.5171	
L	2431959	19		Gondi I		LOCALITY	8.6898	17.5092	
L	2431960	17		Gondey		LOCALITY	9.1504	19.31061	
L	2431961	19		Ngondéré		LOCALITY	8.9083	17.8637	
L	2431962	19		Gondana		LOCALITY	8.78333	17.16667	
L	2431963	19		Gondala		LOCALITY	9.17584	17.42406	
L	2431964	19		Gonbé		LOCALITY	8.90221	17.49638	
L	2431965	15		Gonari		LOCALITY	11.55067	15.26705	
L	2431970	19		Gon		LOCALITY	8.09996	17.67381	
L	2431971	06		Gomsou		LOCALITY	14.15686	15.28616	
L	2431973	16		Gomeye Iddi		LOCALITY	10.52505	15.62681	
L	2431974	07		Gombou		LOCALITY	13.60291	15.29945	
L	2431976	19		Gombé		LOCALITY	8.4494	17.5465	
L	2431977	08		Gaoumar		LOCALITY	8.9152	15.8441	
L	2431978	19		Gomana		LOCALITY	8.90877	17.51062	
L	2431979	20		Gomango		LOCALITY	9.1031	14.677	
L	2431980	15		Gomaga		LOCALITY	11.77942	15.2101	
L	2431981	15		Gomaga		LOCALITY	11.63903	15.17584	
L	2431982	19		Golt		LOCALITY	9.23514	17.41803	
L	2431983	05		Golonti		LOCALITY	12.03821	18.83663	
L	2431984	16		Golonloubou		LOCALITY	9.75772	15.18628	
L	2431985	16		Golonguini		LOCALITY	9.75	15.06667	
L	2431986	16		Golonguili		LOCALITY	9.91551	15.37055	
L	2431988	16		Golomdomo		LOCALITY	10.71667	15.4	
L	2431989	16		Golohana		LOCALITY	10.07495	15.84272	
L	2431990	01		Golo		LOCALITY	12.88501	17.53792	
L	2431991	16		Golo		LOCALITY	10.33858	15.48296	
L	2431992	19		Golo		LOCALITY	8.13069	17.47377	
L	2431993	16		Golio		LOCALITY	10.54493	15.29779	
L	2431994	19		Golili		LOCALITY	9.2326	17.3882	
L	2431995	16		Goli Hanhama		LOCALITY	9.5938	15.349	
L	2431998	15		Golé Toulbo		LOCALITY	10.81667	15.8	
L	2431999	15		Golé Assané		LOCALITY	10.80977	15.78651	
L	2432000	05		Golé		LOCALITY	12.08651	18.26563	
L	2432001	15		Golé		LOCALITY	10.8104	17.3467	
L	2432003	16		Golé		LOCALITY	10.73775	15.91578	
L	2432004	14		Goldigré		LOCALITY	9.10809	15.94591	
L	2432005	15		Golbao		LOCALITY	11.3853	16.0013	
L	2432006	18		Golala		LOCALITY	12.41422	17.07642	
L	2432007	19		Goka		LOCALITY	8.28333	17.38333	
L	2432009	19		Gonhongon		LOCALITY	8.20209	17.38752	
L	2432010	16		Gohon		LOCALITY	10.63535	15.22337	
L	2432014	18		Geger		LOCALITY	12.5434	16.7159	
L	2432015	18		Gogo		LOCALITY	12.51655	16.79106	
L	2432016	05		Gogmi		LOCALITY	11.1864	17.7883	
L	2432019	15		Gofena		LOCALITY	10.3841	17.2095	
L	2432020	15		Gofa		LOCALITY	11.41414	15.06821	
L	2432023	14		Goéra		LOCALITY	9.44373	15.65665	
L	2432027	16		Godopo		LOCALITY	9.78333	15.18333	
L	2432031	15		Godlodo		LOCALITY	10.98333	15.8	
L	2432032	15		Godjubero		LOCALITY	11.06066	15.71464	
L	2432035	15		Godhé		LOCALITY	10.9642	17.1263	
L	2432036	16		Godéré		LOCALITY	10.58562	15.47227	
L	2432037	09		Goderam		LOCALITY	7.73501	16.34697	
L	2432040	05		Godbouria		LOCALITY	10.6755	17.579	
L	2432044	05		Goboro		LOCALITY	11.4259	18.2799	
L	2432045	17		Gobo		LOCALITY	9.64393	18.98213	
L	2432046	15		Gobna		LOCALITY	11.25944	15.80378	
L	2432052	16		Goala		LOCALITY	9.9795	15.1952	
L	2432053	16		Goa		LOCALITY	9.7983	15.9383	
L	2432054	16		Go		LOCALITY	9.57547	15.14719	
L	2432055	18		Gnéoukoulirom		LOCALITY	13.15676	15.82782	
L	2432056	18		Gnéoukoulirom		LOCALITY	13.13552	15.83081	
L	2432057	18		Gneoukilirom		LOCALITY	13.25452	15.59144	
L	2432058	06		Gnamkili		LOCALITY	13.28333	15.55	
L	2432059	18		Gnamkili		LOCALITY	13.10989	15.72282	
L	2432064	20		Gna		LOCALITY	8.7516	15.1865	
L	2432066	20		Guisin		LOCALITY	9.66215	15.07661	
L	2432069	16		Guirou		LOCALITY	9.6535	15.2064	
L	2432070	15		Guirli		LOCALITY	11.76403	15.64761	
L	2432071	15		Giriakaga		LOCALITY	11.24832	15.44312	
L	2432075	18		Guirbé		LOCALITY	12.82997	14.73785	
L	2432076	18		Guirbé		LOCALITY	12.82126	14.72307	
L	2432080	06		Gini		LOCALITY	14.08232	15.04465	
L	2432086	18		Guilmeye	جيمي	DISTRICT	12.19447	14.96099	
L	2432087	06		Gim		LOCALITY	14.04056	14.37882	
L	2432088	05		Gim		LOCALITY	11.3015	18.0527	
L	2432089	07		Gilélidjia		LOCALITY	13.78333	14.25	
L	2432090	18		Guilélé		LOCALITY	12.61056	14.87839	
L	2432091	05		Gilé		LOCALITY	12.643	19.408	
L	2432093	17		Gilako		LOCALITY	9.60027	19.00341	
L	2432097	15		Guidiba		LOCALITY	11.0769	16.0604	
L	2432102	15		Guidan		LOCALITY	10.5193	16.86333	
L	2432104	15		Guida el Goz		LOCALITY	12.26117	15.40178	
L	2432105	15		Djidada		LOCALITY	12.26239	15.25014	
L	2432114	26		Gézenti		LOCALITY	21.68333	18.3	
L	2432119	20		Guétalé		LOCALITY	9.6507	14.3422	
L	2432120	15		Guesker		LOCALITY	11.6689	16.3469	
L	2432124	06		Géséali		LOCALITY	13.77161	15.73242	
L	2432126	09		Guéro		LOCALITY	8.3795	15.8834	
L	2432129	18		Guermari		LOCALITY	12.87025	15.61358	
L	2432130	18		Germana		LOCALITY	12.86667	14.71667	
L	2432131	15		Guerle		LOCALITY	11.21563	15.34482	
L	2432133	01		Géria		LOCALITY	12.28144	17.62643	
L	2432134	15		Guerguer		LOCALITY	12.19272	15.44244	
L	2432135	15		Guerguer		LOCALITY	12.18407	15.37126	
L	2432136	05		Guerfen		LOCALITY	11.15744	17.78767	
L	2432141	15		Gréda		LOCALITY	12.26903	15.28755	
L	2432143	06		Génitroma		LOCALITY	14.21122	15.60656	
L	2432144	06		Génitoulo		LOCALITY	13.85543	15.61211	
L	2432146	14		Guénégué		LOCALITY	9.41413	15.94077	
L	2432147	21		Guénébor		LOCALITY	12.15423	15.0174	
L	2432149	20		Guemou		LOCALITY	9.7538	14.1889	
L	2432151	06		Geltra		LOCALITY	14.37312	15.28575	
L	2432152	08		Guélouel		LOCALITY	9.02151	15.92976	
L	2432153	20		Guélo	قيلو	LOCALITY	9.5431	14.2753	
L	2432154	14		Guelmasé		LOCALITY	9.1421	15.9917	
L	2432155	08		Guélkou		LOCALITY	8.2847	15.6145	
L	2432158	18		Gélétié		LOCALITY	12.1735	17.2621	
L	2432160	18		Géléri		LOCALITY	13.00474	15.57586	
L	2432161	06		Gélé Midinga		LOCALITY	14.10703	14.38514	
L	2432167	13		Guelba		LOCALITY	11.6308	19.0094	
L	2432169	06		Géladinga Fodou		LOCALITY	14	14.55	
L	2432170	06		Geladinga Adad		LOCALITY	13.98333	14.56667	
L	2432171	06		Géladinga		LOCALITY	14.02648	14.57666	
L	2432172	01		Géla		LOCALITY	12.7111	17.12638	
L	2432175	06		Géiléri		LOCALITY	13.64996	15.58078	
L	2432177	15		Gueguie		LOCALITY	11.29915	15.50607	
L	2432182	15		Guédéri		LOCALITY	11.6498	16.0889	
L	2432188	20		Guébane		LOCALITY	9.7601	14.2254	
L	2432190	16		Gué		LOCALITY	9.9257	14.9821	
L	2432191	09		Gbembaya		LOCALITY	7.98606	16.81049	
L	2432192	18		Gazouz		LOCALITY	12.9544	15.76238	
L	2432193	05		Gazira		LOCALITY	12.17661	18.67333	
L	2432194	08		Gazigomar		LOCALITY	8.64379	15.39652	
L	2432195	15		Gayoro		LOCALITY	10.91777	15.7617	
L	2432196	08		Gaydog		LOCALITY	9.05447	16.34059	
L	2432197	16		Gaya Toungané		LOCALITY	9.60677	15.46651	
L	2432198	17		Gayam Kemdila		LOCALITY	9.33073	17.88482	
L	2432199	17		Gayam		LOCALITY	9.31734	17.89008	
L	2432200	15		Gayak		LOCALITY	11.18333	16.43333	
L	2432201	16		Gaya Ganbi		LOCALITY	9.60911	15.49814	
L	2432203	06		Gaya		LOCALITY	13.90175	15.51203	
L	2432204	07		Gaya		LOCALITY	13.85	14.48333	
L	2432205	16		Gaya		LOCALITY	9.8894	15.9894	
L	2432206	16		Gaya		LOCALITY	9.6854	15.1124	
L	2432207	01		Gafala		LOCALITY	13.1642	18.6237	
L	2432209	19		Gatounou		LOCALITY	8.90819	17.38838	
L	2432210	09		Gatouambélé		LOCALITY	8.96118	17.12442	
L	2432212	09		Gatouambassa		LOCALITY	8.89883	17.08359	
L	2432214	18		Gato		LOCALITY	12.21667	17.01667	
L	2432216	05		Galigali		LOCALITY	11.1657	17.801	
L	2432217	19		Ngassoté		LOCALITY	8.65072	17.83491	
L	2432218	15		Gassa		LOCALITY	10.87092	15.71634	
L	2432219	06		Gasri		LOCALITY	13.6306	15.49702	
L	2432220	21		Gassi		DISTRICT	12.05821	15.15873	
L	2432221	18		Gas el Naal		LOCALITY	12.46659	14.93835	
L	2432222	16		Gasé		LOCALITY	10.18333	15.98333	
L	2432224	08		Garoua II		LOCALITY	8.322	15.64823	
L	2432225	08		Garoua I		LOCALITY	8.31084	15.66739	
L	2432230	05		Garnisa		LOCALITY	12.0514	19.0491	
L	2432231	01		Garn el Ghazal		LOCALITY	13.14461	17.43383	
L	2432233	05		Garnal Ghazal		LOCALITY	12.4399	19.5843	
L	2432234	06		Garna Kabich		LOCALITY	13.65547	15.64845	
L	2432238	08		Gari		LOCALITY	8.643	15.78264	
L	2432239	15		Gargougou		LOCALITY	10.9248	17.2636	
L	2432240	15		Gargoto		LOCALITY	11.37737	15.53584	
L	2432242	15		Gargamoto		LOCALITY	12.05409	15.36625	
L	2432243	01		Garfa Maïl		LOCALITY	13.2261	18.4425	
L	2432244	15		Garfala Ouatourou		LOCALITY	10.84227	15.98195	
L	2432245	01		Garfa		LOCALITY	13.3094	18.1647	
L	2432247	01		Garé		LOCALITY	12.91013	17.69256	
L	2432248	17		Gardjim		LOCALITY	9.86383	17.70153	
L	2432250	01		Garday		LOCALITY	13.3442	19.3181	
L	2432251	09		Garda		LOCALITY	7.8581	15.7659	
L	2432252	16		Garbey		LOCALITY	10.15	15.55	
L	2432253	18		Garatalata		LOCALITY	12.89454	15.68218	
L	2432258	16		Garamosso		LOCALITY	9.83333	15.81667	
L	2432261	22		Gara Karoua		LOCALITY	13.20689	15.97014	
L	2432265	18		Garaday		LOCALITY	12.8771	15.75271	
L	2432269	18		Garada		LOCALITY	12.97377	15.65934	
L	2432270	18		Garada		LOCALITY	12.33333	16.51667	
L	2432274	19		Ngara		LOCALITY	8.69103	17.30231	
L	2432277	16		Gaouyan Farsia		LOCALITY	9.6139	15.1349	
L	2432278	16		Gaouyan Mitna		LOCALITY	9.81547	15.21184	
L	2432279	15		Gaoui	كاوي	DISTRICT	12.17923	15.14841	
L	2432281	16		Gaouay Délo		LOCALITY	10.0066	16.0439	
L	2432282	18		Gaouaya		LOCALITY	12.61657	17.05846	
L	2432283	16		Gaouaille		LOCALITY	9.96667	16.03333	
L	2432284	16		Gaoua		LOCALITY	10.16667	15.83333	
L	2432285	19		Gaoua		LOCALITY	8.6034	17.6652	
L	2432286	14		Gaogou		LOCALITY	9.68265	17.02098	
L	2432287	09		Gao Dem Kagti		LOCALITY	9.0926	16.5605	
L	2432290	22		Gantoura		LOCALITY	13.91384	15.63424	
L	2432291	05		Gantoura		LOCALITY	11.75343	18.51144	
L	2432293	01		Gantour		LOCALITY	13.3452	18.2596	
L	2432294	22		Gantour		LOCALITY	13.26935	16.26582	
L	2432295	22		Gantou		LOCALITY	13.26667	16.18333	
L	2432296	18		Gansouza		LOCALITY	12.62434	15.59856	
L	2432297	19		Gansila		LOCALITY	8.2545	17.5621	
L	2432299	16		Ganré		LOCALITY	9.8886	14.7698	
L	2432300	19		Ganourou		LOCALITY	8.33134	18.09954	
L	2432301	18		Ganoma Mok Bornou		LOCALITY	12.84327	15.1088	
L	2432302	16		Ganlan		LOCALITY	9.8602	15.3435	
L	2432303	19		Gankoro		LOCALITY	8.4	18.01667	
L	2432304	09		Ganka		LOCALITY	8.43333	15.95	
L	2432306	06		Gania		LOCALITY	14.0699	15.55859	
L	2432307	16		Ganhou		LOCALITY	9.9133	15.0143	
L	2432308	14		Gangui		LOCALITY	9.46776	17.014	
L	2432309	17		Gangouali		LOCALITY	9.43333	18.15	
L	2432310	19		Gango		LOCALITY	9.00313	17.70772	
L	2432311	17		Gangli		LOCALITY	10.2119	17.5769	
L	2432312	14		Ganglé		LOCALITY	9.28699	15.75497	
L	2432313	15		Gangi		LOCALITY	11.86416	15.20776	
L	2432314	05		Gangue		LOCALITY	11.2051	17.7589	
L	2432315	19		Gangara		LOCALITY	9.211	17.41955	
L	2432316	15		Gangan		LOCALITY	11.29774	15.33187	
L	2432317	16		Gangala		LOCALITY	9.98719	15.17694	
L	2432318	07		Ganga		LOCALITY	13.60504	15.00737	
L	2432319	19		Gandou		LOCALITY	8.9559	17.4422	
L	2432320	19		Gandou		LOCALITY	8.9214	17.369	
L	2432322	17		Gandjoubou		LOCALITY	8.8037	18.1573	
L	2432323	17		Gandjaye		LOCALITY	8.51637	18.35297	
L	2432324	19		Gandissi		LOCALITY	8.4712	17.63659	
L	2432325	19		Gandili		LOCALITY	9.10031	17.2061	
L	2432326	08		Gandaye II		LOCALITY	8.65	15.35	
L	2432327	08		Ganday		LOCALITY	8.66901	15.34083	
L	2432328	19		Gandapa		LOCALITY	8.99106	17.22105	
L	2432329	19		Ganboro		LOCALITY	8.6355	17.3459	
L	2432330	20		Ganboké		LOCALITY	9.4471	14.8221	
L	2432334	07		Ganatir		LOCALITY	13.53333	14.66667	
L	2432335	17		Ganatir		LOCALITY	9.99814	19.65113	
L	2432336	18		Ganatir		LOCALITY	12.85784	15.13854	
L	2432337	18		Ganoma Halio		LOCALITY	12.84621	15.07933	
L	2432341	05		Ganaer		LOCALITY	12.027	19.038	
L	2432345	18		Gamsous		LOCALITY	12.9368	16.7498	
L	2432346	16		Gamsaye		LOCALITY	10.98494	15.06621	
L	2432347	01		Gamsa		LOCALITY	12.83737	17.6429	
L	2432348	09		Gamouli		LOCALITY	9.05346	16.57644	
L	2432349	14		Gamongo		LOCALITY	9.1808	16.505	
L	2432350	17		Gamkoul		LOCALITY	10.2524	17.7147	
L	2432354	19		Gaméli		LOCALITY	8.63333	17.36667	
L	2432355	16		Gamgay		LOCALITY	10.04158	16.1933	
L	2432356	05		Gamé		LOCALITY	12.23351	18.80943	
L	2432357	16		Gamdi		LOCALITY	9.9239	15.56064	
L	2432359	06		Gambaraou		LOCALITY	13.73283	15.58211	
L	2432360	16		Gamba		LOCALITY	9.7039	14.8831	
L	2432361	19		Gamaya		LOCALITY	9.29083	17.12533	
L	2432363	20		Gamasséré		LOCALITY	8.7998	15.1238	
L	2432364	16		Gamargué		LOCALITY	9.8682	15.2403	
L	2432365	18		Gamara		LOCALITY	12.50657	17.10107	
L	2432366	20		Gamandou		LOCALITY	8.54199	15.23943	
L	2432367	08		Gamamia		LOCALITY	8.5293	15.3295	
L	2432368	16		Gama-Massa		LOCALITY	10.52919	15.62118	
L	2432369	15		Gamalou		LOCALITY	11.65277	15.23236	
L	2432370	15		Gamal		LOCALITY	11.86202	15.08455	
L	2432371	01		Gamakoro		LOCALITY	13.0051	17.7065	
L	2432372	09		Gamadji		LOCALITY	7.89335	16.06935	
L	2432374	19		Gama		LOCALITY	9.09716	17.39982	
L	2432378	01		Galo		LOCALITY	12.69783	17.58615	
L	2432381	06		Galis		LOCALITY	13.81619	15.48763	
L	2432383	16		Galin		LOCALITY	10.1165	16.2324	
L	2432384	17		Galimbé		LOCALITY	9.58094	19.2002	
L	2432386	14		Galidé		LOCALITY	9.1635	16.5942	
L	2432388	22		Galianga		LOCALITY	13.78869	15.71528	
L	2432389	07		Gali		LOCALITY	13.58333	14.75	
L	2432393	16		Galé		LOCALITY	9.8368	15.599	
L	2432394	07		Gala Tioulou		LOCALITY	13.69554	15.23717	
L	2432396	07		Gala Sangada		LOCALITY	13.71782	15.2464	
L	2432397	05		Galaro		LOCALITY	12.57241	18.18623	
L	2432398	07		Gala Ngourtoula		LOCALITY	13.71966	15.29016	
L	2432399	06		Gala Ngodoum		LOCALITY	13.74275	15.29355	
L	2432400	07		Gala Ndialia		LOCALITY	13.70607	15.21751	
L	2432401	20		Garam		LOCALITY	8.6338	15.2003	
L	2432402	07		Gala Médey		LOCALITY	13.6962	15.19396	
L	2432403	07		Gala Mayelo		LOCALITY	13.71313	15.25774	
L	2432404	07		Gala Magerné		LOCALITY	13.69462	15.1926	
L	2432405	15		Galam		LOCALITY	11.63559	15.23083	
L	2432407	07		Gala II		LOCALITY	13.71538	15.27801	
L	2432408	06		Gala Goa		LOCALITY	13.72531	15.25621	
L	2432410	07		Gala Baltay		LOCALITY	13.67895	15.22985	
L	2432411	09		Galaba		LOCALITY	8.52222	16.54571	
L	2432412	06		Gala		LOCALITY	14.01011	15.18475	
L	2432413	05		Gala		LOCALITY	11.73333	18.03333	
L	2432416	07		Gal		LOCALITY	13.85	14.35	
L	2432417	07		Gal		LOCALITY	13.83333	14.38333	
L	2432418	17		Gakorio		LOCALITY	8.3124	18.7443	
L	2432419	17		Gakédjé		LOCALITY	9.1837	18.3084	
L	2432420	19		Guira		LOCALITY	8.35672	17.74251	
L	2432421	17		Gaïnga I		LOCALITY	8.74603	18.28774	
L	2432422	17		Gaïnga Golkaba		LOCALITY	8.8529	18.327	
L	2432423	17		Gaïnga		LOCALITY	8.6597	18.2867	
L	2432426	20		Gaïbi		LOCALITY	9.2062	14.7009	
L	2432427	17		Gagoyo		LOCALITY	8.6753	18.5838	
L	2432428	19		Gagougou		LOCALITY	9.30613	17.49523	
L	2432429	05		Gagne		LOCALITY	11.1805	18.704	
L	2432430	20		Gagal		LOCALITY	9.02209	15.13551	
L	2432431	15		Gafoutchou		LOCALITY	11.9062	16.3541	
L	2432432	18		Gafalaï		LOCALITY	12.89988	15.35678	
L	2432433	01		Gafala		LOCALITY	13.3154	19.2557	
L	2432434	01		Gafala		LOCALITY	13.15	18.7	
L	2432438	15		Kadoumki		LOCALITY	11.99541	15.32397	
L	2432439	15		Gado		LOCALITY	11.76667	16.76667	
L	2432440	19		Gadjimbati		LOCALITY	9.26943	17.44373	
L	2432441	17		Gadjimata		LOCALITY	8.7424	18.5227	
L	2432442	14		Gadjigou		LOCALITY	9.7009	16.3578	
L	2432443	09		Gadjibian		LOCALITY	8.06667	16.15	
L	2432444	09		Gadjibian		LOCALITY	8.04608	16.12793	
L	2432445	16		Gadisou		LOCALITY	9.9549	15.3359	
L	2432447	14		Gadigui		LOCALITY	9.45	16.98333	
L	2432448	07		Gadey Toulo		LOCALITY	13.73333	14.71667	
L	2432449	16		Gadarte		LOCALITY	10.85	15.31667	
L	2432450	15		Gadang Kiao		LOCALITY	10.6362	16.3957	
L	2432451	15		Gadang-Haddad-Dandi		LOCALITY	10.3689	17.0273	
L	2432452	15		Gadang-Gougouri		LOCALITY	10.40397	17.0274	
L	2432453	15		Gadang		LOCALITY	10.4436	16.8184	
L	2432454	20		Gadan		LOCALITY	8.98333	15.06667	
L	2432455	20		Gadan		LOCALITY	8.9303	14.9937	
L	2432456	13		Gadampti		LOCALITY	10.34398	19.75488	
L	2432457	15		Gadakaral		LOCALITY	11.15841	15.69855	
L	2432458	14		Gabri Ngolo		LOCALITY	9.2554	16.3831	
L	2432459	14		Gabri Mbassa		LOCALITY	9.3509	16.3054	
L	2432460	14		Gabrigué		LOCALITY	9.58713	17.06172	
L	2432461	14		Gabrigué		LOCALITY	9.56293	17.04502	
L	2432462	16		Gabra		LOCALITY	9.80701	15.10282	
L	2432463	19		Gaboulo		LOCALITY	8.98993	17.45547	
L	2432465	21		Angabo		DISTRICT	12.16629	15.08765	
L	2432467	22		Gabiney		LOCALITY	13.25964	17.20974	
L	2432468	05		Gabil		LOCALITY	11.1547	18.1991	
L	2432469	19		Gabian		LOCALITY	8.3572	18.0014	
L	2432470	19		Gabian		LOCALITY	8.26667	17.38333	
L	2432471	17		Gabgoto		LOCALITY	9.2305	18.4726	
L	2432472	01		Gabgamsa		LOCALITY	12.86181	17.97682	
L	2432477	16		Fressou		LOCALITY	10.41298	15.27846	
L	2432478	16		Fréing		LOCALITY	9.8621	14.8138	
L	2432479	22		Frédibé		LOCALITY	14.4128	16.2278	
L	2432490	01		Fouti		LOCALITY	13.73333	19.35	
L	2432491	06		Fouskay		LOCALITY	14.41535	15.40434	
L	2432494	05		Fourra		LOCALITY	12.21461	18.87163	
L	2432495	06		Fouromi		LOCALITY	13.2536	15.85752	
L	2432498	01		Fourkouma		LOCALITY	12.95681	17.4979	
L	2432499	07		Fourkoulom		LOCALITY	13.36667	14.58333	
L	2432503	21		Fort Foureau		LOCALITY	12.09056	15.07444	
L	2432504	13		Fourdougoul		LOCALITY	12.106	19.9836	
L	2432505	22		Four		LOCALITY	14.2486	16.0451	
L	2432508	20		Foul Touaré		LOCALITY	9.3209	14.6422	
L	2432509	13		Foulounga Lunion		LOCALITY	11.53599	19.50988	
L	2432510	13		Foulounga		LOCALITY	11.56472	19.44945	
L	2432511	01		Fouloulou		LOCALITY	12.89181	18.44763	
L	2432514	06		Foulkonkia		LOCALITY	13.19987	15.78309	
L	2432516	18		Foulkaya		LOCALITY	13.13863	15.77947	
L	2432517	06		Foulkara		LOCALITY	13.82092	15.06121	
L	2432518	20		Fouli Yakobo		LOCALITY	9.722	14.4418	
L	2432519	07		Fouli Koura		LOCALITY	13.83917	14.50705	
L	2432520	07		Fouli Kounounou		LOCALITY	13.86667	14.46667	
L	2432523	18		Fouli		LOCALITY	13.21182	15.41041	
L	2432524	16		Fouli		LOCALITY	9.95	15.06667	
L	2432525	20		Foulgouin		LOCALITY	9.6792	15.0053	
L	2432527	18		Foulga		LOCALITY	12.55058	15.07542	
L	2432528	18		Foulga		LOCALITY	12.26806	14.96912	
L	2432530	20		Fouldoué		LOCALITY	9.4505	14.7002	
L	2432531	20		Foul Barfou		LOCALITY	9.5643	14.4015	
L	2432532	20		Foulambaré		LOCALITY	9.6299	14.0408	
L	2432533	15		Foul		LOCALITY	10.8483	16.5605	
L	2432538	18		Fouga		LOCALITY	12.26667	14.96667	
L	2432539	06		Foufoua		LOCALITY	13.53878	15.7137	
L	2432540	20		Foudon		LOCALITY	9.92465	14.40012	
L	2432541	01		Fouda		LOCALITY	12.7126	17.1983	
L	2432545	22		Fortoulou Tolonowarou		LOCALITY	13.2823	16.1953	
L	2432554	07		Forom		LOCALITY	13.41477	15.35989	
L	2432555	18		Foro		LOCALITY	11.746	16.9602	
L	2432556	16		Forkoumay		LOCALITY	9.9661	15.1308	
L	2432559	06		Fori		LOCALITY	13.73959	15.4025	
L	2432560	07		Fori		LOCALITY	13.67303	15.21744	
L	2432561	07		Forélè		LOCALITY	13.65095	15.17269	
L	2432564	16		Folmay		LOCALITY	9.9429	15.1867	
L	2432566	07		Foldia		LOCALITY	13.61982	15.23673	
L	2432599	06		Fizïgi Konkia		LOCALITY	13.19354	15.80158	
L	2432600	06		Fizigi		LOCALITY	13.75848	15.83873	
L	2432603	07		Fitra		LOCALITY	13.60985	15.30342	
L	2432605	05		Fitchari		LOCALITY	12.13491	18.92343	
L	2432613	06		Firé		LOCALITY	14.35759	15.35323	
L	2432614	01		Firaséayal		LOCALITY	13.7388	19.8059	
L	2432618	16		Finaki		LOCALITY	10.49051	15.2825	
L	2432627	05		Fil		LOCALITY	11.2195	19.0423	
L	2432630	07		Fiérom		LOCALITY	13.71667	14.86667	
L	2432631	07		Fiérom		LOCALITY	13.51667	14.91667	
L	2432633	16		Fieng		LOCALITY	9.85488	15.08304	
L	2432635	05		Fielmé		LOCALITY	11.9801	18.1319	
L	2432637	07		Fidamé		LOCALITY	13.65174	15.30788	
L	2432639	16		Fianga	فيانكا	LOCALITY	9.9146	15.1399	31668
L	2432643	22		Fesladjili		LOCALITY	13.2656	16.5182	
L	2432646	06		Féromasankalé		LOCALITY	13.67184	15.41728	
L	2432647	22		Ferimounga		LOCALITY	13.2036	16.2553	
L	2432650	06		Féridinga		LOCALITY	13.71449	15.80064	
L	2432655	15		Ferdagaï		LOCALITY	11.63437	15.50313	
L	2432661	07		Fémi		LOCALITY	13.58937	14.66068	
L	2432668	16		Fégué I		LOCALITY	9.43705	15.59303	
L	2432669	16		Fégué II		LOCALITY	9.43127	15.60916	
L	2432672	06		Féfé		LOCALITY	13.66592	15.43431	
L	2432678	23		Faya-Largeau	فايا لارجو	CITY	17.9257	19.10428	44011
L	2432679	22		Fayala		LOCALITY	13.85104	15.65018	
L	2432681	07		Fayadinga		LOCALITY	13.91667	14.36667	
L	2432682	06		Faya		LOCALITY	13.71087	15.86092	
L	2432683	06		Faya		LOCALITY	13.48582	15.62659	
L	2432689	21		Fatata		LOCALITY	12.21667	14.93333	
L	2432690	01		Fasoda		LOCALITY	13.5352	19.6264	
L	2432691	22		Fasalodioul		LOCALITY	13.28	16.5483	
L	2432693	01		Farowéli		LOCALITY	13.24614	19.83219	
L	2432694	15		Faroudj		LOCALITY	11.5708	17.1181	
L	2432696	13		Farkil		LOCALITY	11.31667	19.11667	
L	2432697	16		Faria		LOCALITY	9.85	15.25	
L	2432698	05		Fargo		LOCALITY	11.8908	18.7693	
L	2432702	16		Farfara		LOCALITY	9.88061	15.16951	
L	2432703	05		Farérik		LOCALITY	12.8154	19.9094	
L	2432706	18		Farcha		LOCALITY	12.4544	15.2144	
L	2432707	15		Farcha		DISTRICT	12.12538	14.98818	
L	2432708	01		Farbana		LOCALITY	12.70131	17.20978	
L	2432709	06		Farayé		LOCALITY	14.24395	15.23313	
L	2432711	05		Farale		LOCALITY	12.00621	18.77163	
L	2432714	18		Faradjalari		LOCALITY	12.933	15.75463	
L	2432716	15		Fara		LOCALITY	11.53761	15.15837	
L	2432718	15		Faouat		LOCALITY	12.21594	15.268	
L	2432719	07		Fantairom		LOCALITY	13.35215	15.47159	
L	2432720	18		Fanta		LOCALITY	12.92712	15.16008	
L	2432727	20		Fama		LOCALITY	9.58876	15.09294	
L	2432728	05		Falla-Koubi		LOCALITY	10.7637	17.9202	
L	2432729	15		Fala		LOCALITY	10.8554	16.2739	
L	2432731	01		Fala		LOCALITY	13.69243	19.31874	
L	2432732	18		Falirom		LOCALITY	12.89256	15.4801	
L	2432733	15		Faligui		LOCALITY	10.9259	17.1401	
L	2432735	17		Falgué		LOCALITY	9.58108	17.77706	
L	2432736	05		Falga		LOCALITY	12.43431	18.00523	
L	2432737	18		Falé		LOCALITY	13.0746	16.9418	
L	2432738	15		Fala		LOCALITY	10.8628	16.2652	
L	2432740	01		Faki Dout		LOCALITY	13.0969	18.243	
L	2432742	06		Fairom		LOCALITY	13.65229	15.41564	
L	2432743	18		Fat Ronyan		LOCALITY	12.55161	15.10615	
L	2432744	18		Fahat		LOCALITY	12.44552	14.96699	
L	2432749	06		Fafaldji		LOCALITY	14.22131	15.48777	
L	2432750	07		Fadra		LOCALITY	13.36667	14.55	
L	2432751	05		Fadjialala		LOCALITY	11.9779	18.4135	
L	2432752	15		Fadjé Mousa		LOCALITY	11.9719	16.4036	
L	2432753	01		Fadjé Lhala		LOCALITY	12.81831	18.38553	
L	2432754	18		Fadjé		LOCALITY	12.38484	17.15759	
L	2432755	15		Fadjé		LOCALITY	12.27116	15.31924	
L	2432756	15		Fadjé		LOCALITY	12.1481	15.4315	
L	2432757	15		Fadje		LOCALITY	11.63572	15.21233	
L	2432758	15		Fadje		LOCALITY	11.62945	15.96511	
L	2432759	18		Fadié		LOCALITY	12.46351	14.93696	
L	2432760	18		Fadia		LOCALITY	12.65704	14.9895	
L	2432762	06		Fadalari		LOCALITY	14.10101	15.33132	
L	2432771	15		Et Taouil		LOCALITY	12.24537	15.28426	
L	2432787	18		Er Rala		LOCALITY	12.81281	15.04908	
L	2432789	15		Eroua		LOCALITY	11.77298	15.69386	
L	2432790	18		Erla		LOCALITY	11.7473	17.2841	
L	2432793	06		Eritoukouli		LOCALITY	14.11172	15.23828	
L	2432794	15		Erize		LOCALITY	12.09449	15.90324	
L	2432797	09		Erinda II		LOCALITY	7.9907	15.7907	
L	2432799	09		Erinda		LOCALITY	8.01106	15.80695	
L	2432806	06		Eri		LOCALITY	14.1203	15.22304	
L	2432807	06		Eri		LOCALITY	14.09707	15.23414	
L	2432808	22		Eri		LOCALITY	14.01243	15.81969	
L	2432809	22		Eri		LOCALITY	14.00779	15.78656	
L	2432817	15		Erere		LOCALITY	11.07956	15.55621	
L	2432832	06		Ereganga		LOCALITY	13.77756	15.78421	
L	2432834	05		Eref		LOCALITY	12.3835	19.2116	
L	2432841	16		Eré		LOCALITY	9.7533	15.8278	
L	2432847	20		Erdé		LOCALITY	9.3594	14.8521	
L	2432854	01		Emté Ragay		LOCALITY	13.1677	18.3366	
L	2432864	18		El Rehir		LOCALITY	12.41362	16.00637	
L	2432867	13		El Ogna		LOCALITY	11.06982	19.75609	
L	2432868	18		El Mréir		LOCALITY	12.91889	15.11741	
L	2432869	18		El Moura		LOCALITY	12.78482	15.03029	
L	2432871	18		Al Moura		LOCALITY	12.4698	15.31952	
L	2432878	15		El Mazabre		LOCALITY	12.14319	15.18023	
L	2432879	18		El Maksoum Souleyman		LOCALITY	12.84284	15.20274	
L	2432880	18		El Maksoum Moza		LOCALITY	12.89995	15.19072	
L	2432882	01		El Madié		LOCALITY	13.83333	19.88333	
L	2432883	01		El Mada		LOCALITY	13.53333	19.1	
L	2432887	14		Ellé		LOCALITY	9.55	15.76667	
L	2432904	13		El Hidjer		LOCALITY	11.42857	19.48293	
L	2432905	01		El Héour		LOCALITY	13.83333	19.3	
L	2432907	18		El Haouich		LOCALITY	12.56899	15.38579	
L	2432909	15		El Ngueto el Goz		LOCALITY	12.28549	15.43349	
L	2432910	18		El Guidi		LOCALITY	12.33488	15.31629	
L	2432923	20		Elboré		LOCALITY	9.8401	14.3564	
L	2432927	01		El Bieda		LOCALITY	13.51321	19.06758	
L	2432930	22		El Bédia		LOCALITY	13.2013	17.0122	
L	2432931	15		El Arba	الأربعة	LOCALITY	11.71699	15.43633	
L	2432933	18		Lamadji		DISTRICT	12.23551	15.06123	
L	2432934	06		El Adjiri		LOCALITY	13.65995	15.62138	
L	2432937	20		Ekelou		LOCALITY	9	15.31667	
L	2432947	22		Egléi Yoroso		LOCALITY	13.3355	16.1829	
L	2432952	15		Efné		LOCALITY	12.24647	15.16637	
L	2432954	22		Effeta		LOCALITY	13.75	16.48333	
L	2432960	15		Efele		LOCALITY	11.02027	15.52904	
L	2432972	26		Edimpi		LOCALITY	21.11667	17.5	
L	2432975	01		Al Djiléha		LOCALITY	13.2668	18.2455	
L	2432980	20		Edaka		LOCALITY	9.2261	14.7418	
L	2432989	15		El Birké		LOCALITY	12.24276	15.78502	
L	2432992	22		Ebéria Broua		LOCALITY	13.2042	16.9934	
L	2432996	22		Ebéday		LOCALITY	13.70474	15.93715	
L	2432998	09		Ebaygane		LOCALITY	7.9973	15.8977	
L	2433001	01		Dulotiaya		LOCALITY	12.83333	17.9	
L	2433006	13		Droumaz		LOCALITY	12.0084	19.4235	
L	2433011	18		Dro Gana		LOCALITY	12.26636	14.90533	
L	2433012	15		Dressa		LOCALITY	11.70761	15.23037	
L	2433014	07		Drarom		LOCALITY	13.61667	14.8	
L	2433016	05		Dram Kichlna		LOCALITY	12.32599	19.64511	
L	2433018	16		Dram		LOCALITY	10.78209	15.32066	
L	2433019	14		Draï Ngolo		LOCALITY	9.5673	16.1528	
L	2433020	14		Dray Mbassa		LOCALITY	9.4725	16.2715	
L	2433021	14		Draï Mala		LOCALITY	9.5678	16.1594	
L	2433024	07		Dra		LOCALITY	13.61667	14.81667	
L	2433025	07		Dra		LOCALITY	13.58568	15.2495	
L	2433029	05		Doyo		LOCALITY	12.07011	18.12533	
L	2433030	08		Doyer		LOCALITY	8.9	15.6	
L	2433031	08		Doy		LOCALITY	8.66399	15.42173	
L	2433032	05		Douziat		LOCALITY	12.5181	18.54548	
L	2433033	19		Douyou		LOCALITY	8.88567	17.71992	
L	2433035	15		Douvoul		LOCALITY	11.48377	15.10469	
L	2433036	20		Douvelloum		LOCALITY	8.9862	14.9342	
L	2433039	17		Dousa		LOCALITY	9.49194	19.04547	
L	2433043	05		Dourouga		LOCALITY	12.0774	19.0897	
L	2433045	16		Dounou		LOCALITY	10.45299	15.26472	
L	2433046	01		Dourmane		LOCALITY	13.03333	18.73333	
L	2433047	01		Dourmame		LOCALITY	12.97995	18.79628	
L	2433048	15		Dourloukou		LOCALITY	11.7962	15.68941	
L	2433054	01		Dourdigi		LOCALITY	12.72961	17.211	
L	2433055	15		Dourbali		LOCALITY	11.80617	15.8669	18604
L	2433058	01		Dourana		LOCALITY	13.16667	18.53333	
L	2433059	16		Doura		LOCALITY	9.8937	14.8692	
L	2433060	13		Doungous		LOCALITY	11.21667	19.11667	
L	2433061	01		Doungous		LOCALITY	13.29175	19.67493	
L	2433062	09		Doungandi		LOCALITY	8.22618	16.89474	
L	2433063	09		Doungabo		LOCALITY	8.68828	16.68363	
L	2433065	15		Doundéré		LOCALITY	10.95801	15.66187	
L	2433067	22		Douna Yari		LOCALITY	13.40716	15.96798	
L	2433068	19		Dounambo		LOCALITY	8.75116	17.29996	
L	2433069	18		Doumsa		LOCALITY	13.07232	15.40264	
L	2433074	01		Doumka		LOCALITY	13.009	17.59842	
L	2433075	16		Doumgui		LOCALITY	10.89965	15.4277	
L	2433076	18		Doum Doumou		LOCALITY	13.026	16.8317	
L	2433077	18		Doum Doumou		LOCALITY	13.0096	16.7662	
L	2433078	07		Doum Doum		LOCALITY	13.19703	15.38739	
L	2433079	15		Doum-Doum		LOCALITY	10.55	16.58333	
L	2433083	06		Doumbour		LOCALITY	13.56475	15.50104	
L	2433086	07		Doumboula		LOCALITY	13.81667	14.48333	
L	2433087	09		Doubéïda		LOCALITY	8.8587	17.0903	
L	2433088	14		Doumbadgué		LOCALITY	9.04597	15.61023	
L	2433089	06		Doulouma		LOCALITY	13.77011	15.57606	
L	2433092	06		Doulou Déréti		LOCALITY	13.24672	15.66075	
L	2433096	18		Doulié		LOCALITY	11.9904	17.2609	
L	2433097	01		Douldjaya		LOCALITY	12.83901	18.01273	
L	2433098	15		Doulba		LOCALITY	11.14156	15.64267	
L	2433099	15		Doulba Malmana		LOCALITY	11.10623	15.6276	
L	2433101	06		Doul		LOCALITY	14.40504	15.38868	
L	2433102	15		Doukoumkoum		LOCALITY	11.595	16.5935	
L	2433103	06		Doukoa		LOCALITY	13.75464	15.54766	
L	2433104	09		Doukambé		LOCALITY	7.85	16.75	
L	2433105	20		Douida		LOCALITY	8.57518	15.23481	
L	2433108	26		Doui		LOCALITY	21.16667	17.43333	
L	2433113	08		Douhoko		LOCALITY	8.75	15.88333	
L	2433116	01		Dougouma		LOCALITY	12.90447	18.29394	
L	2433120	22		Dougouli		LOCALITY	13.38468	15.98594	
L	2433125	07		Dougoularom		LOCALITY	13.56667	14.93333	
L	2433126	07		Dougoula		LOCALITY	13.6	14.78333	
L	2433127	07		Dougoula		LOCALITY	13.58333	14.96667	
L	2433130	05		Dougoul		LOCALITY	12.18771	18.87283	
L	2433133	05		Dougolos		LOCALITY	11.94206	19.03332	
L	2433134	15		Dougolna		LOCALITY	10.97192	15.63333	
L	2433135	13		Dougné		LOCALITY	11.2417	19.2095	
L	2433136	18		Dougui Tibité		LOCALITY	12.3623	15.04967	
L	2433137	18		Dougui Magueta		LOCALITY	12.34343	15.11417	
L	2433138	18		Dougui Chikhèt		LOCALITY	12.37094	15.11754	
L	2433139	18		Dougui Al Aha		LOCALITY	12.37375	15.09566	
L	2433140	18		Douguina		LOCALITY	12.64131	14.82548	
L	2433142	18		Dougui		LOCALITY	12.62464	14.979	
L	2433146	19		Doufong		LOCALITY	9.49783	17.50173	
L	2433147	16		Doufan		LOCALITY	10.47838	15.30511	
L	2433148	20		Doué		LOCALITY	9.6069	14.2133	
L	2433149	20		Doué		LOCALITY	9.2752	14.6888	
L	2433152	07		Doudour		LOCALITY	13.66667	14.91667	
L	2433153	22		Dodoula		LOCALITY	13.82377	15.67353	
L	2433155	20		Douboulao		LOCALITY	8.98333	15.01667	
L	2433156	20		Douboula		LOCALITY	8.9369	14.9952	
L	2433160	14		Doubaye		LOCALITY	9.7657	16.625	
L	2433163	19		Doubadobo		LOCALITY	8.3403	17.8977	
L	2433169	18		Douala		LOCALITY	13.0359	15.583	
L	2433170	18		Douala		LOCALITY	12.85563	15.2667	
L	2433171	08		Doua		LOCALITY	9.2109	16.3707	
L	2433173	08		Dotoumadi		LOCALITY	9.112	16.4164	
L	2433175	08		Dotogo		LOCALITY	8.3783	15.7972	
L	2433176	09		Dotogou		LOCALITY	7.8795	15.8203	
L	2433177	19		Datibo		LOCALITY	8.6821	17.7342	
L	2433178	05		Dotchon		LOCALITY	12.25431	18.50923	
L	2433180	20		Dosam		LOCALITY	9.07406	15.15936	
L	2433185	19		Doro		LOCALITY	8.7288	17.5672	
L	2433186	17		Doro		LOCALITY	8.52344	18.95386	
L	2433187	08		Ndoro		LOCALITY	8.336	15.6112	
L	2433188	17		Dornoyon		LOCALITY	9.14793	18.29196	
L	2433189	14		Dormo Baguidja		LOCALITY	9.30018	16.57019	
L	2433190	05		Dorli Barandifa		LOCALITY	11.8881	18.3896	
L	2433191	17		Dorkoli		LOCALITY	8.75601	18.29576	
L	2433194	16		Doré		LOCALITY	9.8591	15.1093	
L	2433195	18		Dordon		LOCALITY	11.8766	16.9368	
L	2433198	06		Dordom		LOCALITY	13.43323	15.56546	
L	2433205	08		Dooulo		LOCALITY	8.53333	15.31667	
L	2433211	19		Do		LOCALITY	8.3792	17.8461	
L	2433212	09		Donia		LOCALITY	8.40509	16.42309	
L	2433215	14		Dono Manga		LOCALITY	9.2314	16.9224	
L	2433217	08		Dono		LOCALITY	8.82167	15.98282	
L	2433221	17		Donio		LOCALITY	9.46649	18.98207	
L	2433222	19		Doninga		LOCALITY	8.3842	17.7551	
L	2433223	16		Don-i-Baa		LOCALITY	10.53968	15.2175	
L	2433224	05		Dongoulou		LOCALITY	12.11671	18.67003	
L	2433225	09		Dongoukou		LOCALITY	8.00906	16.30064	
L	2433226	18		Dongoro		LOCALITY	12.11412	17.35641	
L	2433227	15		Dongoro		LOCALITY	11.8232	16.7405	
L	2433228	15		Dongoro		LOCALITY	11.2551	16.9034	
L	2433230	15		Dongoro		LOCALITY	10.76642	17.20062	
L	2433231	09		Dongoro		LOCALITY	8.01667	16.33333	
L	2433233	05		Dongoma		LOCALITY	12.333	19.0298	
L	2433234	17		Dongo		LOCALITY	9.9403	19.32206	
L	2433235	17		Dongo		LOCALITY	9.9028	19.2842	
L	2433237	08		Donédo		LOCALITY	8.81667	15.81667	
L	2433238	08		Dondo		LOCALITY	8.8316	15.6797	
L	2433239	08		Donédo		LOCALITY	8.8	15.8	
L	2433240	08		Dondounga		LOCALITY	8.4488	15.52053	
L	2433241	09		Dondouba		LOCALITY	8.2262	15.6227	
L	2433242	08		Dondiégré		LOCALITY	8.8064	15.66098	
L	2433243	16		Don Ayebaha		LOCALITY	10.55	15.23333	
L	2433244	09		Donankas		LOCALITY	8.301	15.3853	
L	2433245	09		Donakéssé		LOCALITY	8.42099	16.40312	
L	2433246	09		Don		LOCALITY	7.84277	16.47379	
L	2433249	09		Domou		LOCALITY	7.79312	16.34689	
L	2433250	16		Domo Téguédé		LOCALITY	9.60042	15.64334	
L	2433254	14		Domo Marba		LOCALITY	9.50109	15.69002	
L	2433255	15		Domolo		LOCALITY	10.85	15.81667	
L	2433257	14		Domogou		LOCALITY	9.6689	16.6591	
L	2433258	16		Domo Goéra		LOCALITY	9.46183	15.63181	
L	2433259	16		Domo Galao		LOCALITY	9.4943	15.5943	
L	2433260	16		Domo Doumba		LOCALITY	9.492	15.6299	
L	2433261	16		Domo Dongogo		LOCALITY	9.48573	15.65901	
L	2433262	16		Domo Danbale		LOCALITY	9.54526	15.65412	
L	2433263	16		Domo Dagada		LOCALITY	9.54821	15.62013	
L	2433264	16		Domo Baïra		LOCALITY	9.51634	15.67122	
L	2433265	16		Domo Bara		LOCALITY	9.5413	15.6797	
L	2433266	15		Domo		LOCALITY	11.72155	15.20064	
L	2433267	09		Domkassé		LOCALITY	8.18333	15.88333	
L	2433268	19		Dominga		LOCALITY	7.96596	17.29807	
L	2433269	16		Domey		LOCALITY	9.70036	15.18444	
L	2433271	15		Dombourou		LOCALITY	12.1112	15.81609	
L	2433272	06		Dombouri		LOCALITY	13.30081	15.81483	
L	2433273	05		Domboti		LOCALITY	11.9938	19.0032	
L	2433274	09		Dombogolo		LOCALITY	8.11119	16.10101	
L	2433275	15		Dombaye		LOCALITY	11.25865	15.3385	
L	2433277	20		Dombao		LOCALITY	8.93333	15.23333	
L	2433278	14		Dombala		LOCALITY	9.3126	16.3323	
L	2433279	08		Domballa		LOCALITY	9.09425	16.32543	
L	2433283	08		Domann		LOCALITY	9.0626	16.02244	
L	2433284	08		Domann II		LOCALITY	8.37469	15.61478	
L	2433285	08		Domann I		LOCALITY	8.38221	15.66045	
L	2433286	08		Domane		LOCALITY	8.38333	15.61667	
L	2433287	09		Domané		LOCALITY	7.8608	15.921	
L	2433289	20		Domannbeidayé		LOCALITY	8.5204	15.2185	
L	2433291	14		Doman		LOCALITY	9.1531	16.2117	
L	2433292	08		Domann		LOCALITY	8.54671	15.48165	
L	2433293	16		Domaï		LOCALITY	9.75	15.16667	
L	2433302	16		Dom		LOCALITY	9.90371	15.50604	
L	2433304	08		Dolougou		LOCALITY	9.0636	16.1626	
L	2433305	09		Dolam		LOCALITY	7.96078	16.37954	
L	2433306	01		Dolko		LOCALITY	12.66907	17.97885	
L	2433307	08		Doligna		LOCALITY	8.5808	15.5676	
L	2433309	05		Doli		LOCALITY	11.9591	18.1709	
L	2433310	15		Doleri		LOCALITY	11.82028	15.19546	
L	2433312	07		Dole		LOCALITY	13.6	14.8	
L	2433313	16		Dolé		LOCALITY	9.8723	15.0713	
L	2433314	09		Dolao		LOCALITY	7.9621	15.7706	
L	2433315	09		Dolao		LOCALITY	7.88886	16.10119	
L	2433316	09		Dolao		LOCALITY	7.68333	16.25	
L	2433317	09		Dolam		LOCALITY	8.11175	16.41963	
L	2433320	06		Dola		LOCALITY	14.42116	14.10112	
L	2433321	07		Dola		LOCALITY	13.50155	15.06817	
L	2433324	15		Dol		LOCALITY	11.1565	16.5319	
L	2433325	15		Dokoya		LOCALITY	11.24189	15.34563	
L	2433326	08		Dokoutou		LOCALITY	8.85075	15.90119	
L	2433327	09		Dokoutou		LOCALITY	8.07596	16.08031	
L	2433328	09		Dokoura		LOCALITY	8.09151	16.70602	
L	2433331	17		Dokou		LOCALITY	9.2	18.31667	
L	2433332	08		Dokou		LOCALITY	8.97832	15.6195	
L	2433334	19		Dokou		LOCALITY	8.27311	17.59417	
L	2433335	01		Dokotchi		LOCALITY	13.0446	18.712	
L	2433336	17		Dokoro		LOCALITY	10.03394	17.8912	
L	2433337	06		Dokora		LOCALITY	13.42337	15.81566	
L	2433339	17		Dokolo		LOCALITY	9.06124	18.7572	
L	2433340	19		Doko		LOCALITY	8.7866	17.3172	
L	2433341	01		Dokhane		LOCALITY	13.1585	18.5827	
L	2433342	19		Dokassi		LOCALITY	9.0823	18.0661	
L	2433343	09		Dokapti		LOCALITY	8.68902	16.7195	
L	2433345	09		Dokagué II		LOCALITY	7.93333	16.25	
L	2433346	09		Dokagadé		LOCALITY	7.92335	16.23593	
L	2433347	09		Dokabi		LOCALITY	7.68001	16.98007	
L	2433349	20		Doïndopina		LOCALITY	8.93889	15.20372	
L	2433351	08		Dohoulou		LOCALITY	8.75	15.88333	
L	2433357	08		Doholo		LOCALITY	9.12337	16.24642	
L	2433361	08		Doher		LOCALITY	9.05112	16.2872	
L	2433363	08		Doguigui		LOCALITY	8.9137	15.5465	
L	2433364	19		Doguigui		LOCALITY	8.82255	17.47397	
L	2433365	19		Doguéré Moïssala	دوقيري مويسالا	LOCALITY	8.753	17.5965	
L	2433366	19		Dogueré		LOCALITY	8.8018	17.3384	
L	2433367	08		Dogueni		LOCALITY	9.076	16.1551	
L	2433368	19		Doguéré		LOCALITY	8.7635	17.5979	
L	2433369	15		Dogoya		LOCALITY	11.35287	15.27972	
L	2433370	19		Dogourou		LOCALITY	8.8359	17.3694	
L	2433371	15		Dogoumbo		LOCALITY	10.04244	16.77744	
L	2433373	07		Dogorérom		LOCALITY	13.45	14.43333	
L	2433376	05		Dogom		LOCALITY	12.08201	18.59393	
L	2433377	18		Dogolo Gada		LOCALITY	12.58047	17.10493	
L	2433380	14		Dogobara		LOCALITY	9.1674	16.5612	
L	2433382	01		Dogo		LOCALITY	12.67618	17.47621	
L	2433383	14		Dogo		LOCALITY	9.33289	15.65059	
L	2433385	19		Dogmaye		LOCALITY	9.09503	17.42073	
L	2433386	08		Doglgi		LOCALITY	8.9	15.55	
L	2433387	05		Doguiti		LOCALITY	12.31711	18.83823	
L	2433388	08		Doguinndi		LOCALITY	8.8719	15.8932	
L	2433390	26		Dogé		LOCALITY	21.33333	17	
L	2433393	09		Dokagaye		LOCALITY	7.98428	16.03137	
L	2433394	06		Dogafoley		LOCALITY	14.20289	14.49091	
L	2433395	09		Dodoum		LOCALITY	8.42557	16.86783	
L	2433397	08		Dodjigui		LOCALITY	8.69659	16.33674	
L	2433398	08		Dodinnda		LOCALITY	8.41579	15.81415	
L	2433399	08		Dodikas		LOCALITY	8.7365	15.8392	
L	2433400	08		Dodi		LOCALITY	8.73217	15.76401	
L	2433403	09		Dodang II		LOCALITY	7.895	16.1545	
L	2433404	09		Dodang I		LOCALITY	7.89663	16.05033	
L	2433405	19		Doktoro		LOCALITY	8.04464	17.40518	
L	2433406	14		Doboung		LOCALITY	9.33907	15.83957	
L	2433407	17		Dobo		LOCALITY	9.9825	19.3458	
L	2433408	19		Dobo		LOCALITY	9.26514	17.6357	
L	2433409	19		Dobo		LOCALITY	9.24033	17.61497	
L	2433410	19		Dobo		LOCALITY	9.19233	17.42292	
L	2433411	19		Dobo		LOCALITY	8.57773	17.66099	
L	2433412	19		Dobo		LOCALITY	8.23333	17.78333	
L	2433413	09		Dobiti		LOCALITY	8.11056	16.75157	
L	2433415	20		Dobien Laogama		LOCALITY	8.75	15.23333	
L	2433418	20		Dobienn		LOCALITY	8.7707	15.2369	
L	2433419	08		Dobeni II		LOCALITY	8.78333	15.9	
L	2433420	08		Dobéni		LOCALITY	8.78859	15.88489	
L	2433421	19		Dobengué		LOCALITY	9.06514	17.21743	
L	2433422	09		Dobémmiti		LOCALITY	8.6183	16.6119	
L	2433423	19		Dobembé		LOCALITY	8.91365	17.38601	
L	2433424	08		Dobam		LOCALITY	8.4907	15.9533	
L	2433425	08		Dobé		LOCALITY	9.04997	16.30238	
L	2433426	20		Dobar Bani		LOCALITY	8.7776	15.0461	
L	2433427	08		Dobara		LOCALITY	8.69601	16.23713	
L	2433429	19		Dobanène		LOCALITY	8.16667	17.68333	
L	2433430	09		Dobama		LOCALITY	7.8586	16.6711	
L	2433431	09		Doba Kourangati		LOCALITY	8.4927	16.7261	
L	2433432	19		Dobadéné V		LOCALITY	8.15215	17.68865	
L	2433433	19		Dobadéne I		LOCALITY	8.44324	17.80949	
L	2433434	19		Dobadéné		LOCALITY	8.38082	17.50993	
L	2433435	19		Dobadéné		LOCALITY	8.1575	17.5467	
L	2433436	19		Doba-Dena		LOCALITY	8.45	17.8	
L	2433437	09		Doba	دوبا	CITY	8.66389	16.85324	70942
L	2433438	19		Doba		LOCALITY	8.47009	17.83026	
L	2433440	09		Doap		LOCALITY	8.22032	16.04216	
L	2433442	20		Dalao		LOCALITY	8.6325	15.2622	
L	2433443	17		Do		LOCALITY	9.49299	18.86651	
L	2433444	19		Do		LOCALITY	8.3965	17.2687	
L	2433445	08		Djoy III		LOCALITY	8.4412	15.3932	
L	2433446	08		Djoy I		LOCALITY	8.5256	15.5339	
L	2433447	08		Djoy		LOCALITY	8.56667	15.43333	
L	2433448	14		Djotoutoum		LOCALITY	9.65774	15.85387	
L	2433449	01		Djouroundou		LOCALITY	13.0686	18.683	
L	2433452	05		Djourmé		LOCALITY	12.3772	19.6065	
L	2433454	01		Djour-Ddjoura		LOCALITY	13.0326	18.265	
L	2433459	16		Djouno		LOCALITY	10.167	16.1249	
L	2433460	14		Djoun		LOCALITY	9.37616	16.36082	
L	2433462	15		Djoungotoli		LOCALITY	11.55569	15.42974	
L	2433463	15		Djoungotoli		LOCALITY	11.53564	15.29009	
L	2433465	15		Djoumour		LOCALITY	10.4886	17.1021	
L	2433466	15		Djoumboul		LOCALITY	10.3223	17.3466	
L	2433467	18		Djoumarti		LOCALITY	13.06738	15.70122	
L	2433468	15		Djoumanga		LOCALITY	11.76625	15.26517	
L	2433469	16		Djouman Landou		LOCALITY	9.54367	15.37092	
L	2433470	16		Djouman		LOCALITY	9.879	15.8111	
L	2433471	18		Djoumal		LOCALITY	12.39815	15.72653	
L	2433473	16		Djouloum		LOCALITY	10.5	15.7	
L	2433476	07		Djoukoutou		LOCALITY	13.68333	14.68333	
L	2433477	18		Djoukoup		LOCALITY	12.47873	14.85571	
L	2433478	16		Djogoundo		LOCALITY	9.63847	15.09663	
L	2433479	14		Djougoun		LOCALITY	9.44493	15.93187	
L	2433481	06		Djougou II		LOCALITY	14.12748	15.32455	
L	2433483	07		Djougou		LOCALITY	13.97312	14.16451	
L	2433484	05		Djougondi		LOCALITY	11.8467	19.125	
L	2433485	18		Djouguéna		LOCALITY	12.84627	14.88035	
L	2433489	16		Djouboul		LOCALITY	9.6621	15.9425	
L	2433490	01		Djoubar		LOCALITY	13.1021	18.1604	
L	2433491	01		Djoubak		LOCALITY	13.154	17.71852	
L	2433493	01		Djoua		LOCALITY	13.1205	18.5917	
L	2433495	07		Djou		LOCALITY	13.91667	14.4	
L	2433497	14		Djoronguélé		LOCALITY	9.8228	16.2746	
L	2433498	14		Djoro		LOCALITY	9.1502	16.6247	
L	2433499	09		Djoro		LOCALITY	7.75	15.86667	
L	2433500	05		Djorlo		LOCALITY	11.88333	17.9	
L	2433501	20		Djorkdi		LOCALITY	9.489	14.9687	
L	2433502	15		Djoramadou		LOCALITY	10.83333	15.76667	
L	2433504	05		Djondjol		LOCALITY	12.5413	19.508	
L	2433505	14		Djomo Balna		LOCALITY	9.4182	15.7943	
L	2433506	07		Djomirom		LOCALITY	13.46667	14.88333	
L	2433507	15		Djomina		LOCALITY	10.96585	16.38398	
L	2433508	15		Djaména		LOCALITY	10.5082	16.6724	
L	2433509	17		Djomégué		LOCALITY	9.5438	18.5548	
L	2433510	01		Djombo Kibbit		LOCALITY	13.63333	19.66667	
L	2433512	01		Djombo		LOCALITY	13.9244	19.6547	
L	2433514	17		Djomal		LOCALITY	10.4935	17.8485	
L	2433517	17		Djoli		LOCALITY	9.2624	18.02599	
L	2433518	08		Djolbo		LOCALITY	8.78333	15.8	
L	2433519	19		Djola I		LOCALITY	8.5561	17.641	
L	2433520	19		Djola II		LOCALITY	8.5503	17.5964	
L	2433521	15		Djokhiné		LOCALITY	12.06606	15.42588	
L	2433522	18		Djokhana		LOCALITY	12.67363	16.98035	
L	2433523	18		Djokhana		LOCALITY	11.8027	17.5053	
L	2433524	15		Djokhana		LOCALITY	10.8025	17.0179	
L	2433525	01		Djokhan		LOCALITY	13.12	18.6418	
L	2433526	01		Djokhan		LOCALITY	13.00136	18.50119	
L	2433528	15		Djoke Amadou		LOCALITY	11.05566	15.83515	
L	2433529	15		Djoke		LOCALITY	11.07544	15.83615	
L	2433530	01		Djokan		LOCALITY	13.1486	18.311	
L	2433531	01		Djokhan		LOCALITY	13.0114	18.4916	
L	2433534	15		Djokaidjodi		LOCALITY	10.92854	15.9	
L	2433536	15		Djoguidjoro		LOCALITY	10.93333	15.9	
L	2433537	15		Djogué		LOCALITY	10.96667	15.78333	
L	2433538	01		Djogolo		LOCALITY	13.02517	17.73101	
L	2433539	05		Djogolo		LOCALITY	12.20908	18.79512	
L	2433540	13		Djogo		LOCALITY	10.2949	19.7436	
L	2433541	14		Djogdo		LOCALITY	9.8728	16.3321	
L	2433542	08		Djoy II		LOCALITY	8.59904	15.55565	
L	2433543	16		Djodo Yakoumba		LOCALITY	9.5248	15.2172	
L	2433544	16		Djodo Gasa		LOCALITY	9.4861	15.16386	
L	2433545	16		Djodo Bisara		LOCALITY	9.44192	15.2228	
L	2433546	01		Djoda		LOCALITY	12.89431	18.38333	
L	2433549	01		Djiro		LOCALITY	13.0303	18.4969	
L	2433552	07		Djiria		LOCALITY	13.62147	14.35747	
L	2433554	18		Djipdjoumalak		LOCALITY	11.85193	17.28033	
L	2433555	18		Djipdjoumalak		LOCALITY	11.8604	17.2295	
L	2433556	15		Djiour		LOCALITY	10.07972	16.72973	
L	2433559	13		Djiodat		LOCALITY	12.04899	19.723	
L	2433560	15		Djinére		LOCALITY	12.01518	16.07159	
L	2433561	05		Djinékir		LOCALITY	11.1	19.03333	
L	2433562	14		Djindra		LOCALITY	9.2167	16.3289	
L	2433563	17		Djindjikono		LOCALITY	9.62696	18.75024	
L	2433564	17		Djindjibo		LOCALITY	9.62859	18.71681	
L	2433565	13		Djindi		LOCALITY	10.0728	19.6047	
L	2433567	15		Djimtilo		LOCALITY	12.82899	14.56642	
L	2433568	05		Djiméze		LOCALITY	12.66211	18.64733	
L	2433569	18		Djimézé		LOCALITY	12.46675	17.04044	
L	2433570	18		Djimeze		LOCALITY	12.36904	15.16143	
L	2433571	18		Djimézé		LOCALITY	12.16667	17.03333	
L	2433572	18		Djimézé		LOCALITY	12.09404	17.47616	
L	2433573	18		Djimézé		LOCALITY	12.09117	17.04698	
L	2433574	18		Djimez		LOCALITY	11.8522	17.1688	
L	2433575	15		Djimeze		LOCALITY	11.34037	15.3232	
L	2433577	13		Djimèz		LOCALITY	10.2738	19.7081	
L	2433578	05		Djimesse		LOCALITY	11.0227	18.8895	
L	2433579	05		Djimes		LOCALITY	10.96667	18.78333	
L	2433581	08		Djimadoul		LOCALITY	9.1158	16.2607	
L	2433583	05		Djilli		LOCALITY	10.914	17.9163	
L	2433585	15		Djilali		LOCALITY	11.95604	15.23608	
L	2433588	15		Djilakam		LOCALITY	11.3958	16.0913	
L	2433589	15		Djilabi		LOCALITY	11.9948	15.79316	
L	2433590	06		Djila		LOCALITY	13.79593	15.37535	
L	2433592	20		Djikéi		LOCALITY	9.212	14.7699	
L	2433594	16		Djiha		LOCALITY	9.8641	15.6996	
L	2433598	06		Djigaré		LOCALITY	14.2202	15.04051	
L	2433605	16		Djidi Bagaye		LOCALITY	9.78333	15.56667	
L	2433606	16		Djidi Bagay		LOCALITY	9.8415	15.4738	
L	2433608	15		Djidat		LOCALITY	12.2134	15.70333	
L	2433609	06		Djidami		LOCALITY	13.63408	15.44065	
L	2433610	18		Djidada		LOCALITY	12.54469	16.19541	
L	2433611	15		Djiboutou		LOCALITY	10.66667	16.51667	
L	2433614	18		Djibné		LOCALITY	12.6613	16.41259	
L	2433616	01		Djib Djoumalek		LOCALITY	13.06667	18.75	
L	2433617	01		Djib Djoumalek		LOCALITY	13.0134	18.8079	
L	2433619	14		Djar		LOCALITY	9.7988	16.3367	
L	2433622	05		Djianga		LOCALITY	10.0706	18.8588	
L	2433625	06		Djeulou		LOCALITY	13.74039	15.56465	
L	2433626	09		Djeu		LOCALITY	7.91337	16.47851	
L	2433629	20		Djérnao		LOCALITY	8.65	15.15	
L	2433630	18		Djermaya	جرماية	LOCALITY	12.40071	15.05436	
L	2433631	18		Djerma Haroun		LOCALITY	12.69757	17.01456	
L	2433633	15		Djérinna		LOCALITY	12.30218	15.3562	
L	2433636	18		Djerebena		LOCALITY	12.86615	14.81382	
L	2433637	05		Djerbé		LOCALITY	11.9109	18.0842	
L	2433639	05		Djérat		LOCALITY	11.1698	18.7345	
L	2433640	13		Djéras		LOCALITY	11.325	19.2529	
L	2433641	20		Djerao		LOCALITY	8.66121	15.16333	
L	2433642	14		Djéra		LOCALITY	9.4571	15.72496	
L	2433645	14		Djengrang		LOCALITY	9.29573	15.80228	
L	2433646	14		Djengdo		LOCALITY	9.3133	16.7985	
L	2433647	15		Djeneine	جنين	LOCALITY	11.73333	15.46667	
L	2433648	13		Djenda		LOCALITY	11.4539	19.0915	
L	2433651	15		Djéména Guidé		LOCALITY	11.93833	15.40886	
L	2433652	06		Djéména		LOCALITY	13.28247	15.77022	
L	2433653	18		Djeména		LOCALITY	12.42265	14.95242	
L	2433654	15		Djemelma		LOCALITY	11.89605	15.15327	
L	2433656	17		Djember		LOCALITY	10.4134	17.8297	
L	2433664	17		Djéké Djéké		LOCALITY	8.41306	18.196	
L	2433667	16		Djého		LOCALITY	10.73797	15.26868	
L	2433668	08		Djéguérankas		LOCALITY	9.02401	15.78303	
L	2433669	08		Djéguérènn Kazé		LOCALITY	8.9144	15.7253	
L	2433670	08		Djéguérènn Doul		LOCALITY	8.89783	15.75204	
L	2433675	01		Djedaa		LOCALITY	13.5191	18.5812	
L	2433678	05		Djébren		LOCALITY	11.2367	19.0201	
L	2433684	05		Djaya		LOCALITY	12.42101	18.02563	
L	2433685	08		Djay		LOCALITY	8.80516	15.40552	
L	2433686	20		Djavou		LOCALITY	9.3918	14.3613	
L	2433687	20		Djavou		LOCALITY	9.365	14.3591	
L	2433688	19		Djaroua II		LOCALITY	8.4004	17.7013	
L	2433689	19		Djaroua I		LOCALITY	8.42416	17.68289	
L	2433690	18		Djar Konkia		LOCALITY	12.99816	15.46636	
L	2433691	05		Djari		LOCALITY	12.00321	18.70653	
L	2433692	16		Léo Djargay II		LOCALITY	9.57796	15.69562	
L	2433693	14		Djargay		LOCALITY	9.5505	15.7192	
L	2433694	16		Djarao Golo III		LOCALITY	9.7	15.5301	
L	2433695	16		Djarao Golo II		LOCALITY	9.71009	15.50298	
L	2433696	16		Djarao Golo I		LOCALITY	9.6698	15.5054	
L	2433697	16		Djarao Boro III		LOCALITY	9.7778	15.4672	
L	2433698	16		Djarao Boro II		LOCALITY	9.75249	15.48984	
L	2433699	16		Djarao Boro I		LOCALITY	9.77325	15.49264	
L	2433700	16		Djarao Boro Bay		LOCALITY	9.76377	15.534	
L	2433701	16		Djarao Baydou II		LOCALITY	9.6792	15.5623	
L	2433702	16		Djarao Baydou I		LOCALITY	9.62999	15.56398	
L	2433704	16		Djar		LOCALITY	10.2995	16.0719	
L	2433705	05		Djaouri		LOCALITY	12.29481	18.99213	
L	2433706	18		Djaour el Goz		LOCALITY	12.3238	15.48058	
L	2433707	14		Djaoula		LOCALITY	9.12673	16.15757	
L	2433709	13		Djaouit		LOCALITY	11.3339	19.2987	
L	2433710	20		Djaolani		LOCALITY	9.9704	14.384	
L	2433711	15		Djangta		LOCALITY	10.5606	16.3873	
L	2433714	09		Djagzay		LOCALITY	8.22924	16.80532	
L	2433717	09		Djanga		LOCALITY	8.86903	16.66399	
L	2433719	05		Djana Tidjani		LOCALITY	11.03818	17.52173	
L	2433720	05		Djana Mougmo		LOCALITY	11.0162	17.5383	
L	2433721	05		Djana		LOCALITY	10.96667	17.55	
L	2433722	09		Djana		LOCALITY	7.7	16.05	
L	2433723	19		Djan		LOCALITY	8.6815	17.21797	
L	2433724	09		Djan		LOCALITY	8.45833	16.9361	
L	2433726	08		Djam II		LOCALITY	8.87342	15.64169	
L	2433727	08		Djamno		LOCALITY	9.06454	16.29035	
L	2433728	15		Djaména Chip		LOCALITY	12.21629	15.6487	
L	2433729	15		Djaména Borkou		LOCALITY	10.6402	17.1794	
L	2433730	05		Djaména		LOCALITY	11.92829	18.54641	
L	2433731	15		Djamena		LOCALITY	11.72559	15.24422	
L	2433732	05		Djaména		LOCALITY	11.6902	18.6485	
L	2433733	18		Djaména		LOCALITY	11.6618	17.1013	
L	2433734	15		Djaména		LOCALITY	11.3356	17.0983	
L	2433735	15		Djaména		LOCALITY	11.26667	17.1	
L	2433736	15		Djaména		LOCALITY	10.8917	16.1246	
L	2433737	15		Djamdori		LOCALITY	11.68849	15.20289	
L	2433738	15		Djamboutou		LOCALITY	11.0883	16.0554	
L	2433739	15		Djambalbar		LOCALITY	11.73272	15.18737	
L	2433740	18		Djamara		LOCALITY	11.7523	17.1975	
L	2433741	01		Djamaniz		LOCALITY	13.73333	19.33333	
L	2433742	18		Djamam Nabagay		LOCALITY	11.836	17.0981	
L	2433746	18		Djamadi		LOCALITY	12.00629	17.19639	
L	2433747	06		Djam		LOCALITY	13.67699	15.77906	
L	2433748	08		Djam I		LOCALITY	8.88381	15.63059	
L	2433750	20		Djalingo		LOCALITY	9.691	14.0088	
L	2433751	14		Djalgou		LOCALITY	9.4197	15.9723	
L	2433752	14		Djalbey		LOCALITY	9.14646	15.63589	
L	2433753	09		Djalara		LOCALITY	7.71667	16.08333	
L	2433754	01		Djakoua		LOCALITY	13.1221	17.4154	
L	2433757	08		Djako		LOCALITY	8.35571	15.7958	
L	2433760	16		Djaka		LOCALITY	10.58333	15.18333	
L	2433761	20		Djaïtou		LOCALITY	9.21795	15.00388	
L	2433762	01		Djaharin		LOCALITY	13.8429	19.4752	
L	2433763	17		Djaha		LOCALITY	9.39724	18.48925	
L	2433765	05		Djagala		LOCALITY	12.04021	18.67913	
L	2433767	17		Djadja		LOCALITY	10.24164	19.62947	
L	2433768	16		Djadama		LOCALITY	9.6514	15.1696	
L	2433772	08		Djabi		LOCALITY	9.11709	16.27833	
L	2433773	08		Djabélo		LOCALITY	8.78069	15.7916	
L	2433775	07		Ditila		LOCALITY	13.66591	15.16919	
L	2433776	14		Disoua Sardé		LOCALITY	9.05909	15.74455	
L	2433777	16		Disou		LOCALITY	9.56195	15.68467	
L	2433778	14		Disoua Gaidro		LOCALITY	9.18199	15.7785	
L	2433780	08		Dissoua		LOCALITY	8.9116	15.7113	
L	2433781	20		Dissing		LOCALITY	9.6365	14.1531	
L	2433782	16		Dirki		LOCALITY	10.98693	15.34692	
L	2433783	18		Diridangara		LOCALITY	12.89606	16.59529	
L	2433786	17		Direk		LOCALITY	9.89853	17.52972	
L	2433788	05		Dirdir		LOCALITY	11.4955	18.5332	
L	2433789	05		Dirbéyé		LOCALITY	12.4399	19.6139	
L	2433790	18		Dirbati		LOCALITY	12.08333	17.05	
L	2433794	17		Dira		LOCALITY	8.6941	18.1276	
L	2433796	13		Dipkir		LOCALITY	9.99008	19.67656	
L	2433800	18		Diouroup		LOCALITY	13.03392	15.51766	
L	2433801	18		Diouroup		LOCALITY	13.01865	15.55783	
L	2433803	06		Dioura		LOCALITY	13.54657	15.86352	
L	2433807	01		Dioukop		LOCALITY	13.43333	19.68333	
L	2433808	05		Diougoulgouli		LOCALITY	12.28591	18.82393	
L	2433810	06		Dioudoul		LOCALITY	13.3542	15.76932	
L	2433811	06		Dioudiowa		LOCALITY	13.46683	15.72812	
L	2433818	15		Diokana Bao		LOCALITY	12.15985	16.26801	
L	2433819	15		Diokana Anga		LOCALITY	12.08377	16.24678	
L	2433820	15		Diokana		LOCALITY	12.21492	16.66334	
L	2433821	18		Diokana		LOCALITY	12.18688	17.06228	
L	2433822	15		Diokana		LOCALITY	12.14073	16.32175	
L	2433823	05		Diogou		LOCALITY	11.6502	18.4855	
L	2433824	22		Diogoromo		LOCALITY	13.3103	15.94615	
L	2433826	15		Dio		LOCALITY	11.50373	15.19072	
L	2433828	18		Diniti		LOCALITY	12.95669	15.49128	
L	2433829	01		Dini		LOCALITY	12.88849	17.53692	
L	2433830	05		Dinguil		LOCALITY	11.0987	18.7069	
L	2433832	15		Dingangali		LOCALITY	11.16879	15.97744	
L	2433833	19		Dingamdili		LOCALITY	8.455	17.413	
L	2433834	19		Dingadili		LOCALITY	8.3974	17.6101	
L	2433836	18		Dinégis		LOCALITY	12.64791	17.05002	
L	2433837	15		Dine		LOCALITY	11.89668	15.57208	
L	2433838	15		Dindoum		LOCALITY	10.2582	16.63115	
L	2433839	07		Dindji		LOCALITY	13.78333	14.45	
L	2433840	15		Djindéré		LOCALITY	12.15798	15.41188	
L	2433841	19		Dinambo Mandoul		LOCALITY	8.48471	17.39889	
L	2433842	07		Dinam		LOCALITY	13.61231	15.22696	
L	2433843	17		Dinakobo		LOCALITY	8.5756	18.45641	
L	2433844	07		Dinakam		LOCALITY	13.36667	14.48333	
L	2433845	07		Dinahou		LOCALITY	13.31667	15.06667	
L	2433846	17		Dinaba		LOCALITY	8.3419	18.7542	
L	2433849	14		Di Mogona		LOCALITY	9.48279	15.70404	
L	2433851	14		Dimèdou		LOCALITY	9.3611	16.9538	
L	2433854	05		Dilouko		LOCALITY	10.922	17.4456	
L	2433856	15		Dillé		LOCALITY	11.3957	16.9564	
L	2433857	15		Dillé		LOCALITY	11.3839	16.9593	
L	2433858	16		Dilka		LOCALITY	11.01089	15.48903	
L	2433859	18		Dilindri		LOCALITY	13.10934	15.66664	
L	2433861	19		Dilibodo		LOCALITY	9.0253	18.0613	
L	2433862	07		Dili		LOCALITY	13.63905	15.14926	
L	2433863	19		Dili		LOCALITY	8.47556	17.78948	
L	2433864	15		Dilga		LOCALITY	11.82337	15.21825	
L	2433866	01		Ad Dileba		LOCALITY	13.2053	18.1929	
L	2433867	06		Dilé		LOCALITY	14.08232	15.53971	
L	2433868	05		Dilé		LOCALITY	10.8664	18.6509	
L	2433869	09		Ndildo		LOCALITY	8.532	16.8426	
L	2433870	18		Dilbigni		LOCALITY	12.07377	17.05809	
L	2433872	14		Dilati		LOCALITY	9.30229	16.92629	
L	2433873	14		Dilati		LOCALITY	9.17895	17.01466	
L	2433874	07		Dilala		LOCALITY	13.55117	15.28905	
L	2433875	14		Dila		LOCALITY	9.63409	16.25865	
L	2433877	18		Djekémé		LOCALITY	12.26801	15.01614	
L	2433879	08		Dik Dik		LOCALITY	8.5736	15.7651	
L	2433881	17		Dik		LOCALITY	9.95928	17.51383	
L	2433882	16		Diguini		LOCALITY	10.76667	15.9	
L	2433887	14		Dinya		LOCALITY	9.31396	15.74785	
L	2433890	22		Digirné		LOCALITY	13.97231	15.88869	
L	2433891	22		Digirné		LOCALITY	13.95192	15.88424	
L	2433895	22		Digidmafi		LOCALITY	13.79632	15.74932	
L	2433899	06		Digélaba		LOCALITY	13.85135	15.53505	
L	2433901	08		Digdobo		LOCALITY	8.68184	15.37673	
L	2433904	15		Digangali		LOCALITY	11.62977	15.2837	
L	2433905	21		Digangali		DISTRICT	12.04896	15.0704	
L	2433908	06		Difi		LOCALITY	14.23152	15.13616	
L	2433910	19		Dieye		LOCALITY	8.85827	17.48733	
L	2433911	16		Diep		LOCALITY	9.98333	15.76667	
L	2433912	18		Djekine		LOCALITY	12.47264	15.49423	
L	2433917	01		Didjamba		LOCALITY	13.5754	19.7079	
L	2433921	07		Diboul Boul		LOCALITY	13.46667	14.78333	
L	2433923	13		Dibod		LOCALITY	11.38504	19.20383	
L	2433924	07		Dibino Fouli		LOCALITY	13.95	14.36667	
L	2433926	07		Dibinintchi		LOCALITY	13.58656	15.29255	
L	2433927	18		Dibindi Aras		LOCALITY	12.53446	15.11836	
L	2433928	18		Dibindi Al Aya		LOCALITY	12.50414	15.11994	
L	2433929	18		Dibindi al Kour		LOCALITY	12.4741	15.13132	
L	2433931	20		Dibéré		LOCALITY	9.2324	14.6974	
L	2433932	18		Dibèkré		LOCALITY	12.82794	15.51367	
L	2433933	15		Dibekra		LOCALITY	12.211	15.57122	
L	2433934	18		Dibékir		LOCALITY	12.16365	17.13694	
L	2433935	18		Dibébe		LOCALITY	12.96818	16.55276	
L	2433936	16		Dibal		LOCALITY	9.96667	15.03333	
L	2433937	07		Dibaéa		LOCALITY	13.4	14.41667	
L	2433938	09		Diba		LOCALITY	7.8383	15.7623	
L	2433939	09		Diba		LOCALITY	7.782	15.7618	
L	2433941	06		Diatalari		LOCALITY	13.87048	15.46165	
L	2433942	06		Diala Banga		LOCALITY	13.90369	15.62018	
L	2433946	07		Diarom		LOCALITY	13.4596	15.39424	
L	2433947	18		Diarkouloula		LOCALITY	13.18586	15.57118	
L	2433950	06		Diari		LOCALITY	14.02576	15.22264	
L	2433955	06		Diara		LOCALITY	14.04697	15.58266	
L	2433956	01		Diara		LOCALITY	13.2849	19.4016	
L	2433957	05		Diara		LOCALITY	11.2144	18.4906	
L	2433958	16		Diaptoukero		LOCALITY	10.4	15.3	
L	2433959	16		Diao Margass		LOCALITY	10.90425	15.33456	
L	2433961	16		Diao		LOCALITY	10.87722	15.31231	
L	2433962	05		Diangoul		LOCALITY	11.3538	18.8864	
L	2433965	22		Diangalimi		LOCALITY	13.3405	15.93939	
L	2433970	07		Dianga		LOCALITY	13.63504	15.25814	
L	2433972	20		Dianbié		LOCALITY	8.7115	15.2852	
L	2433973	01		Diamor		LOCALITY	13.5562	19.2347	
L	2433975	20		Diamélé		LOCALITY	8.6057	15.1751	
L	2433981	01		Diakak		LOCALITY	13.8513	19.4916	
L	2433984	19		Diaï		LOCALITY	9.01073	17.29342	
L	2433985	16		Diafra		LOCALITY	10.76066	15.41003	
L	2433986	05		Diafal		LOCALITY	12.2058	19.1721	
L	2433987	06		Diaami		LOCALITY	13.62589	15.76458	
L	2433989	16		Di		LOCALITY	9.8777	15.4974	
L	2433990	14		Di		LOCALITY	9.4897	15.7436	
L	2433991	15		Dguidam		LOCALITY	11.89339	15.07847	
L	2433994	16		Deviyé		LOCALITY	10.94897	15.2428	
L	2433995	07		Désoulom Kérikolé		LOCALITY	13.6	14.7	
L	2433999	05		Derkatié		LOCALITY	11.9233	18.15713	
L	2434002	19		Derguimi		LOCALITY	8.6	17.25	
L	2434003	19		Derguigui II		LOCALITY	8.5921	17.2103	
L	2434004	19		Derguigui I		LOCALITY	8.59008	17.21841	
L	2434005	19		Derguigui		LOCALITY	9.26852	17.66949	
L	2434006	19		Derguigui		LOCALITY	8.74597	17.16356	
L	2434007	19		Derguigui		LOCALITY	8.4751	17.7367	
L	2434008	19		Derguigui		LOCALITY	8.4633	17.6684	
L	2434011	14		Déressia		LOCALITY	9.7602	16.2698	50113
L	2434012	13		Déresna		LOCALITY	11.34542	19.78094	
L	2434013	13		Déresna		LOCALITY	11.21667	19.86667	
L	2434014	01		Déréhité Dadjo		LOCALITY	13.0882	19.8175	
L	2434016	01		Derehité Koulou		LOCALITY	13.0852	19.7923	
L	2434017	15		Deredias		LOCALITY	11.73675	15.95466	
L	2434018	15		Dérédia		LOCALITY	11.19273	16.27753	
L	2434021	06		Derbélaban		LOCALITY	13.89697	15.62141	
L	2434025	15		Deraïa	ديريا	LOCALITY	11.94848	15.47942	
L	2434026	13		Dérader		LOCALITY	11.3164	19.0069	
L	2434027	13		Déra		LOCALITY	11.2588	19.45517	
L	2434028	14		Der		LOCALITY	9.3256	16.2154	
L	2434030	19		Dèni		LOCALITY	9.16448	18.11375	
L	2434033	17		Dengao		LOCALITY	9.44934	18.8437	
L	2434034	14		Denga		LOCALITY	9.28387	15.65385	
L	2434035	19		Deneyo		LOCALITY	8.1	17.6	
L	2434036	18		Dénéboïa		LOCALITY	12.90193	15.7654	
L	2434037	17		Dène		LOCALITY	9.73863	17.63662	
L	2434038	19		Dénambo		LOCALITY	8.73333	17.6	
L	2434039	05		Demwolki		LOCALITY	11.66438	17.87816	
L	2434040	06		Démi		LOCALITY	14.33888	15.22373	
L	2434041	06		Démi		LOCALITY	14.3209	15.2208	
L	2434042	19		Dembo		LOCALITY	8.14384	17.8274	
L	2434044	15		Délou		LOCALITY	10.0958	16.9295	
L	2434045	19		Delingala		LOCALITY	8.4	17.51667	
L	2434046	19		Delingala		LOCALITY	8.2496	17.6968	
L	2434047	14		Delimdi		LOCALITY	9.2433	16.2161	
L	2434048	14		Delim		LOCALITY	9.3261	16.8677	
L	2434050	08		Déli		LOCALITY	8.70874	15.87835	
L	2434052	20		Delhou		LOCALITY	9.3583	14.4306	
L	2434053	15		Delfin Sara		LOCALITY	10.62826	16.7785	
L	2434054	15		Delfin Bornou		LOCALITY	10.64583	16.77771	
L	2434055	22		Délep Tourkou		LOCALITY	13.3056	16.0184	
L	2434056	22		Délep Doroso		LOCALITY	13.3275	16.3183	
L	2434058	05		Délép		LOCALITY	12.67554	18.63749	
L	2434059	18		Déléma		LOCALITY	12.87712	15.11858	
L	2434060	18		Abdéléna		LOCALITY	12.80103	15.29935	
L	2434061	18		Délékéna		LOCALITY	12.41068	15.26931	
L	2434062	18		Délékéna		LOCALITY	12.36125	15.22414	
L	2434063	18		Délékéna		LOCALITY	12.36459	15.02793	
L	2434064	18		Délékéna		LOCALITY	12.34881	15.27418	
L	2434065	13		Déléïba		LOCALITY	11.3024	19.96965	
L	2434067	06		Déléfianga		LOCALITY	14.39384	15.31515	
L	2434069	01		Délébé		LOCALITY	13.7092	19.5533	
L	2434070	01		Délébé		LOCALITY	13.57487	19.73532	
L	2434071	06		Délébé		LOCALITY	13.5428	15.53331	
L	2434072	14		Delbian		LOCALITY	9.1904	16.1941	
L	2434074	22		Delatagam		LOCALITY	14.00373	15.6208	
L	2434075	06		Déla Soula		LOCALITY	13.59168	15.65042	
L	2434077	07		Delasa		LOCALITY	13.54782	15.21232	
L	2434078	06		Déla Kélima		LOCALITY	13.57868	15.65363	
L	2434079	05		Délagoum		LOCALITY	12.069	19.0097	
L	2434080	05		Defafin		LOCALITY	12.04627	17.6059	
L	2434085	18		Dédéhech		LOCALITY	12.35487	15.9252	
L	2434087	01		Déhé		LOCALITY	12.53127	17.37443	
L	2434088	07		Deguila		LOCALITY	13.70588	15.35932	
L	2434090	05		Defafin		LOCALITY	12.07194	17.58738	
L	2434093	05		Dédé		LOCALITY	11.36688	18.42661	
L	2434094	07		Dédan Boulanga		LOCALITY	13.47636	15.45641	
L	2434095	14		Débrang		LOCALITY	9.31571	15.84094	
L	2434097	05		Débir		LOCALITY	11.8135	18.7824	
L	2434099	01		Debékre		LOCALITY	12.90435	18.25604	
L	2434101	15		Debdouk		LOCALITY	10.1872	16.673	
L	2434103	26		Débasan		LOCALITY	20.46667	16.96667	
L	2434104	16		Débangou		LOCALITY	9.9912	15.1547	
L	2434110	16		Daykapra		LOCALITY	9.88821	15.43251	
L	2434111	17		Day Nangda		LOCALITY	9.2316	18.4464	
L	2434113	18		Daya Abou Aché		LOCALITY	12.55021	17.13867	
L	2434114	09		Daya		LOCALITY	7.68333	15.98333	
L	2434115	09		Daye		LOCALITY	8.2383	17.2528	
L	2434119	09		Dassoro		LOCALITY	7.8621	15.6153	
L	2434120	15		Dassik		LOCALITY	10.1853	17.1924	
L	2434121	14		Dassa		LOCALITY	9.58333	15.76667	
L	2434127	05		Dar Oumar		LOCALITY	12.9845	19.7602	
L	2434129	14		Dar Ninga		LOCALITY	9.29524	17.02961	
L	2434130	14		Dar Nahingar		LOCALITY	9.32033	17.06657	
L	2434131	01		Darmout		LOCALITY	13.3644	17.7199	
L	2434133	14		Dar Modangar		LOCALITY	9.34522	17.00571	
L	2434134	01		Darmasa		LOCALITY	12.94538	17.60199	
L	2434135	14		Dar Manga		LOCALITY	9.30664	17.04698	
L	2434136	01		Dar Kouka		LOCALITY	13.25	19.35	
L	2434137	16		Darki		LOCALITY	11.13237	15.1978	
L	2434138	14		Dar Kaybé		LOCALITY	9.307	16.9657	
L	2434139	14		Dar Katouli		LOCALITY	9.33523	17.08614	
L	2434140	18		Darkafia		LOCALITY	13.06695	15.50244	
L	2434144	05		Dari		LOCALITY	12.06371	18.88283	
L	2434145	05		Dari		LOCALITY	11.9823	18.9539	
L	2434146	20		Dari		LOCALITY	9.1026	14.5769	
L	2434147	14		Dargué		LOCALITY	9.1105	16.1036	
L	2434150	15		Dar Gazal		LOCALITY	11.1103	16.4121	
L	2434151	14		Dar Gandil		LOCALITY	9.35356	17.10787	
L	2434152	14		Dar Gandil		LOCALITY	9.32844	17.07832	
L	2434155	13		Darélech		LOCALITY	11.7104	19.8029	
L	2434156	05		Darélé		LOCALITY	12.5764	19.2226	
L	2434157	14		Daré		LOCALITY	9.4622	16.1403	
L	2434161	15		Dardalia		LOCALITY	10.95894	15.59327	
L	2434162	15		Darda		LOCALITY	11.67188	15.30078	
L	2434163	16		Dard		LOCALITY	9.777	15.987	
L	2434164	16		Darbé		LOCALITY	9.913	14.9697	
L	2434165	14		Darbé		LOCALITY	9.3957	16.6862	
L	2434166	14		Dar Bangon		LOCALITY	9.28675	17.01536	
L	2434167	01		Darazaz		LOCALITY	12.814	17.87995	
L	2434174	14		Darandjé		LOCALITY	9.2215	16.1281	
L	2434177	01		Darambdé		LOCALITY	12.9847	19.4005	
L	2434178	15		Daradia-Kabe		LOCALITY	11.96212	15.12008	
L	2434179	17		Dar		LOCALITY	10.3278	17.90226	
L	2434182	19		Daporpouti		LOCALITY	8.28856	17.54343	
L	2434183	15		Dapkaraïa		LOCALITY	10.79164	16.2864	
L	2434185	18		Douguia		LOCALITY	12.63942	14.96643	
L	2434189	16		Daouaré		LOCALITY	9.83096	15.08233	
L	2434191	16		Daoua		LOCALITY	9.9272	15.0038	
L	2434192	19		Daoua		LOCALITY	8.73309	17.5718	
L	2434193	19		Daoua		LOCALITY	8.62744	17.6586	
L	2434197	08		Ndao		LOCALITY	8.6049	15.3379	
L	2434198	08		Danzékéré		LOCALITY	8.61667	15.36667	
L	2434200	01		Danranga		LOCALITY	12.64018	17.20834	
L	2434201	18		Danouna		LOCALITY	12.53277	14.85502	
L	2434202	16		Danouli		LOCALITY	9.9188	14.8887	
L	2434203	09		Danou		LOCALITY	7.70214	16.00866	
L	2434205	01		Dan Manga		LOCALITY	12.92661	18.38674	
L	2434206	19		Danmadjia		LOCALITY	8.45173	17.62041	
L	2434207	01		Dankoutch		LOCALITY	12.9077	19.0256	
L	2434208	05		Dankoutch		LOCALITY	12.6652	19.3713	
L	2434209	01		Dankouch		LOCALITY	12.98431	18.30423	
L	2434210	17		Dankian		LOCALITY	8.946	18.2664	
L	2434211	05		Danki		LOCALITY	11.9107	18.1375	
L	2434213	01		Dankala		LOCALITY	13.13776	17.5954	
L	2434214	19		Dangtoli		LOCALITY	9.01087	17.44914	
L	2434215	19		Dansama		LOCALITY	8.16474	17.82875	
L	2434216	01		Dangoma		LOCALITY	13.151	19.5532	
L	2434217	17		Dangoulou		LOCALITY	8.5188	18.68894	
L	2434218	17		Dangoro		LOCALITY	8.68333	18.3	
L	2434221	16		Dangdar		LOCALITY	10.51349	15.81349	
L	2434222	09		Dangda		LOCALITY	8.62543	16.54636	
L	2434223	01		Dangay		LOCALITY	13.39405	18.70939	
L	2434224	01		Dangaré		LOCALITY	13.08302	17.68104	
L	2434225	17		Danganjin		LOCALITY	9.7093	19.30149	
L	2434226	17		Dangandé		LOCALITY	8.80081	18.5386	
L	2434230	18		Dangaï		LOCALITY	12.13634	17.0492	
L	2434231	05		Adanga		LOCALITY	11.1126	17.9648	
L	2434234	07		Dané Koné		LOCALITY	13.55	14.7	
L	2434235	01		Dandomo		LOCALITY	12.6981	17.14217	
L	2434236	09		Danda		LOCALITY	8.51779	17.139	
L	2434237	16		Danbrin		LOCALITY	9.7367	15.0021	
L	2434239	17		Danamadji		LOCALITY	8.7453	18.5508	
L	2434241	01		Dana		LOCALITY	12.82891	18.15533	
L	2434242	16		Dana		LOCALITY	9.8468	15.3481	
L	2434243	20		Dang		LOCALITY	8.8222	15.3485	
L	2434244	17		Damtar		LOCALITY	10.0203	17.5892	
L	2434247	17		Damraou		LOCALITY	10.0979	17.5851	
L	2434248	01		Damranga		LOCALITY	12.43056	17.36237	
L	2434249	14		Damdou Ngolo		LOCALITY	9.33564	15.96649	
L	2434250	14		Damdou Mbasa		LOCALITY	9.36656	15.97749	
L	2434251	20		Dambri		LOCALITY	9.0979	14.6349	
L	2434252	05		Damboro		LOCALITY	12.27041	18.49143	
L	2434253	07		Dambolo		LOCALITY	13.60563	15.18266	
L	2434254	14		Damblé		LOCALITY	9.3405	16.0592	
L	2434255	16		Dambéré		LOCALITY	9.9262	14.8718	
L	2434256	21		Dembé		DISTRICT	12.10976	15.09719	
L	2434257	15		Damarma		LOCALITY	11.86303	15.1708	
L	2434258	09		Damao		LOCALITY	8.11667	16.45	
L	2434259	20		Kéuni Damongay		LOCALITY	8.7427	15.2691	
L	2434260	14		Danan		LOCALITY	10.0645	16.3053	
L	2434261	19		Damala		LOCALITY	9.27737	17.35989	
L	2434262	09		Damala		LOCALITY	8.63672	16.93117	
L	2434263	15		Damaki		LOCALITY	10.5	16.76667	
L	2434265	16		Dam		LOCALITY	9.36667	15.25	
L	2434266	07		Dam		LOCALITY	8.75	15.38333	
L	2434267	08		Dam		LOCALITY	8.51667	15.36667	
L	2434269	14		Daloueï		LOCALITY	9.6421	15.7526	
L	2434270	14		Dalona		LOCALITY	9.2799	16.2678	
L	2434271	22		Dalok		LOCALITY	13.1731	16.7148	
L	2434273	20		Dalmadou		LOCALITY	8.98333	15.38333	
L	2434274	18		Daldouri		LOCALITY	12.96199	15.40094	
L	2434277	14		Dalé		LOCALITY	9.2014	15.9909	
L	2434278	15		Dalborno		LOCALITY	11.03606	15.90976	
L	2434280	01		Dalatré		LOCALITY	13.66667	19.73333	
L	2434281	05		Dalao		LOCALITY	12.36711	18.83383	
L	2434282	16		Domo Dalao		LOCALITY	9.57271	15.63284	
L	2434283	05		Dalan		LOCALITY	12.1808	19.0808	
L	2434284	15		Dalala		LOCALITY	10.7441	16.7228	
L	2434285	15		Dalala		LOCALITY	10.7623	16.708	
L	2434287	01		Dalakina		LOCALITY	13.33333	19.88333	
L	2434288	01		Dalakéna I		LOCALITY	13.46616	19.6653	
L	2434296	17		Dakono		LOCALITY	8.5666	18.6034	
L	2434299	18		Daka		LOCALITY	12.98489	16.70185	
L	2434300	07		Dairé		LOCALITY	13.34743	15.43383	
L	2434301	16		Daï		LOCALITY	9.9865	15.2469	
L	2434302	19		Dahili		LOCALITY	8.0013	17.7691	
L	2434304	19		Daguilé		LOCALITY	8.81667	17.35	
L	2434305	05		Daguéla		LOCALITY	10.64576	18.44626	
L	2434306	05		Dagour		LOCALITY	11.76148	19.04243	
L	2434307	13		Dagour		LOCALITY	11.2449	19.4921	
L	2434308	18		Dagori		LOCALITY	12.97007	15.68983	
L	2434310	15		Dagoka		LOCALITY	11.92879	15.12921	
L	2434311	20		Daguirki		LOCALITY	9.2226	14.6233	
L	2434315	06		Dagilom		LOCALITY	14.10379	14.07576	
L	2434317	17		Dagigona		LOCALITY	9.05407	19.21353	
L	2434319	06		Dagé		LOCALITY	14.45626	15.50303	
L	2434322	09		Dagbao		LOCALITY	7.6508	15.8854	
L	2434325	18		Dagana Kanfa		LOCALITY	12.98156	15.76615	
L	2434329	01		Daga		LOCALITY	12.76278	17.71734	
L	2434330	05		Daga		LOCALITY	11.3641	18.7151	
L	2434331	05		Dafra		LOCALITY	11.8047	19.063	
L	2434332	14		Dafra		LOCALITY	9.0556	15.6065	
L	2434335	01		Dafadé		LOCALITY	13.0235	18.3341	
L	2434336	16		Dafa		LOCALITY	10.51998	15.27891	
L	2434337	05		Dadouar		LOCALITY	12.15828	18.46462	
L	2434338	08		Dadjilé		LOCALITY	9.06723	15.99534	
L	2434339	08		Dadjilé II		LOCALITY	9.11667	16.01667	
L	2434340	08		Dadjilé		LOCALITY	9.0972	16.0278	
L	2434341	14		Dadji I		LOCALITY	9.46167	16.03431	
L	2434342	14		Dadji		LOCALITY	9.509	16.0235	
L	2434343	14		Dadji		LOCALITY	9.43948	15.68047	
L	2434344	20		Dâdi		LOCALITY	8.9797	15.3562	
L	2434345	15		Daday		LOCALITY	11.5204	16.1285	
L	2434347	19		Daboutou		LOCALITY	8.31387	17.52481	
L	2434348	07		Dabourom		LOCALITY	13.33333	14.71667	
L	2434354	07		Dabou		LOCALITY	13.81667	14.53333	
L	2434355	16		Dabla		LOCALITY	10.87378	15.46791	
L	2434356	18		Dabakaray		LOCALITY	12.64965	15.62414	
L	2434359	14		Dabgué Ngolo		LOCALITY	9.26883	16.17524	
L	2434360	14		Dabgué Mbassa		LOCALITY	9.2491	16.1828	
L	2434361	14		Dabgué Golo		LOCALITY	9.31667	16.15	
L	2434362	14		Dabgué Bassa		LOCALITY	9.3	16.15	
L	2434365	16		Dabela		LOCALITY	10.8942	15.52367	
L	2434366	13		Dabdabaya		LOCALITY	11.5495	19.8803	
L	2434367	05		Dabazin		LOCALITY	12.7528	19.4863	
L	2434368	01		Daba Asi Féra		LOCALITY	13.1819	18.2425	
L	2434372	05		Dabara		LOCALITY	11.4982	18.7301	
L	2434374	16		Dabana		LOCALITY	9.8594	15.5192	
L	2434376	05		Dabakay Soféra		LOCALITY	11.0656	17.971	
L	2434377	05		Dabaka		LOCALITY	10.9451	18.541	
L	2434378	17		Doouada		LOCALITY	9.1393	18.3185	
L	2434379	01		Daba		LOCALITY	13.2137	18.2493	
L	2434380	16		Daba		LOCALITY	10.22716	15.42164	
L	2434381	16		Daba		LOCALITY	9.842	15.0499	
L	2434382	19		Dobo		LOCALITY	8.42626	17.52126	
L	2434386	06		Da		LOCALITY	14.16154	14.30613	
L	2434387	09		Cotonfranc		LOCALITY	7.95	15.76667	
L	2434391	06		Choukirom		LOCALITY	13.52352	15.734	
L	2434393	01		Choudran		LOCALITY	13.09333	19.53449	
L	2434397	18		Chouarom		LOCALITY	13.17595	15.38922	
L	2434406	05		Chobo		LOCALITY	10.76682	18.50241	
L	2434410	01		Chiréribe		LOCALITY	12.94261	18.84143	
L	2434411	05		Chinguil		LOCALITY	10.5579	18.9674	
L	2434412	05		Chingéat		LOCALITY	12.7934	19.7277	
L	2434415	06		Chilongoro		LOCALITY	13.9483	15.43718	
L	2434416	15		Chilo		LOCALITY	11.7823	15.24537	
L	2434421	22		Chiléké		LOCALITY	13.86632	15.62898	
L	2434424	01		Chiguek		LOCALITY	13.5462	19.5898	
L	2434425	01		Chiguék		LOCALITY	13.3686	19.1177	
L	2434426	01		Chiguek		LOCALITY	13.33333	19.15	
L	2434427	05		Chignet		LOCALITY	10.8657	17.3623	
L	2434428	01		Chigégé		LOCALITY	13.08392	17.47809	
L	2434429	06		Chigé		LOCALITY	14.29477	14.17323	
L	2434437	01		Chibina		LOCALITY	13.1445	18.5354	
L	2434438	18		Chibina		LOCALITY	12.29766	15.50177	
L	2434439	15		Chibina		LOCALITY	12.20696	15.61358	
L	2434443	18		Cherek el Balbout		LOCALITY	12.69654	14.96356	
L	2434446	06		Chérap		LOCALITY	13.45868	15.61065	
L	2434447	01		Cherafa		LOCALITY	13.2552	18.3073	
L	2434451	01		Chemité Kormol		LOCALITY	13.2702	19.6777	
L	2434454	01		Chellala		LOCALITY	12.54104	17.36311	
L	2434455	18		Chéké		LOCALITY	11.6794	16.9615	
L	2434456	22		Chek Brahim		LOCALITY	13.85349	15.67187	
L	2434459	01		Chéhéfé		LOCALITY	13.822	19.4793	
L	2434461	01		Chérim		LOCALITY	13.1226	19.5369	
L	2434464	18		Chedide		LOCALITY	12.77538	14.92396	
L	2434465	05		Chédidé		LOCALITY	12.4133	19.1184	
L	2434466	22		Chèddra		LOCALITY	13.4427	16.0507	
L	2434470	18		Chébaya		LOCALITY	12.41667	17.1	
L	2434472	22		Chaway		LOCALITY	13.85166	15.81383	
L	2434473	18		Chaway		LOCALITY	13.07315	15.59442	
L	2434476	05		Chaten		LOCALITY	12.8725	19.9526	
L	2434479	13		Charati Sélimié		LOCALITY	10.2251	19.8575	
L	2434480	13		Charati Gato		LOCALITY	10.2427	19.8762	
L	2434481	13		Charati Bobo		LOCALITY	10.2126	19.8471	
L	2434483	09		Charakeyer		LOCALITY	8.18333	15.58333	
L	2434484	18		Charkaya		LOCALITY	12.47327	15.0923	
L	2434487	01		Chaoua		LOCALITY	13.0136	18.9452	
L	2434488	15		Chaoua		LOCALITY	12.21404	16.03676	
L	2434490	05		Chaorang		LOCALITY	12.3147	19.1779	
L	2434491	21		Chankrous		LOCALITY	12.14099	15.0746	
L	2434492	01		Chandjone		LOCALITY	13.86667	19.21667	
L	2434493	15		Chambéré		LOCALITY	10.95	15.71667	
L	2434497	06		Chalfat		LOCALITY	13.7212	15.66531	
L	2434501	21		Chagoua		DISTRICT	12.09775	15.09529	
L	2434504	01		Chafok		LOCALITY	13.30853	19.82925	
L	2434505	01		Chafok		LOCALITY	13.14807	17.41905	
L	2434509	18		Chabakari		LOCALITY	12.99745	15.76405	
L	2434513	09		Ce I		LOCALITY	8.01667	15.71667	
L	2434514	05		Sehebay		LOCALITY	12.08826	17.56279	
L	2434515	09		Carré Ndjou		LOCALITY	7.9	17.2	
L	2434516	19		Carré Koldaga		LOCALITY	7.96667	17.28333	
L	2434517	19		Carré Koldaga		LOCALITY	7.95	17.25	
L	2434518	19		Carré Koldaga		LOCALITY	7.93333	17.23333	
L	2434519	19		Carré de Sana		LOCALITY	8.11667	17.55	
L	2434520	19		Carré de Békourou		LOCALITY	8.08333	17.46667	
L	2434521	01		Cahet		LOCALITY	13.13333	19.41667	
L	2434522	06		By		LOCALITY	14.41213	15.35617	
L	2434523	07		Broumbia		LOCALITY	13.55	14.33333	
L	2434525	14		Broum		LOCALITY	9.16893	16.06139	
L	2434529	07		Broudou		LOCALITY	13.62617	15.33201	
L	2434532	22		Britou		LOCALITY	13.88134	15.90626	
L	2434540	18		Brerié		LOCALITY	12.06667	17.13732	
L	2434541	01		Brére		LOCALITY	12.98851	18.25493	
L	2434544	01		Bir Bréka		LOCALITY	13.4738	17.3514	
L	2434545	01		Brégué Sérir		LOCALITY	13.174	19.6251	
L	2434546	01		Brégué Kébir		LOCALITY	13.1587	19.6303	
L	2434548	07		Bréa		LOCALITY	13.56264	14.88362	
L	2434549	07		Bréa		LOCALITY	13.55	14.9	
L	2434550	18		Brayarom		LOCALITY	13.04648	15.68806	
L	2434551	14		Bratoutoum		LOCALITY	9.1681	16.6485	
L	2434553	07		Brandal		LOCALITY	13.46667	14.8	
L	2434556	19		Brakaba		LOCALITY	8.1857	17.3995	
L	2434557	14		Brague		LOCALITY	9.7258	16.7329	
L	2434563	01		Boyo		LOCALITY	12.85851	18.85083	
L	2434564	07		Boyinti		LOCALITY	13.66257	15.17552	
L	2434565	19		Boyégué II		LOCALITY	9.28633	17.39505	
L	2434566	19		Boyégué I		LOCALITY	9.28053	17.38113	
L	2434567	17		Boyama		LOCALITY	9.3125	19.3159	
L	2434570	06		Bouya		LOCALITY	13.54748	15.5198	
L	2434571	06		Boutounoukou		LOCALITY	13.62589	15.82177	
L	2434573	15		Boutouloum		LOCALITY	11.99207	15.15975	
L	2434574	06		Boutoukoli		LOCALITY	13.38583	15.62474	
L	2434575	19		Boutou		LOCALITY	8.813	17.3468	
L	2434576	21		Bout el Wali		LOCALITY	12.18333	14.96667	
L	2434577	18		Bout-el Fil		LOCALITY	12.5749	14.94867	
L	2434579	15		Bouta Moko		LOCALITY	11.23202	15.79242	
L	2434580	15		Boutadoulba		LOCALITY	11.11241	15.66984	
L	2434583	20		Boussono		LOCALITY	9.15	15.28333	
L	2434584	15		Bousso	بوسو	LOCALITY	10.48473	16.71076	16732
L	2434586	16		Boussemou		LOCALITY	10.8277	15.18755	
L	2434588	07		Bousayidi		LOCALITY	13.54799	15.31425	
L	2434593	05		Bourzan		LOCALITY	11.8917	18.8193	
L	2434594	05		Bourtillé		LOCALITY	12.2638	19.0742	
L	2434598	17		Bourndéen		LOCALITY	9.06033	18.18829	
L	2434599	14		Broumti		LOCALITY	9.1764	16.4838	
L	2434602	06		Bouroula		LOCALITY	13.27901	15.83419	
L	2434604	08		Bourou II		LOCALITY	9	15.46667	
L	2434605	08		Bourrou		LOCALITY	8.9453	15.4296	
L	2434606	06		Bouroudou		LOCALITY	13.94825	15.55743	
L	2434609	06		Bouroua		LOCALITY	14.08271	15.20365	
L	2434615	15		Bourou	بورو	LOCALITY	11.80639	15.46292	
L	2434616	15		Bourou	بورو	LOCALITY	11.78127	15.43248	
L	2434617	08		Bourou		LOCALITY	9.053	16.3578	
L	2434618	19		Bourou		LOCALITY	8.65722	17.64894	
L	2434619	07		Bourom		LOCALITY	13.50213	15.3895	
L	2434621	26		Bouro		LOCALITY	21.11667	17.41667	
L	2434622	16		Bournoul		LOCALITY	10.22717	16.02399	
L	2434624	06		Bourni		LOCALITY	14.06102	15.34869	
L	2434625	18		Bourni		LOCALITY	13.12937	15.61371	
L	2434626	06		Bournak		LOCALITY	13.83786	15.6163	
L	2434628	14		Bourmaye		LOCALITY	9.4311	16.5684	
L	2434629	13		Bourmataguil		LOCALITY	11.5427	19.073	
L	2434631	06		Bourmanga		LOCALITY	13.9098	15.40496	
L	2434633	16		Bourlo		LOCALITY	10.8	15.46667	
L	2434649	16		Bourdiou		LOCALITY	10.89261	15.37981	
L	2434653	07		Bourboura		LOCALITY	13.50334	15.44696	
L	2434657	21		Bourbeydé		LOCALITY	12.2	14.98333	
L	2434658	15		Bourbari		LOCALITY	11.81644	15.24008	
L	2434660	18		Bouraro		LOCALITY	12.99096	15.81486	
L	2434662	15		Bouram		LOCALITY	11.01491	15.906	
L	2434665	15		Bounjolé		LOCALITY	10.89465	15.67808	
L	2434667	17		Bouni		LOCALITY	10.05983	19.47746	
L	2434668	15		Boungtabé		LOCALITY	10.5644	16.90273	
L	2434669	15		Boungoum		LOCALITY	11.6807	15.17266	
L	2434670	15		Boungoulti		LOCALITY	10.5856	16.942	
L	2434675	07		Bounati		LOCALITY	13.62872	15.14551	
L	2434676	07		Bounanay		LOCALITY	13.69824	15.15095	
L	2434678	19		Bouna		LOCALITY	8.49325	17.4274	
L	2434679	17		Boum Sagher		LOCALITY	10.1679	19.3876	
L	2434681	19		Boumou		LOCALITY	7.8979	17.4405	
L	2434683	14		Boumo		LOCALITY	9.6073	16.0848	
L	2434684	08		Boumou		LOCALITY	9.0117	16.497	
L	2434685	17		Boum Kabir		LOCALITY	10.1804	19.391	
L	2434686	05		Bombouri		LOCALITY	10.4057	18.9989	
L	2434687	06		Boultoa		LOCALITY	13.79627	15.53107	
L	2434691	06		Boulounkou		LOCALITY	14.15666	15.77565	
L	2434692	06		Boulounkou		LOCALITY	14.15	14.78333	
L	2434695	18		Bouloumi		LOCALITY	13.0162	16.8035	
L	2434697	16		Bouloum Bouloum		LOCALITY	10.35017	15.75482	
L	2434698	18		Bou Loulou		LOCALITY	12.28671	16.99308	
L	2434699	06		Bouloul		LOCALITY	13.26453	15.69221	
L	2434700	07		Boulou II		LOCALITY	13.58494	15.02418	
L	2434703	07		Boulou		LOCALITY	13.59272	15.04867	
L	2434706	07		Boulonkou Yako		LOCALITY	13.50639	15.41949	
L	2434708	07		Boulongwa		LOCALITY	13.35	15.21667	
L	2434709	06		Boulongoa		LOCALITY	13.65926	15.6804	
L	2434711	22		Boulokalé		LOCALITY	13.18556	15.92456	
L	2434712	22		Boulo Gayemi		LOCALITY	13.19677	15.93473	
L	2434713	01		Boulkonoro		LOCALITY	13.05283	17.6651	
L	2434714	22		Boulkoa		LOCALITY	13.87756	15.7218	
L	2434715	22		Boulkoa		LOCALITY	13.86168	15.71377	
L	2434718	07		Boulen		LOCALITY	13.45	14.31667	
L	2434720	16		Boulèmbali		LOCALITY	9.9386	14.9853	
L	2434723	06		Boulbiré		LOCALITY	13.46177	15.78649	
L	2434724	06		Boula Yordé		LOCALITY	14.23515	15.16485	
L	2434725	06		Boula Toukouli		LOCALITY	14.21838	15.18981	
L	2434726	06		Boula Tambala		LOCALITY	13.17302	15.86393	
L	2434727	06		Boula Soula		LOCALITY	13.36692	15.92972	
L	2434730	20		Boularé		LOCALITY	9.9208	14.5682	
L	2434732	06		Boulangou Drouna		LOCALITY	13.6192	15.61008	
L	2434734	06		Boula Ngara		LOCALITY	14.05595	15.21879	
L	2434735	15		Boulamid		LOCALITY	11.275	16.2674	
L	2434737	06		Boula Kroui		LOCALITY	14.02355	15.19051	
L	2434738	18		Boula Kouka		LOCALITY	13.08887	15.56169	
L	2434741	06		Boula Fodou		LOCALITY	14.25394	15.15718	
L	2434742	06		Boula Bousou		LOCALITY	13.56372	15.75192	
L	2434743	18		Boula Bousou		LOCALITY	13.04368	15.73734	
L	2434744	15		Boulaboumtoko		LOCALITY	11.6716	16.3418	
L	2434745	15		Boula Bouda		LOCALITY	11.126	16.0851	
L	2434746	06		Boulaboro		LOCALITY	14.02889	15.55809	
L	2434747	06		Boula Bilim		LOCALITY	13.86364	15.09738	
L	2434748	06		Boula		LOCALITY	14.26677	15.16981	
L	2434751	05		Boul		LOCALITY	12.25977	17.60661	
L	2434752	07		Boul		LOCALITY	14.10049	13.9215	
L	2434754	15		Boukta		LOCALITY	11.279	17.2593	
L	2434755	05		Boukouyou		LOCALITY	11.936	18.2176	
L	2434757	19		Boukenaoua II		LOCALITY	8.05228	17.81508	
L	2434758	19		Boukenaoua I		LOCALITY	8.0663	17.80862	
L	2434759	19		Boukénaoua		LOCALITY	8.06667	17.8	
L	2434762	07		Boui		LOCALITY	13.53641	15.13015	
L	2434763	16		Bougui		LOCALITY	9.63333	15.11667	
L	2434765	07		Bougourou		LOCALITY	13.4	14.46667	
L	2434766	16		Bougourou		LOCALITY	9.9094	15.4614	
L	2434767	07		Bougourmi		LOCALITY	13.41667	14.65	
L	2434768	15		Bougourmari		LOCALITY	11.30241	15.45846	
L	2434769	05		Bougounou		LOCALITY	11.3467	18.0791	
L	2434770	15		Bougouna		LOCALITY	11.81138	15.25572	
L	2434771	16		Bougouna		LOCALITY	9.75	15.78333	
L	2434772	15		Bougoumoro		LOCALITY	10.83333	16.01667	
L	2434773	15		Bougoumène		LOCALITY	11.46857	15.33475	
L	2434774	15		Bougoumène		LOCALITY	11.45934	15.35624	
L	2434775	15		Bougoumasa		LOCALITY	11.8113	15.84605	
L	2434776	15		Bougoumasa		LOCALITY	11.676	16.322	
L	2434777	15		Bougouda		LOCALITY	11.4804	16.6626	
L	2434779	05		Bougou		LOCALITY	11.98666	18.74211	
L	2434782	14		Bougdang		LOCALITY	9.06482	15.61157	
L	2434783	20		Bougaraou		LOCALITY	9.5506	14.7869	
L	2434784	15		Bougal		LOCALITY	11.43734	15.92592	
L	2434785	09		Bouga		LOCALITY	8.17183	15.59386	
L	2434789	06		Boudouté		LOCALITY	13.91667	14.95	
L	2434792	16		Boudougour		LOCALITY	10.58862	15.5499	
L	2434793	05		Boudou		LOCALITY	12.56351	18.47803	
L	2434794	15		Boudordjo		LOCALITY	11.6044	16.0464	
L	2434799	05		Boudia		LOCALITY	11.1744	17.8124	
L	2434801	15		Boudamasa		LOCALITY	10.89784	16.73444	
L	2434802	15		Boudadjoujou		LOCALITY	11.19299	15.9637	
L	2434803	15		Boudabogo Fellati II		LOCALITY	10.8546	16.4888	
L	2434804	15		Boudabogo Fellati I		LOCALITY	10.8892	16.4889	
L	2434805	15		Boudabogo Bornou		LOCALITY	10.87271	16.49026	
L	2434806	15		Bougour		LOCALITY	10.5241	17.0493	
L	2434807	15		Boubour		LOCALITY	10.4833	17.0782	
L	2434808	14		Bouboul		LOCALITY	9.6214	15.7445	
L	2434809	19		Boubo		LOCALITY	8.87311	17.95678	
L	2434810	15		Boubagorguel		LOCALITY	11.0067	15.94555	
L	2434812	16		Bouassala		LOCALITY	11.04951	15.27099	
L	2434814	08		Bouariguèm		LOCALITY	8.5957	15.4572	
L	2434816	08		Bouanhii		LOCALITY	8.56339	15.3153	
L	2434817	17		Bouane		LOCALITY	9.92233	17.66552	
L	2434818	08		Bouamar		LOCALITY	8.4142	15.4503	
L	2434820	16		Bouam		LOCALITY	10.69352	15.2141	
L	2434821	08		Bouado		LOCALITY	8.2854	15.5946	
L	2434822	09		Bouado		LOCALITY	8.2121	15.5743	
L	2434824	07		Boua		LOCALITY	13.38333	15.1	
L	2434829	01		Boton el Fil		LOCALITY	13.1808	18.5686	
L	2434830	09		Botolbo		LOCALITY	7.71044	16.96425	
L	2434831	09		Bitoï II		LOCALITY	7.5895	15.5856	
L	2434832	09		Bitoï I		LOCALITY	7.5567	15.5654	
L	2434833	07		Botoa		LOCALITY	13.62206	15.02241	
L	2434834	06		Botoa		LOCALITY	13.31414	15.62847	
L	2434835	06		Botoa		LOCALITY	13.31117	15.57991	
L	2434836	06		Botoa		LOCALITY	13.27831	15.5801	
L	2434837	09		Botiou		LOCALITY	7.8669	15.6035	
L	2434839	05		Boté		LOCALITY	11.6399	18.4972	
L	2434841	06		Bosowari		LOCALITY	13.32066	15.70576	
L	2434847	08		Boroy		LOCALITY	8.72978	16.49644	
L	2434852	15		Borotche		LOCALITY	11.16558	15.75148	
L	2434853	09		Borom II		LOCALITY	8.18333	15.51667	
L	2434854	09		Bouroum I		LOCALITY	8.1929	15.4947	
L	2434855	19		Borom		LOCALITY	9.32738	17.63096	
L	2434857	22		Boroiam		LOCALITY	13.92025	15.68628	
L	2434859	05		Borofani		LOCALITY	10.9437	17.6787	
L	2434862	17		Boro		LOCALITY	8.8801	18.3657	
L	2434863	09		Boro		LOCALITY	8.56667	16.21667	
L	2434864	09		Boro		LOCALITY	8.44807	16.87732	
L	2434865	09		Boro		LOCALITY	8.41742	16.21172	
L	2434866	09		Boro		LOCALITY	8.4	16.2	
L	2434870	19		Bormane		LOCALITY	9.29323	17.15853	
L	2434872	01		Borlolo		LOCALITY	13.10366	18.53373	
L	2434878	18		Borizaria		LOCALITY	12.9098	15.43029	
L	2434879	06		Bori		LOCALITY	13.78425	15.37457	
L	2434882	17		Borgoto		LOCALITY	9.2157	19.207	
L	2434884	14		Bordo		LOCALITY	9.4715	16.8326	
L	2434885	14		Bordou		LOCALITY	9.41667	16.81667	
L	2434886	09		Borbouay		LOCALITY	8.21164	15.44208	
L	2434889	06		Bora		LOCALITY	14.07242	15.21495	
L	2434890	16		Bor		LOCALITY	10.6197	16.1227	
L	2434891	16		Bor		LOCALITY	10.59758	16.11305	
L	2434892	16		Bor		LOCALITY	10.50331	15.96483	
L	2434896	18		Bohobrié		LOCALITY	12.6351	14.85289	
L	2434899	05		Bonio-Komi		LOCALITY	10.7143	17.6037	
L	2434901	08		Bonguigni		LOCALITY	8.58333	15.35	
L	2434902	16		Bongoursé		LOCALITY	10.3	16.1	
L	2434903	16		Bongor Siéké		LOCALITY	10.23333	15.41667	
L	2434904	14		Bongor Madbo		LOCALITY	9.34905	15.75446	
L	2434905	06		Bongori		LOCALITY	13.33747	15.75265	
L	2434906	16		Bongor Hahanga		LOCALITY	9.72366	15.22466	
L	2434907	16		Bongor Guien		LOCALITY	9.69296	15.21554	
L	2434908	06		Bongorey		LOCALITY	13.61837	15.54288	
L	2434909	06		Bongorey		LOCALITY	13.58993	15.5644	
L	2434910	16		Bongor	بنقور	CITY	10.28088	15.37425	63699
L	2434911	14		Bongor		LOCALITY	9.3647	15.702	
L	2434915	09		Bongmara		LOCALITY	8.01078	16.67829	
L	2434916	08		Bondo		LOCALITY	8.51667	15.78333	
L	2434917	18		Bondéri		LOCALITY	13.17854	15.71918	
L	2434920	05		Bon		LOCALITY	10.6938	19.4794	
L	2434922	09		Bomolo		LOCALITY	9.03627	16.75572	
L	2434923	16		Bomélé		LOCALITY	9.8	15.15	
L	2434924	15		Bomboyo		LOCALITY	12.01541	15.46316	
L	2434925	18		Bombom		LOCALITY	13.10308	15.16553	
L	2434927	18		Boltrom		LOCALITY	13.05961	15.55353	
L	2434929	07		Boltirom		LOCALITY	13.61667	14.95	
L	2434930	07		Boltirom		LOCALITY	13.6	14.9	
L	2434931	07		Boltirom		LOCALITY	13.22553	15.35505	
L	2434933	06		Boltini		LOCALITY	13.3194	15.61093	
L	2434935	07		Bolosidi		LOCALITY	13.47558	15.38602	
L	2434936	07		Bolorom		LOCALITY	13.50205	15.22911	
L	2434937	20		Boloro		LOCALITY	9.5561	14.1842	
L	2434938	05		Bolong		LOCALITY	12.04876	17.74218	
L	2434939	22		Bolongo		LOCALITY	13.4162	16.3849	
L	2434946	16		Boloko		LOCALITY	10.31667	15.7	
L	2434947	14		Bologo Madang		LOCALITY	9.14864	15.83344	
L	2434948	17		Bologadjia		LOCALITY	9.51667	18.25	
L	2434950	09		Bolobo		LOCALITY	8.44261	16.64688	
L	2434951	07		Boloanda		LOCALITY	13.58333	14.41667	
L	2434953	14		Bolo		LOCALITY	9.3264	16.036	
L	2434958	07		Boli		LOCALITY	13.63818	15.34211	
L	2434959	05		Boli		LOCALITY	10.83084	18.69827	
L	2434960	17		Boli		LOCALITY	9.53705	18.47787	
L	2434961	16		Bolgué		LOCALITY	10.16667	15.61667	
L	2434962	07		Bol Gini		LOCALITY	13.5	14.7	
L	2434963	07		Bol Gini		LOCALITY	13.48333	14.7	
L	2434964	17		Bolgaba		LOCALITY	9.28156	19.09805	
L	2434966	18		Boleati		LOCALITY	13.0938	15.78416	
L	2434967	18		Boléati		LOCALITY	13.01931	15.70303	
L	2434971	17		Bolbissi		LOCALITY	9.5509	18.9542	
L	2434973	19		Bolati I		LOCALITY	9.33956	17.39055	
L	2434976	05		Bola		LOCALITY	12.10491	18.79683	
L	2434977	15		Bola		LOCALITY	10.3996	16.1962	
L	2434978	07		Bol		LOCALITY	13.5	14.68333	
L	2434979	07		Bol	بول	CITY	13.46729	14.71352	51389
L	2434980	16		Bol		LOCALITY	10.5372	15.79845	
L	2434981	07		Bol		LOCALITY	7.6722	15.95	
L	2434983	15		Bokoyo		LOCALITY	11.97275	15.58413	
L	2434984	17		Bokoyo		LOCALITY	8.74177	18.13603	
L	2434985	18		Bokoro	بوكورو	LOCALITY	12.37813	17.05876	26095
L	2434988	17		Bogodji		LOCALITY	9.4752	18.7944	
L	2434989	15		Bokie		LOCALITY	11.12748	15.70516	
L	2434990	15		Bokery		LOCALITY	11.26018	15.79192	
L	2434991	15		Bokari		LOCALITY	11.07814	15.84355	
L	2434992	05		Bokare		LOCALITY	12.16861	18.37963	
L	2434997	17		Bohobé		LOCALITY	9.46925	18.38529	
L	2434999	17		Bohé		LOCALITY	9.82399	18.86145	
L	2435000	15		Bokrom		LOCALITY	11.05208	15.45255	
L	2435001	05		Bogron		LOCALITY	12.15912	18.43396	
L	2435002	16		Bogoye		LOCALITY	11.04116	15.42867	
L	2435006	15		Bogoude		LOCALITY	11.17935	15.17939	
L	2435012	15		Bogomoro		LOCALITY	10.80881	15.99564	
L	2435013	09		Bogomia II		LOCALITY	7.7678	15.6808	
L	2435014	09		Bogomia I		LOCALITY	7.7962	15.6682	
L	2435017	15		Bogom		LOCALITY	11.16957	15.18576	
L	2435018	14		Bologo		LOCALITY	9.14492	15.79667	
L	2435019	06		Bogoley		LOCALITY	14.47597	15.3701	
L	2435020	06		Bogolé		LOCALITY	14.19354	15.09475	
L	2435021	16		Bogodo		LOCALITY	10.08333	15.96667	
L	2435023	01		Bogo		LOCALITY	13.05777	17.46072	
L	2435024	16		Bogo		LOCALITY	9.8942	15.4088	
L	2435025	16		Bogo		LOCALITY	9.9007	15.4423	
L	2435032	13		Bogand		LOCALITY	11.08333	19.41667	
L	2435038	06		Bodou Tiouloumari		LOCALITY	13.5086	15.73821	
L	2435039	07		Bodou Saïlay		LOCALITY	13.88333	14.25	
L	2435040	14		Bodourr		LOCALITY	9.5933	16.0748	
L	2435042	16		Bodoumey		LOCALITY	9.9386	15.2296	
L	2435043	07		Boudou Manga		LOCALITY	13.79153	14.3141	
L	2435044	07		Bodou Koura		LOCALITY	13.6	14.71667	
L	2435046	15		Bodougour		LOCALITY	11.00625	15.61357	
L	2435047	06		Bodoufara		LOCALITY	14.6498	14.43506	
L	2435048	07		Bodou Bourboura		LOCALITY	13.83333	14.28333	
L	2435049	07		Bougourmi		LOCALITY	13.40206	14.6653	
L	2435051	20		Bodoro		LOCALITY	9.8282	14.1351	
L	2435052	15		Bodor		LOCALITY	11.2169	16.4745	
L	2435053	16		Bodongol		LOCALITY	10.07807	15.96484	
L	2435054	14		Bodo Mandal		LOCALITY	9.16819	15.71039	
L	2435057	05		Bodom		LOCALITY	12.43333	18.36667	
L	2435058	14		Bodo Kakray		LOCALITY	9.2016	15.6676	
L	2435059	17		Bodobara		LOCALITY	8.916	18.8528	
L	2435060	15		Bodo		LOCALITY	11.78701	15.71496	9598
L	2435061	19		Bodo		LOCALITY	8.4	17.75	
L	2435062	09		Bodo		LOCALITY	8.28338	17.13803	
L	2435063	08		Badjino		LOCALITY	9.0761	16.31	
L	2435064	07		Bodji		LOCALITY	13.41667	14.46667	
L	2435065	09		Bodjama		LOCALITY	8.3993	16.31935	
L	2435068	06		Bodiri		LOCALITY	13.18636	15.84498	
L	2435070	06		Bodianga		LOCALITY	14.3894	15.31717	
L	2435071	14		Bodési		LOCALITY	9.396	15.7355	
L	2435072	14		Bodési		LOCALITY	9.39819	15.75529	
L	2435073	07		Bodérom		LOCALITY	14.18874	13.72023	
L	2435078	15		Bodagolé		LOCALITY	11.5874	16.0685	
L	2435079	15		Boda		LOCALITY	10.55	16.28333	
L	2435085	18		Bocha		LOCALITY	12.49528	16.03522	
L	2435086	15		Bocha		LOCALITY	12.18727	15.99808	
L	2435087	22		Bobwil Karoua		LOCALITY	13.1936	16.0461	
L	2435097	05		Bobo		LOCALITY	11.8218	18.1013	
L	2435098	09		Bébïnda		LOCALITY	8.35896	16.43889	
L	2435100	09		Bobi		LOCALITY	8.0068	15.6981	
L	2435101	09		Bobemaïn		LOCALITY	8.65	16.61667	
L	2435102	13		Bobèch Sagher		LOCALITY	10.1683	19.7468	
L	2435103	13		Bobèch Kabir		LOCALITY	10.1594	19.7714	
L	2435105	19		Dobadéné		LOCALITY	8.4945	17.7301	
L	2435106	15		Boay		LOCALITY	10.6925	16.23954	
L	2435107	17		Boari		LOCALITY	9.65833	17.75222	
L	2435108	09		Béakagué		LOCALITY	8.2377	15.6479	
L	2435112	15		Bledaya		LOCALITY	12.67989	14.9386	
L	2435113	06		Blatougli		LOCALITY	14.22413	15.18243	
L	2435114	07		Blarigi		LOCALITY	13.43333	14.38333	
L	2435115	06		Blari		LOCALITY	13.77941	15.44977	
L	2435118	07		Blaganamiril		LOCALITY	13.4	14.48333	
L	2435119	06		Bladjiri		LOCALITY	13.76103	15.48765	
L	2435120	06		Bladjil		LOCALITY	13.7655	15.48136	
L	2435123	16		Bizimou		LOCALITY	10.83864	15.23288	
L	2435124	05		Bitkine	بتكين	LOCALITY	11.9801	18.2138	41871
L	2435126	14		Bilikim		LOCALITY	9.16166	15.92547	
L	2435127	09		Bitènda		LOCALITY	8.67318	16.62801	
L	2435128	09		Bitenda		LOCALITY	8.50488	17.12952	
L	2435129	09		Bitanda		LOCALITY	8.3117	16.2682	
L	2435131	05		Bitchotchi Tchaka		LOCALITY	12.8387	19.5687	
L	2435132	05		Bitchotchi Himéra		LOCALITY	12.7919	19.5886	
L	2435133	05		Bitchotchi Doungous		LOCALITY	12.8335	19.5618	
L	2435134	07		Bitchilom		LOCALITY	13.31667	14.65	
L	2435135	15		Bitcheï		LOCALITY	12.1691	15.6072	
L	2435136	09		Bitao		LOCALITY	7.6254	15.7919	
L	2435137	15		Bitalbagara		LOCALITY	11.07931	15.59969	
L	2435139	09		Bissimangou		LOCALITY	8.23333	15.75	
L	2435142	16		Bissi		LOCALITY	10.82195	15.31526	
L	2435143	16		Bisi		LOCALITY	9.7257	15.0925	
L	2435144	16		Biséo I		LOCALITY	9.7579	15.0179	
L	2435145	09		Besseï		LOCALITY	9.02246	16.63439	
L	2435147	08		Bisouadog		LOCALITY	8.6	15.55	
L	2435148	20		Bisso		LOCALITY	9.4963	14.6197	
L	2435149	18		Bisney		LOCALITY	12.65684	16.16997	
L	2435150	20		Bissi Yèlsina		LOCALITY	9.2599	14.625	
L	2435151	20		Bissi Mafou		LOCALITY	9.3719	14.6098	
L	2435152	20		Bissi Kéda		LOCALITY	9.2648	14.5992	
L	2435153	18		Bissi		LOCALITY	12.38011	15.72447	
L	2435154	16		Bisséo II		LOCALITY	9.837	14.8681	
L	2435155	22		Birzaf		LOCALITY	13.83452	15.86509	
L	2435158	06		Bir Somo		LOCALITY	13.6479	15.74893	
L	2435161	01		Birni		LOCALITY	12.80471	18.16543	
L	2435162	06		Bir Mafi		LOCALITY	13.85086	15.47498	
L	2435164	06		Bir Louri		LOCALITY	13.89879	15.3899	
L	2435166	01		Birket Fatimé		LOCALITY	12.9068	19.07669	
L	2435167	18		Bir Kérala		LOCALITY	12.84271	15.4032	
L	2435168	18		Bir Kérala		LOCALITY	12.85159	15.33949	
L	2435169	15		Birkel Beïda		LOCALITY	11.4305	17.099	
L	2435173	16		Birim		LOCALITY	10.05	15.7	
L	2435174	17		Birikodjo		LOCALITY	9.2978	18.4239	
L	2435175	22		Bir Gara		LOCALITY	13.18723	15.96777	
L	2435176	22		Bir Fas		LOCALITY	13.20137	17.04814	
L	2435177	16		Bérem Dikna		LOCALITY	9.54592	15.45704	
L	2435178	16		Birem Bollossou		LOCALITY	9.51667	15.4	
L	2435179	01		Bir el Tibin		LOCALITY	13.6857	19.6295	
L	2435180	13		Bir el Ghala		LOCALITY	10.13585	19.82749	
L	2435181	15		Bir el Garap		LOCALITY	11.87173	15.57573	
L	2435182	15		Bir el Garap		LOCALITY	11.85081	15.56822	
L	2435183	01		Biregué		LOCALITY	13.16667	19.63333	
L	2435184	22		Bir Doût		LOCALITY	13.5468	16.3564	
L	2435186	18		Bir Dek		LOCALITY	13.12516	15.96687	
L	2435187	06		Bir Daout		LOCALITY	13.33184	15.80433	
L	2435188	06		Bir Boulo		LOCALITY	13.19393	15.88526	
L	2435189	19		Birboti		LOCALITY	9.26922	17.10246	
L	2435190	06		Bir Basar		LOCALITY	13.89819	15.44909	
L	2435191	18		Bir Barka	أجودول	LOCALITY	12.68759	15.56927	
L	2435193	08		Biramanda		LOCALITY	9.0093	16.1256	
L	2435194	15		Bir al Arab	بئر العرب	LOCALITY	11.7592	15.46629	
L	2435195	06		Bir Alali		LOCALITY	14.42768	15.34849	
L	2435196	08		Biraguirkou		LOCALITY	9.0071	16.1377	
L	2435197	17		Biragoutou		LOCALITY	9.0609	18.4762	
L	2435198	18		Bir Abzet		LOCALITY	12.68333	14.96667	
L	2435205	20		Biparé		LOCALITY	9.6501	14.0018	
L	2435207	17		Biosako		LOCALITY	9.7897	19.3762	
L	2435208	17		Biobé		LOCALITY	9.7852	19.32905	
L	2435209	17		Biobé		LOCALITY	9.63305	19.10043	
L	2435210	14		Bio		LOCALITY	9.1467	16.4518	
L	2435211	06		Binouara		LOCALITY	13.63151	15.48757	
L	2435212	20		Binjom		LOCALITY	9.4	14.66667	
L	2435216	18		Binié		LOCALITY	12.45087	15.15841	
L	2435217	19		Bingueli		LOCALITY	8.9	17.58333	
L	2435218	09		Binguélé		LOCALITY	7.9515	15.6704	
L	2435219	09		Bingor		LOCALITY	7.7103	16.1024	
L	2435220	16		Bingére		LOCALITY	9.63333	15.1	
L	2435222	19		Binganélé		LOCALITY	8.60867	17.15993	
L	2435223	09		Bingamara		LOCALITY	8.7415	16.66003	
L	2435226	05		Binga		LOCALITY	12.68701	18.42973	
L	2435230	09		Bindoye		LOCALITY	7.8337	15.8012	
L	2435231	20		Bindjom		LOCALITY	9.45	14.63333	
L	2435232	08		Binndjadjé Karmann		LOCALITY	8.8922	15.8747	
L	2435233	20		Binder Nairi		LOCALITY	9.5511	14.6227	
L	2435235	20		Binder		LOCALITY	9.9692	14.4676	
L	2435236	19		Bindanga		LOCALITY	8.184	17.3848	
L	2435237	06		Binda		LOCALITY	14.13182	15.45616	
L	2435239	07		Binam		LOCALITY	13.60504	15.2279	
L	2435240	16		Bidanasso		LOCALITY	10.87048	15.65497	
L	2435242	20		Bimourbare		LOCALITY	9.8515	14.2494	
L	2435243	01		Bimi Koubo		LOCALITY	12.82911	18.35953	
L	2435244	01		Bimi		LOCALITY	12.79731	18.22193	
L	2435245	09		Bembaré		LOCALITY	9.03903	16.60109	
L	2435246	09		Bimban-Guer		LOCALITY	7.8	16.11667	
L	2435247	01		Bimanga		LOCALITY	13.06207	17.37026	
L	2435248	09		Bim		LOCALITY	8.27232	15.78175	
L	2435250	01		Bilou		LOCALITY	13.02079	17.57264	
L	2435251	16		Bilou		LOCALITY	9.9334	14.7978	
L	2435252	16		Bilou		LOCALITY	9.9231	14.8086	
L	2435253	15		Bilo		LOCALITY	11.32778	15.49869	
L	2435254	14		Bilma		LOCALITY	9.1918	16.2697	
L	2435257	06		Billa		LOCALITY	14.1091	15.34405	
L	2435258	06		Bilingam		LOCALITY	13.72847	15.4036	
L	2435264	08		Bilibéni		LOCALITY	8.5409	15.489	
L	2435265	16		Biliam Oursi II		LOCALITY	10.58333	15.21667	
L	2435266	16		Biliam Oursi		LOCALITY	10.59114	15.21971	
L	2435267	07		Bili		LOCALITY	13.50605	15.09622	
L	2435268	15		Bili		LOCALITY	11.7114	16.6963	
L	2435269	15		Bili		LOCALITY	11.6982	16.6309	
L	2435270	19		Bili		LOCALITY	8.584	17.873	
L	2435272	15		Biléré		LOCALITY	10.5253	16.3713	
L	2435274	22		Bilé Goani		LOCALITY	13.27437	15.94456	
L	2435276	06		Bilé Dokora		LOCALITY	13.47248	15.69729	
L	2435277	06		Bilé Choukouri		LOCALITY	13.48375	15.6832	
L	2435280	09		Bilbo		LOCALITY	7.83867	17.1846	
L	2435281	13		Bilayo		LOCALITY	11.3522	19.1537	
L	2435282	06		Bilatoa Boulongoa		LOCALITY	13.45622	15.59925	
L	2435283	22		Bilasari		LOCALITY	13.2338	15.96247	
L	2435284	22		Bilanga		LOCALITY	13.93779	15.83989	
L	2435285	15		Bilamtou		LOCALITY	10.61827	16.5254	
L	2435286	15		Bilamtou		LOCALITY	10.60014	16.52787	
L	2435291	14		Bilaka Kéni		LOCALITY	9.07812	15.69546	
L	2435292	14		Bilaka Kéni		LOCALITY	9.05387	15.69843	
L	2435295	15		Bilabou		LOCALITY	11.26627	15.50454	
L	2435296	15		Bilabou		LOCALITY	10.3636	17.4328	
L	2435298	07		Bila		LOCALITY	13.62896	15.25276	
L	2435299	20		Bikouloum		LOCALITY	9.4788	14.4921	
L	2435301	09		Béklbi		LOCALITY	7.79326	16.02964	
L	2435303	16		Bikbéré		LOCALITY	9.9505	14.9215	
L	2435304	01		Bir Ket Fatimé		LOCALITY	13.1122	19.3725	
L	2435305	15		Bihia		LOCALITY	10.5615	16.2639	
L	2435309	16		Bihambal		LOCALITY	11.11802	15.27602	
L	2435311	14		Bigui Négué		LOCALITY	9.39189	15.59097	
L	2435312	14		Bigui Amoula		LOCALITY	9.37109	15.60769	
L	2435314	18		Bigli		LOCALITY	12.8	14.66667	
L	2435316	15		Bigué		LOCALITY	10.64924	16.87997	
L	2435317	15		Bigué		LOCALITY	10.6149	16.8252	
L	2435319	05		Biga		LOCALITY	12.01941	18.72063	
L	2435320	07		Bifou Kengéla		LOCALITY	13.81667	14.26667	
L	2435326	05		Biére		LOCALITY	12.42711	18.21533	
L	2435327	05		Biéré		LOCALITY	11.8175	18.155	
L	2435328	13		Biéré		LOCALITY	10.5004	19.7758	
L	2435330	14		Biecou		LOCALITY	9.11667	16.48333	
L	2435331	15		Bidri II		LOCALITY	11.55	16.2	
L	2435332	15		Bidri		LOCALITY	11.5636	16.2245	
L	2435333	08		Bidougou		LOCALITY	8.33333	15.55	
L	2435337	05		Bidjir		LOCALITY	11.9224	18.4564	
L	2435338	13		Bidjil		LOCALITY	11.434	19.1528	
L	2435340	07		Bidingay		LOCALITY	13.60543	15.295	
L	2435342	16		Bidimène		LOCALITY	10.80294	15.4858	
L	2435346	09		Bidanga		LOCALITY	7.6923	15.9883	
L	2435348	14		Bidakiro		LOCALITY	9.2222	16.7463	
L	2435352	07		Biboul		LOCALITY	13.68333	14.58333	
L	2435353	13		Bibièn		LOCALITY	10.1896	19.9205	
L	2435356	20		Bibané		LOCALITY	8.71091	15.35607	
L	2435357	20		Biban		LOCALITY	9.3843	14.5598	
L	2435359	20		Bianké		LOCALITY	9.9138	14.4006	
L	2435362	09		Biakongo		LOCALITY	9.1054	16.4775	
L	2435363	06		Bia		LOCALITY	14.17829	15.38192	
L	2435364	09		Bi		LOCALITY	7.78333	16.9	
L	2435365	14		Bezmé Kolon		LOCALITY	9.4591	15.9637	
L	2435368	14		Beïsoua		LOCALITY	9.30331	15.72734	
L	2435369	09		Béyon		LOCALITY	8.1536	15.7466	
L	2435370	09		Béyéré		LOCALITY	8.07397	16.47933	
L	2435371	09		Beyer		LOCALITY	7.7408	16.3309	
L	2435372	09		Béyara		LOCALITY	8.96194	17.03347	
L	2435373	09		Béyara		LOCALITY	8.8745	16.96389	
L	2435374	09		Béyara		LOCALITY	8.80902	17.00387	
L	2435375	09		Beyama		LOCALITY	8.29067	17.08435	
L	2435376	05		Béwangue		LOCALITY	12.15521	18.47553	
L	2435377	14		Bewaïdou		LOCALITY	9.12798	17.00459	
L	2435378	15		Beurso		LOCALITY	12.25102	16.11008	
L	2435384	08		Beugré		LOCALITY	8.86564	15.98175	
L	2435385	09		Betoum		LOCALITY	7.65	15.81667	
L	2435386	09		Betoubi		LOCALITY	7.9	16.13333	
L	2435387	09		Bétor		LOCALITY	7.8977	16.4126	
L	2435388	19		Bétolo		LOCALITY	9.01104	17.30347	
L	2435389	09		Bétolo		LOCALITY	7.97345	16.51221	
L	2435390	09		Bétol		LOCALITY	7.6969	16.03227	
L	2435391	09		Bétimongo		LOCALITY	7.71567	16.17766	
L	2435392	09		Bétimongo		LOCALITY	8.2297	15.7569	
L	2435393	19		Betikandjia		LOCALITY	8.4664	17.7845	
L	2435394	19		Betikanjia		LOCALITY	8.02213	17.70145	
L	2435395	19		Bétigadjia		LOCALITY	8.45	17.76667	
L	2435396	05		Bétié		LOCALITY	10.6993	18.849	
L	2435397	09		Béti		LOCALITY	8.49864	16.90528	
L	2435398	08		Beter		LOCALITY	9.02235	15.69928	
L	2435399	09		Betendil		LOCALITY	7.9	16	
L	2435400	09		Bétéjé		LOCALITY	8.15912	16.79868	
L	2435401	09		Bétariti		LOCALITY	8.9751	16.8639	
L	2435402	19		Bétana		LOCALITY	9.09036	17.44556	
L	2435403	09		Bétam		LOCALITY	7.6072	16.10382	
L	2435404	08		Bétakia		LOCALITY	9.0226	16.2774	
L	2435405	08		Bitakara		LOCALITY	9.10307	16.42628	
L	2435406	09		Bétabar Logone		LOCALITY	8.0844	15.8846	
L	2435407	09		Bétabar II		LOCALITY	8.03614	15.88667	
L	2435408	09		Bétabar		LOCALITY	7.8639	15.9371	
L	2435409	09		Bétabar		LOCALITY	8.01667	16.26667	
L	2435410	09		Bétabar		LOCALITY	8.1318	15.7444	
L	2435411	09		Bétabar		LOCALITY	7.81147	16.31999	
L	2435412	19		Besso		LOCALITY	8.65641	17.2042	
L	2435413	19		Bessira		LOCALITY	8.9011	17.3727	
L	2435415	08		Bessigri		LOCALITY	9.1122	16.3291	
L	2435416	08		Béssey I		LOCALITY	8.95602	16.05564	
L	2435417	08		Béssey		LOCALITY	8.74588	16.48541	
L	2435418	09		Béssémé		LOCALITY	8.97472	16.84713	
L	2435420	19		Bessara		LOCALITY	8.36447	17.66714	
L	2435421	09		Béssao	بيساو	LOCALITY	8.31514	16.15468	
L	2435422	19		Bessanah		LOCALITY	8.83333	17.16667	
L	2435423	09		Béssama		LOCALITY	8.8137	16.9117	
L	2435424	09		Béssama		LOCALITY	8.6469	16.9202	
L	2435425	19		Bessama		LOCALITY	8.4494	17.2558	
L	2435426	19		Bessah		LOCALITY	8.8	17.16667	
L	2435427	19		Bessada		LOCALITY	8.96452	17.71239	
L	2435428	09		Bessa		LOCALITY	8.54786	17.1078	
L	2435429	14		Besmé		LOCALITY	9.5807	16.1	
L	2435430	14		Bezmé		LOCALITY	9.4239	15.9575	
L	2435431	08		Besi Bourou		LOCALITY	9.01877	15.71758	
L	2435432	08		Béssey II		LOCALITY	8.93271	16.04979	
L	2435434	09		Bessao III	بيساو 3	LOCALITY	7.8587	15.9855	
L	2435435	09		Bessao I	بيساو 1	LOCALITY	7.8778	15.965	
L	2435437	06		Bésa		LOCALITY	13.5196	15.48796	
L	2435438	09		Berré		LOCALITY	7.95	16.56667	
L	2435439	14		Béro Yao		LOCALITY	9.2903	15.63116	
L	2435440	05		Bérouet		LOCALITY	11.6666	18.6484	
L	2435441	14		Béro Ndigou		LOCALITY	9.24507	15.60879	
L	2435442	14		Béro Mola		LOCALITY	9.26772	15.62863	
L	2435443	09		Béromana		LOCALITY	7.8895	16.5842	
L	2435444	14		Béro Koumdé		LOCALITY	9.23706	15.62746	
L	2435445	14		Béro		LOCALITY	9.30924	15.62811	
L	2435446	09		Béro		LOCALITY	8.59266	16.79413	
L	2435447	01		Bérné		LOCALITY	13.8195	19.7113	
L	2435448	16		Bermé		LOCALITY	9.9015	15.0678	
L	2435449	20		Berliang		LOCALITY	9.7198	14.2655	
L	2435450	08		Ber Laoukas		LOCALITY	8.7951	15.65564	
L	2435452	19		Berigui		LOCALITY	8.4241	17.31004	
L	2435453	08		Benibo		LOCALITY	8.65525	16.1528	
L	2435454	20		Bériamé		LOCALITY	9.7958	16.0107	
L	2435455	08		Beria		LOCALITY	8.65	16.26667	
L	2435456	08		Béri		LOCALITY	9.0077	16.343	
L	2435457	08		Békiri		LOCALITY	8.90343	16.55699	
L	2435460	05		Béréte		LOCALITY	12.05471	18.03563	
L	2435461	16		Bérété		LOCALITY	9.36667	15.41667	
L	2435462	05		Bérétan		LOCALITY	12.46667	19.1	
L	2435463	05		Bérétan		LOCALITY	12.2964	19.0914	
L	2435466	14		Berem Mbasa		LOCALITY	9.1851	15.6231	
L	2435467	16		Berem Ham		LOCALITY	9.5244	15.439	
L	2435468	16		Berem Guebelsou		LOCALITY	9.4819	15.3934	
L	2435470	15		Bérékin		LOCALITY	10.2626	16.2383	
L	2435472	13		Béréguit		LOCALITY	11.5911	19.1574	
L	2435473	19		Béré Gongolo		LOCALITY	8.48333	17.9	
L	2435474	14		Béré		LOCALITY	9.3202	16.1552	15431
L	2435475	08		Béré		LOCALITY	8.51915	15.80969	
L	2435476	09		Béré		LOCALITY	8.1277	16.48932	
L	2435477	09		Mbéré		LOCALITY	7.65568	16.09787	
L	2435478	16		Berdéna		LOCALITY	9.36667	15.45	
L	2435479	22		Berdélep Erbey		LOCALITY	13.2974	16.1641	
L	2435480	14		Bérété		LOCALITY	9.29544	15.52391	
L	2435482	15		Berberé		LOCALITY	10.63333	16.35	
L	2435483	08		Ber Beïssa		LOCALITY	8.7842	15.6413	
L	2435484	09		Béraya		LOCALITY	8.91667	17.06667	
L	2435485	09		Béraba		LOCALITY	8.6749	16.8314	
L	2435487	01		Beptongo		LOCALITY	12.8854	17.73106	
L	2435488	09		Béporo		LOCALITY	7.67648	16.09998	
L	2435489	19		Bepili		LOCALITY	8.24896	17.37983	
L	2435490	08		Bépikas		LOCALITY	8.90135	15.60218	
L	2435491	08		Bepia		LOCALITY	9.069	16.3641	
L	2435492	09		Bépara		LOCALITY	8.2954	17.0422	
L	2435493	09		Bépara		LOCALITY	8.24725	17.1274	
L	2435494	09		Bépana		LOCALITY	9.01667	16.68333	
L	2435495	19		Bépana		LOCALITY	8.7899	17.1687	
L	2435496	19		Bepan		LOCALITY	8.3546	17.3068	
L	2435497	17		Béoulou		LOCALITY	9.60487	19.06282	
L	2435498	05		Beouangure		LOCALITY	12.1	18.46667	
L	2435499	09		Béouala		LOCALITY	8.97459	16.69669	
L	2435500	09		Béoro		LOCALITY	7.87983	16.92233	
L	2435501	19		Béongo		LOCALITY	8.898	17.4764	
L	2435502	09		Béongo		LOCALITY	8.45148	16.94277	
L	2435503	19		Béo Mo		LOCALITY	8.38333	17.3	
L	2435504	22		Bentiri Kangara		LOCALITY	13.2146	16.0056	
L	2435505	15		Bentay		LOCALITY	11.03194	15.89733	
L	2435507	08		Bénoybeur		LOCALITY	9.04487	16.33345	
L	2435508	08		Benoy		LOCALITY	8.98327	16.31991	17285
L	2435509	16		Bénouna		LOCALITY	10.3719	16.0142	
L	2435513	05		Béni		LOCALITY	11.50825	18.6817	
L	2435514	19		Benguessé		LOCALITY	8	17.4	
L	2435515	19		Benguébé		LOCALITY	8.94975	17.90152	
L	2435516	09		Bégon		LOCALITY	8.09294	16.25693	
L	2435517	19		Bengoro		LOCALITY	8.42992	17.57236	
L	2435518	17		Bengoré		LOCALITY	9.81463	18.85168	
L	2435519	09		Bengor		LOCALITY	7.70462	16.07268	
L	2435520	17		Bengono		LOCALITY	8.6832	18.403	
L	2435521	09		Bengon		LOCALITY	8.06667	16.16667	
L	2435522	09		Bengokar		LOCALITY	7.81016	16.36983	
L	2435523	08		Bèngo		LOCALITY	8.8059	15.7539	
L	2435524	19		Bengo		LOCALITY	8.19291	18.04469	
L	2435525	09		Bengassa		LOCALITY	8.4441	17.1013	
L	2435526	09		Bengar Sao		LOCALITY	7.9589	16.0161	
L	2435527	09		Bengar II		LOCALITY	7.80728	16.02401	
L	2435528	09		Bengar I		LOCALITY	7.9348	16.00807	
L	2435529	09		Benganga		LOCALITY	8.78333	17.08333	
L	2435530	09		Bengamia		LOCALITY	8.472	17.1149	
L	2435531	09		Bèngamia		LOCALITY	8.03613	16.34053	
L	2435532	09		Bengamia		LOCALITY	7.984	16.3405	
L	2435533	16		Bengala		LOCALITY	10.9628	15.36315	
L	2435534	09		Bengakor		LOCALITY	7.97463	16.36605	
L	2435535	09		Bengakor		LOCALITY	7.8849	15.9734	
L	2435536	19		Benga Kindonion		LOCALITY	8.63364	17.2282	
L	2435537	09		Bengaïda		LOCALITY	8.2	16.18333	
L	2435538	09		Bengafo		LOCALITY	8.75	17.1	
L	2435539	09		Bégadoua		LOCALITY	7.9866	16.0391	
L	2435540	09		Bengadoua		LOCALITY	7.9607	16.0207	
L	2435541	19		Bengada		LOCALITY	8.21667	17.45	
L	2435542	09		Bèngabou		LOCALITY	8.73662	16.9786	
L	2435545	19		Bédotoumba		LOCALITY	8.60227	17.1775	
L	2435546	19		Bendodjo		LOCALITY	8.4005	17.2779	
L	2435547	19		Bendouba		LOCALITY	8.2177	17.5612	
L	2435548	09		Bèndo		LOCALITY	8.80769	16.95863	
L	2435549	09		Bèndo		LOCALITY	8.49618	16.53009	
L	2435550	09		Bendo		LOCALITY	8.46667	16.46667	
L	2435551	09		Bendo		LOCALITY	8.45	16.45	
L	2435552	09		Bendo		LOCALITY	8.43333	16.43333	
L	2435553	09		Bendo		LOCALITY	8.33333	16.56667	
L	2435554	09		Bèndo		LOCALITY	8.27384	16.62042	
L	2435555	08		Dèndji		LOCALITY	8.972	16.4764	
L	2435557	08		Bendjiamonn		LOCALITY	8.9564	16.5375	
L	2435558	09		Bèndja II		LOCALITY	8.3313	15.3686	
L	2435559	18		Bendioui		LOCALITY	12.4648	15.25463	
L	2435560	19		Bendi		LOCALITY	8.30901	17.40375	
L	2435561	09		Bèndja I		LOCALITY	8.2662	15.4973	
L	2435563	09		Bèndé		LOCALITY	8.32117	15.93915	
L	2435564	17		Bendana		LOCALITY	8.5173	18.4151	
L	2435565	19		Bendanga		LOCALITY	8.6279	17.7611	
L	2435566	20		Benawil		LOCALITY	8.98333	15.01667	
L	2435567	09		Bénassi		LOCALITY	8.1336	16.22916	
L	2435568	09		Benamsara		LOCALITY	8.73261	17.01653	
L	2435570	05		Bénabo		LOCALITY	11.504	18.692	
L	2435571	17		Bémouli Kembita		LOCALITY	8.8162	18.11272	
L	2435572	17		Bémouli		LOCALITY	9.03786	18.12017	
L	2435573	09		Bémouli		LOCALITY	7.8491	16.2281	
L	2435574	09		Bémouli		LOCALITY	7.82813	16.25568	
L	2435575	14		Bé Moula		LOCALITY	9.2159	16.8157	
L	2435576	09		Bémoa		LOCALITY	8.8011	16.78602	
L	2435577	09		Bémoa		LOCALITY	8.78151	16.89919	
L	2435578	08		Bémira		LOCALITY	9.0098	16.3771	
L	2435579	09		Bemio		LOCALITY	8.11667	15.73333	
L	2435580	14		Bémia		LOCALITY	9.23333	16.65	
L	2435581	14		Bé Mia		LOCALITY	9.16313	16.85822	
L	2435582	09		Bémia		LOCALITY	8.96722	16.87793	
L	2435583	08		Bémia		LOCALITY	8.66809	16.18214	
L	2435584	17		Béménon		LOCALITY	10.047	19.0451	
L	2435586	09		Bèmboura		LOCALITY	8.61833	16.46785	
L	2435587	17		Bemboro		LOCALITY	9.28143	17.97212	
L	2435589	08		Bembi		LOCALITY	8.43333	15.61667	
L	2435590	06		Bem Bem		LOCALITY	14.37375	15.26445	
L	2435591	06		Bem Bem		LOCALITY	14.06667	15.34617	
L	2435592	22		Bembem		LOCALITY	13.85827	15.91213	
L	2435594	17		Bembé		LOCALITY	9.58333	19.43333	
L	2435595	17		Bèmbaya		LOCALITY	9.18925	18.29877	
L	2435596	09		Bembaya		LOCALITY	8.3234	17.19885	
L	2435597	09		Bembar		LOCALITY	7.859	15.9276	
L	2435598	09		Bèmbindi		LOCALITY	8.07869	15.74316	
L	2435599	09		Bembaïndi		LOCALITY	7.8446	15.8749	
L	2435600	09		Bembaïndi		LOCALITY	7.81395	16.39588	
L	2435601	09		Bembaida Nya		LOCALITY	7.74485	16.32348	
L	2435602	09		Bembainda		LOCALITY	7.78744	16.03511	
L	2435603	08		Bèmbaïgann		LOCALITY	8.33831	15.79899	
L	2435604	08		Bèmbaïdo		LOCALITY	8.4077	15.6094	
L	2435605	09		Bèmbaïda		LOCALITY	8.21183	16.5892	
L	2435606	09		Bémbaïda I		LOCALITY	8.1979	16.1724	
L	2435607	09		Bèmbaïda		LOCALITY	8.1823	15.7502	
L	2435608	09		Bèmbaïda		LOCALITY	8.1359	15.9082	
L	2435609	09		Bembaya		LOCALITY	7.7257	16.66734	
L	2435610	14		Bémaye		LOCALITY	9.37783	17.05282	
L	2435611	17		Bémato		LOCALITY	9.54624	19.13906	
L	2435612	09		Bémara		LOCALITY	8.99262	16.67966	
L	2435613	09		Bé Mangra		LOCALITY	9.0946	16.6032	
L	2435614	08		Bémangara II		LOCALITY	8.98333	15.88333	
L	2435615	14		Bé Mangara		LOCALITY	9.2219	16.4868	
L	2435616	08		Bémangara I		LOCALITY	8.9918	15.8853	
L	2435617	09		Bomala		LOCALITY	8.93174	16.84289	
L	2435618	09		Belpoko		LOCALITY	7.6299	15.6438	
L	2435620	19		Bélobo		LOCALITY	8.5915	17.1253	
L	2435621	15		Bello		LOCALITY	10.98333	15.68333	
L	2435623	09		Bélia		LOCALITY	8.24882	15.82884	
L	2435626	14		Belimdi		LOCALITY	9.1904	16.4858	
L	2435627	05		Bélil Doungous		LOCALITY	12.9003	19.5469	
L	2435628	01		Bélil Ardébé		LOCALITY	12.90849	19.5417	
L	2435629	14		Beli		LOCALITY	9.18688	16.44229	
L	2435631	16		Belem		LOCALITY	10.9372	15.43157	
L	2435632	16		Belem		LOCALITY	10.69308	15.4064	
L	2435633	09		Bélegué		LOCALITY	8.5745	16.154	
L	2435636	05		Bélé		LOCALITY	10.9906	18.7821	
L	2435637	16		Bélé		LOCALITY	9.39183	15.39653	
L	2435638	14		Bélé		LOCALITY	9.1344	16.1867	
L	2435639	05		Beldou		LOCALITY	10.9	18.53333	
L	2435640	15		Belede Madouan		LOCALITY	12.15621	15.23375	
L	2435641	08		Bélanga		LOCALITY	8.70492	16.25985	
L	2435642	09		Bélama		LOCALITY	7.81852	16.83765	
L	2435643	18		Bélakiri		LOCALITY	13.08604	15.61622	
L	2435645	08		Beladjia		LOCALITY	8.71667	16.45	
L	2435646	08		Béladjia		LOCALITY	8.70989	16.4247	
L	2435648	06		Bélabérim		LOCALITY	14.28972	14.46955	
L	2435649	09		Békoutoumani		LOCALITY	8.52172	17.06105	
L	2435650	19		Bekourou		LOCALITY	8.11785	17.50519	
L	2435651	09		Békoura		LOCALITY	7.97748	16.82292	
L	2435652	09		Békoro		LOCALITY	8.82755	17.06882	
L	2435653	19		Békoro		LOCALITY	8.6633	17.1903	
L	2435654	09		Bekor-Daba		LOCALITY	8.61686	16.37091	
L	2435655	09		Békorbo		LOCALITY	8.23144	17.13993	
L	2435656	09		Békor		LOCALITY	7.8553	16.4671	
L	2435657	09		Békor		LOCALITY	7.82608	16.2671	
L	2435658	17		Békono		LOCALITY	9.83175	18.87547	
L	2435659	09		Békoninga		LOCALITY	7.71389	16.66581	
L	2435660	09		Békondjo		LOCALITY	8.80331	16.94362	
L	2435661	09		Békondjo		LOCALITY	8.61442	16.975	
L	2435663	05		Békone		LOCALITY	11.6109	18.665	
L	2435664	09		Bekonn		LOCALITY	8.73469	16.8337	
L	2435665	09		Békombé		LOCALITY	7.97243	16.83553	
L	2435667	19		Béko II		LOCALITY	8.77204	17.27232	
L	2435668	19		Béko II		LOCALITY	8.7365	17.2615	
L	2435669	09		Békodo II		LOCALITY	8.3326	17.1048	
L	2435670	09		Békodo I		LOCALITY	8.34485	17.11753	
L	2435671	19		Béko I		LOCALITY	8.7558	17.2632	
L	2435672	09		Bekoyé		LOCALITY	8.44554	17.12412	
L	2435673	09		Kobo		LOCALITY	7.81331	16.67511	
L	2435674	19		Béko		LOCALITY	8.93841	17.91335	
L	2435675	19		Béko		LOCALITY	8.3828	17.6265	
L	2435676	19		Bekita		LOCALITY	8.98333	17.18333	
L	2435677	09		Békinedo		LOCALITY	8.83119	16.91543	
L	2435678	09		Békila		LOCALITY	8.02094	16.68772	
L	2435679	09		Békila		LOCALITY	7.7171	16.1983	
L	2435680	08		Békigui		LOCALITY	8.85228	16.11397	
L	2435681	09		Békibi II		LOCALITY	7.9302	16.2833	
L	2435682	09		Békibi I		LOCALITY	7.9526	16.29459	
L	2435683	09		Békibi		LOCALITY	7.81504	16.40213	
L	2435684	09		Békia		LOCALITY	8.4621	16.53855	
L	2435685	08		Békia		LOCALITY	8.39977	15.77855	
L	2435686	09		Békia		LOCALITY	8.2076	15.784	
L	2435687	09		Békétati		LOCALITY	8.7136	17.07051	
L	2435688	19		Békessi		LOCALITY	8.7058	17.279	
L	2435689	09		Békéni		LOCALITY	8.96772	16.91987	
L	2435690	08		Békassa		LOCALITY	8.4582	15.7512	
L	2435691	09		Békar		LOCALITY	8.10188	16.08986	
L	2435692	09		Bekao II		LOCALITY	7.892	16.0881	
L	2435693	09		Békao		LOCALITY	7.92818	16.10377	
L	2435694	09		Bekao I		LOCALITY	7.89697	16.0296	
L	2435695	09		Békane		LOCALITY	7.8192	16.41832	
L	2435696	09		Békandjia		LOCALITY	7.8301	17.1589	
L	2435697	09		Békamna I		LOCALITY	8.7103	16.8669	
L	2435698	19		Békambaré		LOCALITY	8.74743	17.44678	
L	2435699	19		Békamba III		LOCALITY	8.71089	17.35211	
L	2435700	19		Békamba II		LOCALITY	8.69298	17.36418	
L	2435701	19		Békamba I		LOCALITY	8.6986	17.35906	
L	2435702	19		Békamba		LOCALITY	8.7101	17.3877	
L	2435703	19		Békamba		LOCALITY	8.48438	17.96115	
L	2435704	19		Békain		LOCALITY	8.23147	18.08434	
L	2435705	09		Béïto		LOCALITY	7.95	17	
L	2435706	08		Beïssa		LOCALITY	8.74437	15.6186	
L	2435707	08		Béïssa II		LOCALITY	8.7328	15.60342	
L	2435708	08		Beïnamar		LOCALITY	8.6698	15.3813	12901
L	2435710	09		Béïdo		LOCALITY	8.01341	16.99815	
L	2435711	14		Beïdé II		LOCALITY	9.16893	17.06579	
L	2435712	05		Béidé		LOCALITY	11.4763	18.5668	
L	2435713	09		Béhelmia		LOCALITY	7.76027	16.32534	
L	2435715	17		Béguigui		LOCALITY	8.99477	18.93193	
L	2435716	17		Béguidé		LOCALITY	8.70243	18.8178	
L	2435718	09		Béguéré		LOCALITY	8.59611	16.33346	
L	2435719	09		Béguelkar		LOCALITY	8.03867	16.21204	
L	2435720	19		Bègué		LOCALITY	8.921	17.4923	
L	2435721	09		Begoyon		LOCALITY	7.83711	16.00348	
L	2435722	17		Bégouri		LOCALITY	8.6355	18.45604	
L	2435723	09		Bégoré		LOCALITY	7.92764	16.2666	
L	2435724	09		Bogoudoubé		LOCALITY	8.7615	16.88818	
L	2435725	17		Bégou		LOCALITY	9.1643	18.3843	
L	2435726	09		Bégone		LOCALITY	7.7301	16.36248	
L	2435727	09		Bégolbé		LOCALITY	7.77595	16.04586	
L	2435728	09		Bégoko		LOCALITY	7.71503	16.18558	
L	2435729	08		Bégna		LOCALITY	8.33333	15.61667	
L	2435731	19		Begara Mbaye		LOCALITY	8.4908	17.7931	
L	2435732	19		Bégara Mbaye		LOCALITY	8.5	17.73333	
L	2435733	19		Bégara Daye		LOCALITY	8.55275	17.68585	
L	2435734	19		Bégara Daye		LOCALITY	8.5328	17.6967	
L	2435735	09		Bégangber		LOCALITY	8.17018	16.15688	
L	2435736	09		Bégamoundou		LOCALITY	7.6795	16.2954	
L	2435737	09		Bégangbé I		LOCALITY	8.08472	15.83545	
L	2435738	09		Begala		LOCALITY	8.76667	16.58333	
L	2435740	09		Bégagué		LOCALITY	7.8185	16.4488	
L	2435741	09		Bégada		LOCALITY	8.53978	17.07091	
L	2435742	09		Bégada		LOCALITY	8.5146	16.73812	
L	2435743	15		Beendou		LOCALITY	11.65698	15.21051	
L	2435749	14		Bé Doumo		LOCALITY	9.197	16.5918	
L	2435750	09		Bédoumia		LOCALITY	7.9587	16.4473	
L	2435751	09		Bébouladji II		LOCALITY	7.61711	16.10569	
L	2435752	09		Bébouladji I		LOCALITY	7.62884	16.10652	
L	2435753	19		Bédoua		LOCALITY	8.65384	17.17872	
L	2435754	19		Bédotoumba II		LOCALITY	8.58079	17.16764	
L	2435755	08		Bédono		LOCALITY	8.399	15.76057	
L	2435756	09		Bédoro		LOCALITY	7.72158	16.26503	
L	2435757	09		Bédonro		LOCALITY	7.81509	16.30508	
L	2435758	09		Bédongui		LOCALITY	7.82729	16.97369	
L	2435759	09		Bédondouli		LOCALITY	7.7547	16.35361	
L	2435760	09		Bédonang		LOCALITY	7.68411	16.10051	
L	2435761	09		Bedoli		LOCALITY	7.85	15.88333	
L	2435762	09		Bédokassa		LOCALITY	8.68491	16.85685	
L	2435763	09		Bédok		LOCALITY	7.8945	16.1218	
L	2435764	19		Bédogo III		LOCALITY	8.6182	17.0566	
L	2435765	19		Bédogo II		LOCALITY	8.62994	17.06909	
L	2435766	09		Bédogo		LOCALITY	8.69843	16.82505	
L	2435767	19		Bédodan		LOCALITY	8.58476	17.2037	
L	2435768	09		Bedoada		LOCALITY	8.33506	17.14448	
L	2435770	19		Bedjomo		LOCALITY	8.6354	17.18546	
L	2435771	17		Bédjo II		LOCALITY	8.7259	18.4931	
L	2435772	17		Bédjo		LOCALITY	9.1428	18.3223	
L	2435773	17		Bedjo		LOCALITY	8.5147	18.5787	
L	2435775	09		Bedjamnia		LOCALITY	8.06667	15.76667	
L	2435776	09		Bédja		LOCALITY	8.07326	16.55973	
L	2435777	09		Bédissa		LOCALITY	8.56753	16.58549	
L	2435778	09		Bédiondouli		LOCALITY	8.51667	17.03333	
L	2435779	19		Bédiondo		LOCALITY	8.62891	17.18643	15841
L	2435780	09		Bédio		LOCALITY	8.40231	17.12555	
L	2435781	17		Bédinga		LOCALITY	8.6974	18.9682	
L	2435782	01		Bédine		LOCALITY	12.83711	18.90803	
L	2435783	09		Bédigri		LOCALITY	8.74661	17.07635	
L	2435784	05		Bédiga		LOCALITY	12.39091	18.05983	
L	2435785	09		Bédjal		LOCALITY	8.92618	16.74617	
L	2435786	09		Bédia		LOCALITY	8.5927	16.68637	
L	2435787	09		Bédia		LOCALITY	8.287	16.1944	
L	2435788	09		Bédia		LOCALITY	8.20261	16.36858	
L	2435789	05		Bédi		LOCALITY	11.1039	18.5414	
L	2435790	06		Bédey		LOCALITY	13.66218	15.60274	
L	2435791	16		Bédem Sira		LOCALITY	10.73024	15.23395	
L	2435793	16		Bédem		LOCALITY	10.80893	15.27348	
L	2435794	14		Bédélé		LOCALITY	9.16614	17.09178	
L	2435795	14		Bédélé		LOCALITY	9.14747	17.10628	
L	2435796	18		Bédéïné		LOCALITY	12.98527	15.78365	
L	2435797	18		Bédéïné		LOCALITY	12.96586	15.78564	
L	2435798	18		Bodéné		LOCALITY	12.78464	15.5432	
L	2435799	19		Bédégué		LOCALITY	8.0206	17.80731	
L	2435800	06		Bédé Dioul		LOCALITY	13.61533	15.70249	
L	2435801	06		Bédé		LOCALITY	13.54859	15.74562	
L	2435802	09		Bédé		LOCALITY	8.95777	16.80622	
L	2435803	09		Mbété		LOCALITY	7.8576	15.8318	
L	2435805	19		Bédaya		LOCALITY	8.9213	17.8492	
L	2435806	19		Bédaya		LOCALITY	8.63333	17.08333	
L	2435807	09		Bédaya		LOCALITY	7.8757	16.1816	
L	2435808	15		Bedat		LOCALITY	11.10161	15.7294	
L	2435809	09		Bédara Lal		LOCALITY	7.72303	16.10198	
L	2435810	09		Bédara		LOCALITY	8.48372	16.31537	
L	2435812	09		Bédaoyo		LOCALITY	7.69643	16.66177	
L	2435813	19		Bédanta		LOCALITY	8.49271	17.2775	
L	2435814	19		Bédan II		LOCALITY	8.51141	17.17743	
L	2435815	19		Bédan I		LOCALITY	8.50924	17.18651	
L	2435816	19		Bedanga		LOCALITY	8.28333	17.43333	
L	2435817	09		Bedane		LOCALITY	8.01667	16.33333	
L	2435818	09		Bédandié		LOCALITY	7.9073	15.992	
L	2435819	19		Bédan		LOCALITY	8.81823	17.31332	
L	2435820	09		Bédann		LOCALITY	8.01127	16.32012	
L	2435821	09		Bédamoundou		LOCALITY	7.72372	16.26875	
L	2435822	18		Bédam		LOCALITY	12.67745	14.76799	
L	2435823	09		Bédakoussang		LOCALITY	7.91667	16.56667	
L	2435824	14		Bidakaridé		LOCALITY	9.28027	16.62902	
L	2435825	09		Bédaïdoura		LOCALITY	7.71659	16.22408	
L	2435826	09		Bécon Djoro		LOCALITY	7.6456	15.8669	
L	2435827	06		Béchirom		LOCALITY	13.52555	15.61435	
L	2435828	09		Bebwayo		LOCALITY	7.71667	16.71667	
L	2435829	09		Béboy		LOCALITY	8.93602	16.73772	
L	2435830	09		Béboye		LOCALITY	8.41667	17.1	
L	2435831	09		Bebourou		LOCALITY	7.71667	16.08333	
L	2435832	09		Béboura		LOCALITY	8.8428	16.8329	
L	2435833	19		Béboukata		LOCALITY	8.628	17.1932	
L	2435834	09		Bebougaï		LOCALITY	8.38333	16.86667	
L	2435835	09		Bébongay		LOCALITY	8.35012	16.85192	
L	2435836	09		Bébou		LOCALITY	7.59959	16.1033	
L	2435837	09		Béboto		LOCALITY	8.26681	16.93898	9321
L	2435838	19		Béboro		LOCALITY	8.7972	17.2685	
L	2435839	19		Béboro		LOCALITY	8.604	17.657	
L	2435840	19		Bebo Pen		LOCALITY	8.47494	17.2739	
L	2435841	09		Béboni		LOCALITY	8.79108	16.65622	
L	2435842	19		Bebomo		LOCALITY	8.42428	17.26048	
L	2435843	17		Bébolo		LOCALITY	9.6533	18.9754	
L	2435844	01		Bé Bobranga		LOCALITY	13.06443	17.36136	
L	2435845	19		Bébo		LOCALITY	8.6839	17.2745	
L	2435846	09		Bébo		LOCALITY	8.30763	16.82644	
L	2435847	17		Bébinga		LOCALITY	8.85721	18.33545	
L	2435848	19		Bebian		LOCALITY	8.00987	17.69656	
L	2435849	19		Bebian		LOCALITY	8.13497	17.68655	
L	2435850	09		Bébélem II		LOCALITY	8.2525	15.6976	
L	2435851	09		Bébélèm I		LOCALITY	8.0335	15.8121	
L	2435852	14		Bébé Labi		LOCALITY	9.111	15.9196	
L	2435853	08		Bebekass		LOCALITY	8.88333	15.63333	
L	2435854	09		Bébédja		LOCALITY	8.6761	16.566	40289
L	2435855	14		Bébé Bilbil		LOCALITY	9.10852	15.92689	
L	2435856	09		Bébé		LOCALITY	8.38868	16.60732	
L	2435857	09		Bébangueur		LOCALITY	7.7832	16.03922	
L	2435858	09		Bébanga		LOCALITY	8.68781	16.56729	
L	2435859	09		Bébandja		LOCALITY	8.2691	16.9229	
L	2435860	20		Bebanda		LOCALITY	8.86041	15.18699	
L	2435861	09		Bébanassa		LOCALITY	8.06577	16.69842	
L	2435862	08		Bébalèm		LOCALITY	8.98797	16.43768	
L	2435863	19		Bébala II		LOCALITY	9.12824	17.1886	
L	2435864	19		Bébala I		LOCALITY	9.13228	17.20376	
L	2435865	19		Bébala		LOCALITY	9.24353	17.14623	
L	2435866	19		Bébala		LOCALITY	8.78275	17.13997	
L	2435867	09		Bébala		LOCALITY	8.63251	16.35473	
L	2435868	09		Bébala		LOCALITY	8.28878	16.66439	
L	2435869	08		Bébal		LOCALITY	8.7675	16.05805	
L	2435870	08		Bébal		LOCALITY	8.71667	16.38333	
L	2435871	09		Bebal		LOCALITY	7.91667	16.18333	
L	2435872	09		Bèmbaïda II		LOCALITY	8.06446	16.29272	
L	2435873	08		Bebokasi		LOCALITY	9.01764	15.70883	
L	2435874	09		Biabo		LOCALITY	8.3208	16.0183	
L	2435876	18		Bayorom		LOCALITY	13.28101	15.31636	
L	2435877	18		Bayoro		LOCALITY	12.51441	16.57156	
L	2435879	05		Bayo		LOCALITY	11.93385	17.55329	
L	2435880	14		Bayo		LOCALITY	9.16667	16.45	
L	2435881	15		Bayem		LOCALITY	11.19747	15.23247	
L	2435882	08		Bayam		LOCALITY	9.17682	16.39172	
L	2435883	08		Baydam		LOCALITY	9.06947	16.25466	
L	2435884	09		Bébo		LOCALITY	7.8524	15.8927	
L	2435885	06		Bayanga		LOCALITY	13.73743	15.65324	
L	2435886	14		Bayan		LOCALITY	9.4702	16.079	
L	2435887	14		Bayakababa		LOCALITY	9.35	15.86667	
L	2435891	15		Batri		LOCALITY	12.19196	15.88178	
L	2435892	18		Batoum Am Mak		LOCALITY	12.51096	16.42242	
L	2435893	14		Batoubo		LOCALITY	9.4018	16.7573	
L	2435894	07		Batoua		LOCALITY	13.67333	15.39061	
L	2435895	20		Batna	باتنة‎	LOCALITY	9.287	14.7867	
L	2435896	07		Gala Konoa		LOCALITY	13.68352	15.2926	
L	2435897	15		Batikam		LOCALITY	11.372	16.1925	
L	2435898	15		Batifogora		LOCALITY	11.5707	15.4462	
L	2435901	19		Batéba		LOCALITY	8.85	17.7	
L	2435902	16		Batchaoua		LOCALITY	10.49402	15.87784	
L	2435904	17		Batara		LOCALITY	9.1583	18.4153	
L	2435906	15		Batalay		LOCALITY	11.67496	15.27463	
L	2435907	08		Batal		LOCALITY	9.03169	16.22687	
L	2435908	06		Bata III		LOCALITY	13.73608	15.00005	
L	2435909	06		Bata II		LOCALITY	13.70595	15.00424	
L	2435910	06		Bata I		LOCALITY	13.69768	15.00607	
L	2435912	15		Bata		LOCALITY	11.68325	15.23438	
L	2435913	16		Bassi		LOCALITY	10.31667	15.35	
L	2435914	14		Bassengui		LOCALITY	9.7077	16.5704	
L	2435915	15		Bassa		LOCALITY	11.99302	15.41285	
L	2435916	15		Baslo		LOCALITY	11.46	16.0297	
L	2435917	16		Baskilin		LOCALITY	9.7378	15.15028	
L	2435919	09		Basao		LOCALITY	8.41667	15.98333	
L	2435922	15		Bassa		LOCALITY	12.00429	15.39561	
L	2435923	01		Barwala Haraz		LOCALITY	12.77081	18.06493	
L	2435924	01		Barwala Asil		LOCALITY	12.76006	18.05273	
L	2435925	01		Barwala Am Djèmèna		LOCALITY	12.74641	18.05403	
L	2435928	05		Baro		LOCALITY	12.20391	18.96293	
L	2435931	05		Barlo		LOCALITY	12.1	18.45	
L	2435932	15		Barlé		LOCALITY	10.3793	17.0945	
L	2435935	20		Barkmal		LOCALITY	9.06667	15.31667	
L	2435936	16		Barkevarba I		LOCALITY	9.915	15.3934	
L	2435937	16		Barkevarba II		LOCALITY	9.9358	15.3864	
L	2435940	16		Barkaya		LOCALITY	10.6	15.18333	
L	2435948	06		Barkabolou		LOCALITY	14.29274	15.14556	
L	2435953	05		Baka		LOCALITY	11.00662	17.9917	
L	2435954	16		Barka		LOCALITY	10.1	15.73333	
L	2435955	01		Barintié		LOCALITY	13.1075	19.3045	
L	2435956	16		Barima		LOCALITY	10.3	15.56667	
L	2435958	07		Bari Kolom		LOCALITY	13.57661	15.33296	
L	2435959	07		Baridondo		LOCALITY	13.56129	15.34098	
L	2435962	15		Baria		LOCALITY	11.014	16.1787	
L	2435963	15		Baria		LOCALITY	10.97827	15.82357	
L	2435964	07		Bari		LOCALITY	13.58793	15.34653	
L	2435965	15		Bari		LOCALITY	11.11667	16.18333	
L	2435966	14		Bari		LOCALITY	9.61399	17.2073	
L	2435973	01		Bardé		LOCALITY	13.1193	18.5198	
L	2435974	15		Barde		LOCALITY	11.01488	15.96634	
L	2435976	26		Bardaï	برداي	CITY	21.35468	17.00158	4078
L	2435979	07		Barati		LOCALITY	13.44208	15.40013	
L	2435981	17		Barao		LOCALITY	10.4	19.3047	
L	2435982	15		Baranga		LOCALITY	10.5396	17.0633	
L	2435983	17		Baranga		LOCALITY	10.1543	17.5388	
L	2435985	05		Barama		LOCALITY	12.07241	18.11053	
L	2435987	19		Bara II		LOCALITY	8.54015	17.54137	
L	2435988	19		Bara I		LOCALITY	8.5084	17.5248	
L	2435989	19		Bara I		LOCALITY	8.4918	17.526	
L	2435991	06		Bara		LOCALITY	14.29475	15.22353	
L	2435992	06		Bara		LOCALITY	14.28545	15.23555	
L	2435993	06		Bara		LOCALITY	14.27909	15.21697	
L	2435994	05		Bara		LOCALITY	12.21695	18.42427	
L	2435995	05		Bara		LOCALITY	12.19012	18.42779	
L	2435996	15		Bara		LOCALITY	11.8962	15.19382	
L	2435997	15		Bara		LOCALITY	11.90816	15.14034	
L	2435998	05		Goboro Bara		LOCALITY	11.4299	18.2889	
L	2435999	16		Bara		LOCALITY	9.9481	15.74	
L	2436000	17		Bara		LOCALITY	9.7962	18.847	
L	2436001	17		Bara		LOCALITY	9.64966	18.91479	
L	2436002	09		Bara		LOCALITY	9.091	16.4692	
L	2436003	08		Bara		LOCALITY	8.78902	16.39336	
L	2436004	19		Bara		LOCALITY	8.48333	17.46667	
L	2436006	05		Bar		LOCALITY	11.61823	18.58159	
L	2436007	17		Bar		LOCALITY	10.0558	18.3594	
L	2436009	05		Baouyat		LOCALITY	12.63391	18.66633	
L	2436010	08		Baoun		LOCALITY	8.83333	15.48333	
L	2436011	14		Baoul Saoudji		LOCALITY	9.2064	16.1233	
L	2436012	09		Baoudjoro		LOCALITY	7.65	15.85	
L	2436014	01		Baouda		LOCALITY	12.85368	17.92543	
L	2436017	08		Baokoudou		LOCALITY	8.7238	15.6675	
L	2436018	15		Baogarada		LOCALITY	12.1709	16.3536	
L	2436019	15		Baogarada		LOCALITY	12.14755	16.37404	
L	2436020	01		Baoda		LOCALITY	13.151	18.5627	
L	2436021	20		Baoaré		LOCALITY	9.2081	14.4397	
L	2436022	15		Bao		LOCALITY	10.42611	16.87347	
L	2436023	08		Bao		LOCALITY	9.033	16.0857	
L	2436024	08		Bao		LOCALITY	9.01697	15.92204	
L	2436025	09		Bao I		LOCALITY	8.55341	16.34842	
L	2436027	15		Bantala		LOCALITY	11.38541	15.07109	
L	2436029	18		Banki Tchokoto		LOCALITY	11.7654	17.1909	
L	2436030	05		Bankéri		LOCALITY	10.4641	17.3886	
L	2436031	17		Banker		LOCALITY	10.307	17.5285	
L	2436032	01		Bani Asan		LOCALITY	13.17339	19.49773	
L	2436033	14		Bani		LOCALITY	9.3066	16.247	
L	2436034	08		Bani		LOCALITY	8.72745	15.78473	
L	2436035	09		Banguissa		LOCALITY	7.90134	16.16382	
L	2436036	09		Banguira		LOCALITY	8.82883	16.66409	
L	2436037	20		Bangsi Laygué		LOCALITY	8.72296	15.29155	
L	2436039	19		Bangoul		LOCALITY	8.63	17.3406	
L	2436040	15		Bango		LOCALITY	10.95856	15.77274	
L	2436041	15		Bango		LOCALITY	10.65	16.88333	
L	2436042	09		Banga		LOCALITY	8.55398	16.76075	
L	2436043	19		Bangdo		LOCALITY	9	17.43676	
L	2436045	09		Bangaye		LOCALITY	7.8858	15.8068	
L	2436046	18		Bangas		LOCALITY	12.08239	16.9175	
L	2436047	15		Bangao		LOCALITY	10.7916	16.1413	
L	2436048	14		Banga		LOCALITY	9.6669	16.3777	
L	2436049	14		Banga		LOCALITY	9.3741	16.6204	
L	2436050	09		Bingo		LOCALITY	7.6273	15.6351	
L	2436051	20		Bang		LOCALITY	9.3147	14.4746	
L	2436053	19		Bangdogo		LOCALITY	8.202	17.7037	
L	2436056	09		Bandji		LOCALITY	8.05	15.71667	
L	2436057	01		Bandjedid		LOCALITY	13.53333	19.71667	
L	2436058	15		Bandjafé		LOCALITY	11.22153	15.88714	
L	2436059	05		Bandésongoye		LOCALITY	11.96877	18.39901	
L	2436060	16		Bandaye		LOCALITY	10.76852	15.2773	
L	2436061	01		Bandar		LOCALITY	13.56667	19.6	
L	2436062	05		Banda Madja		LOCALITY	12.26581	18.60943	
L	2436063	17		Banda II		LOCALITY	8.8274	18.4208	
L	2436064	05		Banda		LOCALITY	11.8775	18.7335	
L	2436065	15		Banda		LOCALITY	10.8	15.95	
L	2436066	17		Banda		LOCALITY	9.4892	19.0323	
L	2436067	17		Banda		LOCALITY	9.1561	18.3653	
L	2436068	17		Banda		LOCALITY	9.01252	18.48236	
L	2436070	15		Banate		LOCALITY	10.73333	16.41667	
L	2436073	14		Bana Ngoto		LOCALITY	9.63333	15.8	
L	2436075	05		Banama		LOCALITY	11.6313	18.0088	
L	2436077	05		Banala		LOCALITY	11.9534	18.2242	
L	2436080	01		Banabodour		LOCALITY	12.83291	17.93163	
L	2436082	20		Bamdi		LOCALITY	9.55724	15.09684	
L	2436083	09		Bam Bodo		LOCALITY	8.01667	16.05	
L	2436084	19		Bambo		LOCALITY	9.20776	17.23263	
L	2436085	17		Bambara		LOCALITY	8.97281	18.5851	
L	2436086	17		Bambara		LOCALITY	8.9421	18.5587	
L	2436089	16		Bambam		LOCALITY	10.15	15.58333	
L	2436090	16		Bambalé		LOCALITY	10.59172	15.70977	
L	2436091	09		Bam		LOCALITY	8.02354	16.05345	
L	2436092	17		Baltoubay		LOCALITY	9.77194	18.69257	
L	2436093	15		Baltoua		LOCALITY	11.7888	16.195	
L	2436095	17		Balouay		LOCALITY	9.69629	18.46491	
L	2436097	15		Balo		LOCALITY	10.5029	16.7893	
L	2436098	18		Balnimiri		LOCALITY	12.95106	16.78615	
L	2436099	17		Balnaka		LOCALITY	9.45	18.11667	
L	2436100	16		Ballam		LOCALITY	10.66054	15.31316	
L	2436103	08		Mbalkabra		LOCALITY	8.83199	16.09561	
L	2436104	17		Balisako		LOCALITY	9.64165	19.05107	
L	2436105	16		Balinga		LOCALITY	10.68929	15.42992	
L	2436106	17		Balimba		LOCALITY	9.13321	18.34639	
L	2436107	05		Balili		LOCALITY	11.0779	17.8628	
L	2436108	15		Balgué		LOCALITY	11.36177	15.19014	
L	2436109	15		Balga		LOCALITY	11.02683	15.94604	
L	2436110	17		Balétoundou		LOCALITY	9.80215	18.46614	
L	2436111	19		Balémani		LOCALITY	9.0607	18.0401	
L	2436112	17		Balékoutou		LOCALITY	9.70927	18.50002	
L	2436113	17		Balékolo		LOCALITY	9.73848	18.60424	
L	2436114	15		Baleiniéré		LOCALITY	10.83821	15.74523	
L	2436115	19		Balé II		LOCALITY	8.70901	17.4729	
L	2436116	19		Balé I		LOCALITY	8.7205	17.4591	
L	2436117	17		Balèmbanga		LOCALITY	9.43525	18.4268	
L	2436120	17		Balé		LOCALITY	9.75619	19.41585	
L	2436121	17		Balé		LOCALITY	9.62671	18.90194	
L	2436122	14		Kariadou Baldoumgar		LOCALITY	9.1512	16.5192	
L	2436123	05		Baldjie		LOCALITY	12.19631	18.67533	
L	2436125	22		Balbout		LOCALITY	13.74647	15.96838	
L	2436127	06		Balaya		LOCALITY	13.58063	15.7069	
L	2436129	07		Balasi Toulo		LOCALITY	13.65	14.95	
L	2436130	01		Balarti		LOCALITY	13.9954	19.4367	
L	2436131	15		Balaray		LOCALITY	11.8744	15.90905	
L	2436132	05		Balarahi		LOCALITY	11.1234	17.904	
L	2436133	15		Balao Badjoda		LOCALITY	11.6825	16.3045	
L	2436134	15		Balao		LOCALITY	11.685	16.2664	
L	2436135	16		Balao		LOCALITY	9.96129	15.17633	
L	2436137	20		Balani		LOCALITY	9.70759	15.00629	
L	2436139	18		Bilama Issén		LOCALITY	12.42426	15.15436	
L	2436140	16		Balama		LOCALITY	10.21667	15.51667	
L	2436142	15		Balala		LOCALITY	12.06095	15.33274	
L	2436145	22		Balakoloula		LOCALITY	13.25787	15.93396	
L	2436146	06		Balakiousi		LOCALITY	14.212	14.85306	
L	2436147	14		Bala Kaye		LOCALITY	9.08333	15.75	
L	2436148	18		Balaïa		LOCALITY	12.97592	15.45965	
L	2436151	14		Bala Bogolo		LOCALITY	9.11647	15.85169	
L	2436153	17		Bala		LOCALITY	10.3355	17.9151	
L	2436154	08		Bala		LOCALITY	9.0741	16.0212	
L	2436155	08		Bala		LOCALITY	9.03333	16.13333	
L	2436158	15		Bakourou		LOCALITY	10.5982	16.2762	
L	2436160	08		Bakoul		LOCALITY	9.0661	16.1232	
L	2436161	08		Bakoul		LOCALITY	8.96356	15.98619	
L	2436164	09		Bakoua		LOCALITY	7.65	16.98333	
L	2436170	16		Bakna		LOCALITY	9.86667	15.36667	
L	2436171	20		Bakmal		LOCALITY	8.9836	15.32543	
L	2436172	14		Baklandjia		LOCALITY	9.3593	15.9546	
L	2436173	16		Baki Malaram		LOCALITY	10.51027	15.45811	
L	2436174	05		Bakhat Salman O. Diap		LOCALITY	12.7939	19.774	
L	2436175	15		Bakès Soulis		LOCALITY	10.99051	15.68223	
L	2436177	20		Bakémaï		LOCALITY	9.1675	14.5562	
L	2436180	09		Baké		LOCALITY	8.11881	16.91396	
L	2436181	14		Bakchoro		LOCALITY	9.5089	15.8155	
L	2436182	09		Bakassa		LOCALITY	8.14003	16.92003	
L	2436183	15		Bakari		LOCALITY	10.96667	15.76667	
L	2436185	05		Bakao		LOCALITY	10.8437	18.9275	
L	2436186	16		Bakao		LOCALITY	10.01667	15.78333	
L	2436187	16		Bakala		LOCALITY	10.59382	15.18195	
L	2436188	09		Bakaba		LOCALITY	7.75467	16.92293	
L	2436189	05		Baka		LOCALITY	11.0043	17.9712	
L	2436190	05		Baka		LOCALITY	10.99583	18.02771	
L	2436191	08		Baytomou		LOCALITY	8.95892	16.50563	
L	2436192	09		Baïtandi		LOCALITY	7.8624	15.8318	
L	2436193	09		Baïpadgué		LOCALITY	7.5136	15.5473	
L	2436195	09		Baïntam		LOCALITY	9.03333	16.2	
L	2436196	15		Baïngan		LOCALITY	10.76483	16.07356	
L	2436199	14		Baïn		LOCALITY	9.7224	16.3501	
L	2436200	17		Baïmbayam		LOCALITY	8.72417	18.56725	
L	2436201	15		Ba Ili		LOCALITY	10.52316	16.48196	
L	2436202	15		Ba Ili		LOCALITY	10.51859	16.4411	
L	2436203	15		Ba-Illi		LOCALITY	10.5	16.56667	
L	2436204	08		Baïla Nkankel		LOCALITY	9.00287	15.48792	
L	2436205	08		Baïla-Loutoï		LOCALITY	8.98333	15.51667	
L	2436206	08		Baila-Kali		LOCALITY	8.95	15.53333	
L	2436207	09		Baïganda		LOCALITY	8.40824	16.98544	
L	2436208	20		Baïdoum		LOCALITY	9.2923	14.5457	
L	2436209	20		Baïda Djérassim		LOCALITY	9.1367	14.9033	
L	2436210	20		Baïda Bara		LOCALITY	9.098	14.8424	
L	2436211	20		Baïda Baïla		LOCALITY	9.2192	14.9301	
L	2436212	09		Baïbokoum		LOCALITY	7.74231	15.68999	13217
L	2436214	09		Baïbokom		LOCALITY	8.23333	16.25	
L	2436217	18		Bahr Sakher		LOCALITY	12.71667	16.55	
L	2436221	17		Bahitra		LOCALITY	9.74623	17.78533	
L	2436223	16		Bahima		LOCALITY	10.54244	15.91225	
L	2436226	16		Bagui		LOCALITY	10.85	15.36667	
L	2436227	09		Béguétibé		LOCALITY	7.74486	16.07606	
L	2436230	08		Baguedjam		LOCALITY	9.014	16.3771	
L	2436231	08		Bagoun		LOCALITY	8.81667	15.46667	
L	2436232	08		Bagoum		LOCALITY	8.8122	15.5105	
L	2436234	05		Bagoudam		LOCALITY	12.28281	18.47003	
L	2436236	16		Bagoua		LOCALITY	10.68276	15.47112	
L	2436237	16		Bagou		LOCALITY	9.9221	15.1738	
L	2436238	09		Bagodogo		LOCALITY	7.65385	15.71576	
L	2436241	14		Bangneu		LOCALITY	10.03333	16.75	
L	2436243	14		Bagay Déoué		LOCALITY	9.42387	15.87822	
L	2436244	20		Baguenda		LOCALITY	9.02089	15.11446	
L	2436246	15		Bague		LOCALITY	11.72561	15.20521	
L	2436247	08		Bagdogo		LOCALITY	9.0106	16.1537	
L	2436248	14		Bagay Toua		LOCALITY	9.455	15.8473	
L	2436249	14		Bagay Toua		LOCALITY	9.42916	15.84172	
L	2436250	14		Bagaye Tchilang		LOCALITY	9.41667	15.81667	
L	2436251	16		Domo Bargay		LOCALITY	9.48859	15.56672	
L	2436252	15		Bagat		LOCALITY	11.9207	16.4019	
L	2436253	07		Baga Sola		LOCALITY	13.5375	14.31395	
L	2436256	16		Bagareye		LOCALITY	10.35	15.31667	
L	2436259	07		Baga Ngolia		LOCALITY	13.83333	14.41667	
L	2436260	14		Bagan Batran		LOCALITY	9.42019	15.93323	
L	2436262	16		Bagama		LOCALITY	9.8732	15.367	
L	2436264	07		Baga Kouka		LOCALITY	13.83333	14.41667	
L	2436265	07		Baga Kiskra		LOCALITY	13.80338	14.15237	
L	2436268	21		Bagachi	بغاشي	LOCALITY	12.2	14.93333	
L	2436270	19		Baga		LOCALITY	8.00803	17.34266	
L	2436272	20		Bafou		LOCALITY	9.9487	14.3732	
L	2436273	01		Badré		LOCALITY	13.31045	19.54051	
L	2436274	05		Badré		LOCALITY	11.80152	18.96414	
L	2436275	20		Badouan		LOCALITY	9.1622	14.6806	
L	2436276	05		Badogo		LOCALITY	12.00731	18.88633	
L	2436279	15		Badjire		LOCALITY	11.77252	15.8775	
L	2436280	05		Badjiao		LOCALITY	11.2018	17.4701	
L	2436281	06		Badjia		LOCALITY	13.91231	15.6108	
L	2436282	06		Badjia		LOCALITY	13.89627	15.57265	
L	2436284	20		Badjé		LOCALITY	9.1419	14.5709	
L	2436286	05		Badio		LOCALITY	11.3	17.45	
L	2436287	20		Badiga		LOCALITY	9.4699	14.9659	
L	2436288	17		Badi		LOCALITY	10.5026	19.4844	
L	2436289	14		Badgué		LOCALITY	9.1351	16.5362	
L	2436290	07		Badéri		LOCALITY	13.6489	15.36887	
L	2436291	14		Baden		LOCALITY	9.7022	16.6267	
L	2436292	15		Badel		LOCALITY	10.00779	16.89588	
L	2436293	15		Badech		LOCALITY	12.1177	15.83022	
L	2436294	17		Badé		LOCALITY	9.1872	18.3658	
L	2436295	08		Badé		LOCALITY	8.5107	15.7598	
L	2436297	06		Badari		LOCALITY	13.3464	15.81273	
L	2436299	18		Badanga		LOCALITY	11.59917	17.41583	
L	2436300	08		Badang		LOCALITY	9.0092	16.3278	
L	2436301	05		Badanbé		LOCALITY	12.17306	18.53767	
L	2436302	05		Badal		LOCALITY	12.5857	19.9694	
L	2436303	05		Badago		LOCALITY	11.9888	18.8868	
L	2436304	19		Bada		LOCALITY	8.67913	17.71089	
L	2436305	16		Léo Baktano		LOCALITY	9.6482	15.7211	
L	2436306	18		Bachoum		LOCALITY	12.84247	15.65556	
L	2436308	01		Bachèr		LOCALITY	13.1859	18.3343	
L	2436310	01		Bachama		LOCALITY	13.9404	19.5906	
L	2436311	01		Bachama		LOCALITY	13.39152	19.27851	
L	2436312	14		Babrr		LOCALITY	9.159	16.0805	
L	2436313	14		Babrou		LOCALITY	9.21667	16.41667	
L	2436315	17		Babon		LOCALITY	9.2459	18.2063	
L	2436316	09		Babo		LOCALITY	8.5214	17.0905	
L	2436317	05		Babnia		LOCALITY	10.7117	17.8866	
L	2436318	05		Babna		LOCALITY	11.6089	17.5307	
L	2436320	08		Barbina		LOCALITY	8.82234	15.73192	
L	2436322	14		Babelo		LOCALITY	9.2141	16.4166	
L	2436323	01		Baba Tchioutcho		LOCALITY	12.75203	17.96486	
L	2436324	09		Babao		LOCALITY	7.8433	15.6562	
L	2436327	01		Baba Malik		LOCALITY	12.78031	17.98166	
L	2436331	20		Babalao		LOCALITY	9.01129	15.07286	
L	2436336	01		Baba Djimez		LOCALITY	12.76607	17.97748	
L	2436337	01		Baba Bornou		LOCALITY	12.75394	17.98568	
L	2436340	06		Baala		LOCALITY	13.78374	15.38766	
L	2436342	16		Baadi		LOCALITY	10.7047	16.0644	
L	2436344	19		Baa		LOCALITY	8.7661	17.42075	
L	2436347	08		Ba		LOCALITY	8.5503	15.8572	
L	2436349	18		Azoti		LOCALITY	12.77925	14.88129	
L	2436353	16		Azimiri		LOCALITY	10.61667	15.23333	
L	2436354	05		Azi		LOCALITY	12.35771	18.34433	
L	2436356	01		Azereff		LOCALITY	13.88333	19.16667	
L	2436359	01		Azaraf		LOCALITY	13.16667	18.63333	
L	2436362	18		Aziliguen		LOCALITY	12.39243	15.81253	
L	2436364	18		Azaba		LOCALITY	12.42871	15.81959	
L	2436365	06		Ayouloumi		LOCALITY	14.24495	15.20577	
L	2436366	06		Ayouloum		LOCALITY	14.13606	15.27506	
L	2436368	06		Aykolé		LOCALITY	13.68195	15.42206	
L	2436369	06		Ayiloum		LOCALITY	14.25484	15.19112	
L	2436370	07		Ayérom		LOCALITY	13.49817	15.2052	
L	2436371	16		Ayédéna		LOCALITY	10.5698	15.33471	
L	2436375	05		Aya I		LOCALITY	10.28333	18.96667	
L	2436378	18		Ayaba		LOCALITY	12.44214	15.45506	
L	2436380	05		Aya		LOCALITY	10.3483	19.0395	
L	2436381	22		Awaydoulou		LOCALITY	13.4271	16.3337	
L	2436384	01		At Tomat		LOCALITY	13.056	18.1757	
L	2436385	01		At Tawil		LOCALITY	13.1348	18.1078	
L	2436386	01		Attaouil		LOCALITY	13.28333	18.91667	
L	2436388	22		Atron		LOCALITY	13.3604	16.2407	
L	2436389	21		Atrone		DISTRICT	12.09734	15.12864	
L	2436391	05		Atourfa Dabkarin		LOCALITY	12.6434	19.8475	
L	2436393	16		Atoulaye		LOCALITY	10.73024	15.24969	
L	2436396	06		Atinigech		LOCALITY	13.57475	15.75471	
L	2436397	01		Atimed		LOCALITY	13.0792	19.9791	
L	2436398	01		Ati Ardébé		LOCALITY	12.74606	17.66856	
L	2436399	05		Atia		LOCALITY	11.1342	17.9419	
L	2436400	01		Ati	آتيا	CITY	13.2138	18.3393	29867
L	2436404	18		Atéchan		LOCALITY	12.82271	15.33222	
L	2436409	05		Atché Fourta		LOCALITY	12.32171	18.96313	
L	2436412	05		Ataway		LOCALITY	10.0254	18.6455	
L	2436413	01		At Aouil		LOCALITY	13.2796	18.8566	
L	2436414	16		Atao		LOCALITY	11.18637	15.35904	
L	2436415	01		Atala		LOCALITY	13.2472	19.3306	
L	2436416	06		Atait		LOCALITY	13.75731	15.6948	
L	2436417	06		Ataït		LOCALITY	13.54823	15.63976	
L	2436418	18		Assouèt		LOCALITY	12.38255	15.17432	
L	2436420	16		Assian		LOCALITY	10.70057	15.4056	
L	2436421	01		Es Sénit		LOCALITY	13.5025	19.8187	
L	2436423	01		Asafik		LOCALITY	13.1676	19.42823	
L	2436424	15		Asromi		LOCALITY	11.85513	15.11251	
L	2436425	18		Assourdjé		LOCALITY	12.43169	15.37465	
L	2436427	18		Assuecté		LOCALITY	12.7206	14.96081	
L	2436430	18		Assouala		LOCALITY	12.49395	15.82137	
L	2436431	01		Asnet	قائمقامية أسيني	LOCALITY	13.22476	19.19855	
L	2436432	18		Askoya		LOCALITY	12.52333	15.075	
L	2436438	01		Askanité		LOCALITY	13.7303	19.9425	
L	2436439	18		Askanit		LOCALITY	12.83088	14.95487	
L	2436440	01		Askaniété		LOCALITY	13.11667	18.36667	
L	2436441	06		Askanga		LOCALITY	13.60369	15.85466	
L	2436446	18		Asinet		LOCALITY	12.5592	16.48872	
L	2436448	18		Assiguet		LOCALITY	12.85007	14.97234	
L	2436449	07		Asidoronga		LOCALITY	13.88333	14.36667	
L	2436450	01		Asènét		LOCALITY	13.4707	18.6139	
L	2436451	06		Asay Yooura		LOCALITY	13.59828	15.60767	
L	2436453	18		Assarté		LOCALITY	12.90328	15.07295	
L	2436454	06		Asaroa		LOCALITY	13.24204	15.90088	
L	2436455	18		Asankéri		LOCALITY	13.12668	15.55024	
L	2436456	07		Asankadori		LOCALITY	13.63393	15.32559	
L	2436457	15		Asan		LOCALITY	11.09754	15.85941	
L	2436458	18		Asairom		LOCALITY	13.17005	15.77264	
L	2436459	06		Arzat		LOCALITY	13.51871	15.56609	
L	2436460	01		Aryané		LOCALITY	13.0861	18.5224	
L	2436463	06		Artiéna		LOCALITY	14.04808	15.26213	
L	2436465	06		Arti		LOCALITY	14.19825	14.76751	
L	2436468	15		Arsi Dabono		LOCALITY	11.4487	15.3586	
L	2436474	07		Arounga		LOCALITY	13.5557	15.31383	
L	2436475	06		Arounanga		LOCALITY	13.64102	15.83188	
L	2436476	07		Arou		LOCALITY	13.75	14.28333	
L	2436483	16		Arnaya		LOCALITY	10.53829	15.6037	
L	2436484	15		Arnab		LOCALITY	12.2741	15.43596	
L	2436497	15		Arkoua		LOCALITY	11.5515	16.2553	
L	2436500	22		Arkomou		LOCALITY	13.32536	15.94107	
L	2436501	22		Arkolo		LOCALITY	13.9063	15.89205	
L	2436504	06		Arkinde		LOCALITY	14.31717	15.25787	
L	2436516	15		Arkala		LOCALITY	11.00131	15.80625	
L	2436519	18		Ariourou		LOCALITY	13.02504	15.62958	
L	2436520	22		Arioungha		LOCALITY	13.5446	16.0948	
L	2436521	07		Aringa		LOCALITY	13.56987	15.28493	
L	2436524	18		Riguéïg		LOCALITY	12.44659	15.09332	
L	2436529	22		Ariatjou		LOCALITY	13.6328	16.471	
L	2436531	07		Ari		LOCALITY	13.5983	15.20804	
L	2436532	07		Arh		LOCALITY	13.76667	14.28333	
L	2436538	01		Argoudgafa		LOCALITY	12.97251	18.51283	
L	2436540	08		Argao		LOCALITY	8.27434	15.60715	
L	2436541	05		Arga		LOCALITY	11.7453	18.6392	
L	2436542	15		Arfi		LOCALITY	11.28827	15.33454	
L	2436543	06		Arfa		LOCALITY	13.67859	15.73599	
L	2436549	07		Aré		LOCALITY	13.62484	15.29958	
L	2436560	01		Erdébé		LOCALITY	13.8562	19.2055	
L	2436561	18		Ardébé		LOCALITY	12.44421	14.91153	
L	2436562	18		Ardebé		LOCALITY	12.23616	17.03762	
L	2436563	15		Ardébé		LOCALITY	12.04099	15.1566	
L	2436564	18		Ardébé		LOCALITY	11.9015	17.2791	
L	2436567	01		Arda		LOCALITY	13.2118	18.4695	
L	2436568	15		Archi		LOCALITY	11.45	15.41667	
L	2436569	15		Archi		LOCALITY	11.26747	15.33835	
L	2436570	18		Arboutchatak		LOCALITY	12.12937	17.55405	
L	2436577	18		Arazafodri		LOCALITY	13.06811	15.67765	
L	2436579	18		Araza		LOCALITY	13.09022	15.64578	
L	2436580	18		Araza		LOCALITY	12.53853	15.57277	
L	2436582	15		Araz		LOCALITY	11.91821	15.89176	
L	2436583	18		Arayourou		LOCALITY	13.08859	15.71356	
L	2436584	06		Arayouro		LOCALITY	13.60221	15.70313	
L	2436585	06		Arayérou		LOCALITY	13.51828	15.53522	
L	2436591	18		Araré		LOCALITY	12.83757	15.41479	
L	2436592	05		Aranha		LOCALITY	12.02201	18.15503	
L	2436598	18		Arakay		LOCALITY	12.50381	17.14376	
L	2436600	01		Araka		LOCALITY	12.48785	17.35333	
L	2436601	05		Araka		LOCALITY	12.36711	19.43415	
L	2436603	15		Araïl		LOCALITY	12.06314	16.00485	
L	2436607	01		Aradip el Achra		LOCALITY	13.074	18.4677	
L	2436611	18		Arada		LOCALITY	12.94771	16.70666	
L	2436623	01		Ab Kous		LOCALITY	13.6027	19.1755	
L	2436625	18		Apaga		LOCALITY	12.48333	14.93333	
L	2436628	26		Aozou	أوزو	LOCALITY	21.8375	17.4275	1880
L	2436632	23		Aozi		LOCALITY	21.06667	18.68333	
L	2436633	15		Aouta		LOCALITY	11.73642	15.47133	
L	2436635	07		Aousoudé		LOCALITY	13.9	14.33333	
L	2436637	15		Aouri		LOCALITY	11.60716	15.1047	
L	2436641	18		Aouni		LOCALITY	12.95	16.78333	
L	2436642	06		Aoungété		LOCALITY	13.85704	15.48235	
L	2436648	01		Aouid Ellèl		LOCALITY	12.98171	18.51973	
L	2436650	16		Aouhaya		LOCALITY	10.82019	15.23931	
L	2436655	07		Aoudorom		LOCALITY	13.52367	15.42355	
L	2436658	18		Aoudalou		LOCALITY	12.95308	15.42865	
L	2436660	06		Aouarom		LOCALITY	13.70547	15.47456	
L	2436667	08		Aolé		LOCALITY	8.38183	15.52103	
L	2436681	05		Antéréné		LOCALITY	11.6747	18.6548	
L	2436682	18		Antchi Tchoulouma		LOCALITY	13.12121	15.8161	
L	2436683	05		Antarena		LOCALITY	11.1088	17.9396	
L	2436684	06		Anoukinga		LOCALITY	13.74442	15.6268	
L	2436685	18		Anouara		LOCALITY	12.38289	15.82295	
L	2436691	18		Ankhar		LOCALITY	12.24264	15.00368	
L	2436692	18		Ankar		LOCALITY	12.25245	14.98691	
L	2436697	09		Angouma		LOCALITY	8.37	15.3498	
L	2436698	15		An Goudoum		LOCALITY	11.84123	15.9119	
L	2436700	07		Ango		LOCALITY	13.48333	14.83333	
L	2436709	01		Angalbé		LOCALITY	13.1573	18.2734	
L	2436713	22		Anga		LOCALITY	13.91536	15.66213	
L	2436714	15		Anga		LOCALITY	11.9952	16.2432	
L	2436716	05		Anegato		LOCALITY	10.87	17.4365	
L	2436720	15		Andreï		LOCALITY	12.23333	16.5	
L	2436721	06		Andra		LOCALITY	14.31071	15.23343	
L	2436723	09		Anndoum		LOCALITY	8.1655	15.7482	
L	2436724	19		Andjimana		LOCALITY	8.2174	17.3725	
L	2436725	06		Andjialay		LOCALITY	13.57884	15.78589	
L	2436727	08		Andji		LOCALITY	8.8412	15.8686	
L	2436728	15		Andja Iba		LOCALITY	11.03831	15.46672	
L	2436730	05		Andi-Kamis		LOCALITY	10.7475	17.9465	
L	2436731	05		Andi Garbokoum		LOCALITY	10.7394	17.9247	
L	2436743	13		Anabaga		LOCALITY	10.4041	19.9112	
L	2436744	01		Am Ziefa		LOCALITY	13.2061	18.1905	
L	2436746	01		Am Zéréga		LOCALITY	13.0793	18.7126	
L	2436747	01		Am Zééfé		LOCALITY	13.8217	19.2203	
L	2436748	01		Am Zarga		LOCALITY	13.2631	18.3436	
L	2436749	01		Am Zarfaï		LOCALITY	13.38333	18.43333	
L	2436751	05		Am Yoma		LOCALITY	12.51061	18.75173	
L	2436761	01		Am Timès		LOCALITY	13.3003	18.1529	
L	2436762	01		Am Timès		LOCALITY	13.2823	18.1821	
L	2436763	18		Am Tchokoro		LOCALITY	13.00016	15.92763	
L	2436765	05		Am Tchaké		LOCALITY	12.7577	19.2959	
L	2436766	01		Am Targay		LOCALITY	13.16667	18.33333	
L	2436770	15		Am Tanabo		LOCALITY	12.0686	16.12739	
L	2436774	01		Am Tachouka		LOCALITY	13.1254	18.3284	
L	2436775	01		Am Tabarik		LOCALITY	12.9596	19.1291	
L	2436776	01		Am Souaasil		LOCALITY	13.1865	18.3667	
L	2436777	15		Am Sitep		LOCALITY	11.94928	15.65107	
L	2436778	18		Am Siteb		LOCALITY	12.53555	16.72835	
L	2436780	01		Am Sinété		LOCALITY	12.75	19.1636	
L	2436782	15		Am Siguet		LOCALITY	12.12984	15.14724	
L	2436783	15		Am Sigan		LOCALITY	12.10811	16.09866	
L	2436784	13		Am Sigan		LOCALITY	11.6804	19.8544	
L	2436785	01		Am Sidré		LOCALITY	12.98361	19.15919	
L	2436786	18		Am Souneta Karaga		LOCALITY	12.6552	15.80251	
L	2436787	18		Am Sénété		LOCALITY	12.55115	15.52369	
L	2436789	22		Am Sélep		LOCALITY	13.375	16.7821	
L	2436793	01		Am Séayal		LOCALITY	13.72	19.7811	
L	2436794	01		Am Sayala Migédj		LOCALITY	13.03503	17.80546	
L	2436795	01		Am Sayala Kaksoro		LOCALITY	13.09956	17.85108	
L	2436796	01		Am Sayala Haddad		LOCALITY	13.02961	17.78773	
L	2436797	01		Am Sayala Alifa		LOCALITY	13.03292	17.77323	
L	2436799	18		Amsamka		LOCALITY	11.6754	17.0929	
L	2436800	18		Am Sakin		LOCALITY	12.34257	17.10249	
L	2436801	18		Am Sakiné		LOCALITY	11.84576	17.40749	
L	2436802	15		Am Sakine		LOCALITY	10.9972	17.1843	
L	2436806	18		Am Sakîn		LOCALITY	12.44216	15.30079	
L	2436807	18		Am Sakîn		LOCALITY	12.41139	15.22311	
L	2436809	01		Am Sak		LOCALITY	13.6733	19.7578	
L	2436810	01		Am Sak		LOCALITY	13.23333	19.53333	
L	2436814	05		Amrir Guifer		LOCALITY	11.9747	19.0178	
L	2436815	01		Am Rimélé		LOCALITY	12.8954	19.388	
L	2436816	15		Am Riguébé		LOCALITY	12.12051	15.14257	
L	2436819	18		Amray		LOCALITY	13.03737	15.84909	
L	2436823	16		Amoya		LOCALITY	10.55	15.3	
L	2436828	06		Amout		LOCALITY	13.66948	15.55416	
L	2436831	18		Am Ourel		LOCALITY	12.50906	17.21681	
L	2436832	01		Amour		LOCALITY	12.7718	19.2293	
L	2436834	01		Am Ouled		LOCALITY	13.70867	19.65745	
L	2436835	01		Am Ouled		LOCALITY	13.66667	19.71667	
L	2436837	01		Amoudel Morfaïn		LOCALITY	13.0204	18.1534	
L	2436838	18		Amoudator		LOCALITY	12.51297	15.95037	
L	2436839	15		Amoudater		LOCALITY	11.16044	15.86223	
L	2436840	15		Hamoud al Ridjal		LOCALITY	11.63609	15.46727	
L	2436841	18		Amouchéïr		LOCALITY	12.49098	15.85491	
L	2436843	01		Am Nielim		LOCALITY	13.53804	19.68205	
L	2436844	15		Am Niédouan		LOCALITY	12.12576	16.10796	
L	2436847	05		Am Nabak		LOCALITY	12.60771	19.68771	
L	2436848	05		Am Nabak		LOCALITY	12.4986	19.273	
L	2436849	01		Am Maya		LOCALITY	12.98221	18.36153	
L	2436854	01		Ab Malay		LOCALITY	13.2564	18.3795	
L	2436855	18		Am Malak		LOCALITY	12.34971	17.22038	
L	2436856	01		Am Maati		LOCALITY	13.5083	18.6095	
L	2436857	18		Am Loubia		LOCALITY	12.50009	16.19373	
L	2436858	18		Am Loubia		LOCALITY	12.2519	17.01599	
L	2436860	01		Am Leména		LOCALITY	13.1778	19.975	
L	2436862	01		Am Laména		LOCALITY	12.8697	19.4003	
L	2436863	05		Am Lagadip Naga		LOCALITY	12.8783	19.6717	
L	2436864	05		Am Lagadip Doungous		LOCALITY	12.8709	19.6566	
L	2436865	15		Amladoba Yana		LOCALITY	10.9804	16.283	
L	2436866	15		Amladoba Abitcha		LOCALITY	10.9673	16.2906	
L	2436867	18		Am Ladoba		LOCALITY	12.03838	17.39649	
L	2436868	15		Amladoba		LOCALITY	10.7949	16.5773	
L	2436869	06		Am Kouyouk		LOCALITY	13.51075	15.76589	
L	2436871	06		Am Kouil		LOCALITY	13.46332	15.75207	
L	2436872	18		Am Kouakib		LOCALITY	12.95557	16.60862	
L	2436874	01		Am Kornoy		LOCALITY	13.3684	18.3144	
L	2436875	01		Am Kornoï		LOCALITY	13.25	18.3	
L	2436876	05		Am Kofé		LOCALITY	12.7614	19.2523	
L	2436877	22		Am Ko Dagéchi		LOCALITY	13.2961	16.5815	
L	2436878	22		Am Ko		LOCALITY	13.3045	16.5943	
L	2436879	13		Am Kiféou		LOCALITY	10.50974	19.96569	
L	2436882	05		Am Khoumi		LOCALITY	12.8301	19.7133	
L	2436885	15		Am Kasaye		LOCALITY	10.75542	17.10546	
L	2436886	05		Am Karouma		LOCALITY	11.0752	18.3759	
L	2436887	13		Am Karoubay		LOCALITY	12.3859	19.9804	
L	2436888	01		Am Karouba		LOCALITY	13.26667	19.38333	
L	2436889	01		Am Kharouba		LOCALITY	13.0759	18.6376	
L	2436890	01		Am Karouba		LOCALITY	12.70148	18.05443	
L	2436891	05		Am Karouba		LOCALITY	12.11741	18.45233	
L	2436892	01		Am Karib		LOCALITY	13.2315	19.2884	
L	2436894	05		Am Karakir		LOCALITY	12.8211	19.8329	
L	2436895	15		Am Kadamol		LOCALITY	11.98122	15.76569	
L	2436896	15		Am Kachaoua		LOCALITY	10.8156	16.5615	
L	2436897	01		Am Kachao		LOCALITY	13.037	18.7651	
L	2436899	01		Am Kabasna		LOCALITY	13.41667	18.35	
L	2436902	15		Amioune		LOCALITY	10.95442	15.54769	
L	2436905	06		Amié		LOCALITY	13.37615	15.81221	
L	2436908	06		Ami		LOCALITY	14.00728	15.22284	
L	2436909	05		Am Himédé		LOCALITY	12.6276	19.7352	
L	2436910	05		Am Himédé		LOCALITY	12.5748	19.2564	
L	2436911	05		Am Himédé		LOCALITY	12.3176	19.6234	
L	2436913	18		Am Hataba		LOCALITY	12.90097	16.21627	
L	2436917	01		Am Habilé Dia		LOCALITY	13.2601	19.52294	
L	2436918	01		Am Habilé		LOCALITY	12.9043	19.4396	
L	2436919	05		Am Habilé		LOCALITY	12.1248	19.2785	
L	2436920	13		Am Habilé		LOCALITY	11.4369	19.9019	
L	2436921	15		Am Habilé		LOCALITY	10.8326	16.5583	
L	2436922	01		Am Goz		LOCALITY	13.6932	19.6189	
L	2436923	22		Am Gouson		LOCALITY	13.81913	15.89547	
L	2436925	06		Am Goudou		LOCALITY	13.82682	15.57704	
L	2436926	18		Am Goché		LOCALITY	12.38105	15.31266	
L	2436928	18		Am Goré Saker		LOCALITY	13.0174	16.8076	
L	2436929	18		Am Goré		LOCALITY	13.0279	16.8358	
L	2436932	18		Amgoch		LOCALITY	12.8	14.71667	
L	2436933	18		Am Guifel		LOCALITY	12.48771	15.30257	
L	2436938	05		Amgatoura		LOCALITY	12.1711	19.1318	
L	2436940	05		Am Garkoy Doungous		LOCALITY	12.5703	19.5846	
L	2436941	01		Am Gardiana		LOCALITY	13.23333	19.3	
L	2436942	01		Am Garada		LOCALITY	13.38333	18.28333	
L	2436943	18		Am Gar		LOCALITY	12.41918	15.78948	
L	2436944	18		Am Gantoura		LOCALITY	12.3237	17.04267	
L	2436945	15		Am Ganabol		LOCALITY	12.15207	16.11171	
L	2436946	15		Amgadao		LOCALITY	11.415	16.4798	
L	2436948	01		Am Frérib		LOCALITY	13.33381	19.96929	
L	2436951	18		Am es Sakin		LOCALITY	12.87766	16.56056	
L	2436952	18		Amérom		LOCALITY	13.39809	15.32315	
L	2436958	13		Am Dringal		LOCALITY	10.268	19.9545	
L	2436962	01		Am Dourban		LOCALITY	13.2453	19.5329	
L	2436966	18		Am Doma		LOCALITY	12.51282	16.67762	
L	2436967	06		Am Dobak		LOCALITY	13.3339	15.67161	
L	2436969	01		Am Djoufour		LOCALITY	13.1458	19.6891	
L	2436970	01		Am Djoudoula		LOCALITY	13.11078	17.4526	
L	2436972	06		Am Djidad		LOCALITY	13.63784	15.53749	
L	2436973	15		Amdjiamala		LOCALITY	11.0837	16.3498	
L	2436974	01		Am Djénaba		LOCALITY	13.15304	17.74122	
L	2436979	01		Am Djéména		LOCALITY	13.1089	17.3145	
L	2436980	18		Am Djéména		LOCALITY	13.0055	15.81094	
L	2436981	18		Am Djemena		LOCALITY	12.78452	14.82614	
L	2436982	18		Am Djemena		LOCALITY	12.6869	16.7351	
L	2436983	18		Am Djéména		LOCALITY	12.36842	15.25655	
L	2436984	05		Am Djèmèna		LOCALITY	12.26151	18.43733	
L	2436985	21		Am Djéména		LOCALITY	12.1604	15.02741	
L	2436986	15		Am Djéména		LOCALITY	12.00002	15.22314	
L	2436987	15		Am Djemena		LOCALITY	11.93563	15.65226	
L	2436988	13		Am Djéména		LOCALITY	11.3876	19.2279	
L	2436989	05		Amdjémana		LOCALITY	11.38333	18.53333	
L	2436990	05		Am Djelfé		LOCALITY	12.7555	19.7965	
L	2436991	01		Am Djabora		LOCALITY	13.2218	18.2788	
L	2436992	15		Amdjaroungo		LOCALITY	12.08349	15.54365	
L	2436993	13		Am Djaber		LOCALITY	11.2262	19.7033	
L	2436994	20		Amdja		LOCALITY	9.84054	16.05338	
L	2436997	01		Am Derias		LOCALITY	13.4352	18.534	
L	2436998	18		Am Derba		LOCALITY	12.57301	15.83619	
L	2437001	15		Am Débip		LOCALITY	12.07559	16.08977	
L	2437002	18		Am Darangal		LOCALITY	12.04829	16.8672	
L	2437004	18		Am Damalik		LOCALITY	12.38503	15.61653	
L	2437006	01		Am Dam		LOCALITY	13.2771	19.4702	
L	2437008	18		Am Dalaoua		LOCALITY	12.27258	15.1185	
L	2437010	05		Amdakour		LOCALITY	12.62111	18.67463	
L	2437011	18		Am Dagaguer		LOCALITY	12.54959	15.25315	
L	2437013	01		Am Dabang		LOCALITY	13.9723	19.4531	
L	2437015	15		Am Chioka		LOCALITY	11.17811	15.61204	
L	2437016	18		Am Chidéde		LOCALITY	12.42408	16.91623	
L	2437017	06		Am Chibey		LOCALITY	13.68689	15.85312	
L	2437019	01		Am Cherma		LOCALITY	13.30286	19.64373	
L	2437020	01		Am Cherma		LOCALITY	13.25	19.65	
L	2437021	18		Am Chéchia		LOCALITY	12.83745	15.5291	
L	2437022	18		Am Charma		LOCALITY	12.96438	15.84089	
L	2437024	01		Am Chalakh		LOCALITY	13.1698	18.3986	
L	2437026	01		Am Brahim		LOCALITY	13.2933	18.4182	
L	2437028	06		Ambra		LOCALITY	13.79584	15.46846	
L	2437029	01		Am Bouza		LOCALITY	13.1	19.11667	
L	2437030	01		Am Bouza		LOCALITY	13.0549	18.1022	
L	2437031	05		Am Bourtouk Bandar		LOCALITY	12.8575	19.5585	
L	2437032	18		Am Boung	أم بونق	LOCALITY	12.30972	15.00763	
L	2437034	15		Am Bougouna		LOCALITY	12.04502	15.23037	
L	2437035	01		Am Bouati		LOCALITY	13.4524	19.7603	
L	2437036	18		Am Bololi		LOCALITY	12.28961	15.16136	
L	2437037	18		Am Bolile		LOCALITY	12.91889	15.1253	
L	2437038	07		Amboa		LOCALITY	14.22715	13.77002	
L	2437042	21		Ambétéwa		LOCALITY	12.21667	14.98333	
L	2437043	06		Am Béren		LOCALITY	13.76232	15.5609	
L	2437044	15		Am Bouramat		LOCALITY	12.17595	15.95487	
L	2437045	18		Am Bélita		LOCALITY	12.91418	15.09524	
L	2437047	15		Am Bassatna		LOCALITY	12.14011	15.44292	
L	2437048	15		Am Bassatna		LOCALITY	12.06696	15.28947	
L	2437049	18		Am Batchay		LOCALITY	12.71831	16.54055	
L	2437050	15		Ambassatna		LOCALITY	11.96933	15.38681	
L	2437051	05		Ambassana		LOCALITY	11.0565	18.3749	
L	2437052	15		Am Bassakane		LOCALITY	12.1	16.1	
L	2437053	14		Anbasglao		LOCALITY	9.6035	15.8632	
L	2437054	18		Ambassana		LOCALITY	12.67186	14.72858	
L	2437055	18		Ambassatna		LOCALITY	12.58516	14.94721	
L	2437056	18		Ambasatna		LOCALITY	12.43756	17.16103	
L	2437057	18		Ambasadna		LOCALITY	12.79933	14.90063	
L	2437058	05		Am Bourtouk Doungous		LOCALITY	12.852	19.5662	
L	2437062	15		Ambarat		LOCALITY	12.11141	15.77411	
L	2437064	15		Am Badié		LOCALITY	12.24628	15.2065	
L	2437065	01		Am Baday		LOCALITY	13.3113	18.2424	
L	2437066	01		Am Baday		LOCALITY	13.1814	18.5094	
L	2437067	15		Am Bachakouche		LOCALITY	11.66302	15.25061	
L	2437068	15		Amayoro		LOCALITY	10.9926	16.2162	
L	2437073	05		Amasi		LOCALITY	11.0041	17.9285	
L	2437074	15		Am Arouma		LOCALITY	10.7	16.68333	
L	2437077	05		Am Arba		LOCALITY	12.5636	19.2265	
L	2437078	18		Amarati		LOCALITY	11.8954	17.1213	
L	2437079	15		Amarari		LOCALITY	11.13445	15.73906	
L	2437081	01		Am Antimoun		LOCALITY	13.21667	19.45	
L	2437082	01		Amana		LOCALITY	13.04445	17.32334	
L	2437085	18		Am Al Grous		LOCALITY	12.625	15.01321	
L	2437086	18		Amalgueit		LOCALITY	12.79825	14.59333	
L	2437088	20		Ama Koulio		LOCALITY	9.0202	15.22467	
L	2437094	06		Amadiara		LOCALITY	13.9999	15.56919	
L	2437095	06		Amadi		LOCALITY	13.74901	15.36435	
L	2437097	15		Amabili		LOCALITY	11.5558	16.6192	
L	2437098	01		Am Abilé		LOCALITY	13.0842	18.6976	
L	2437099	05		Amabila		LOCALITY	12.25615	17.58693	
L	2437102	13		Al Ghachghacha		LOCALITY	10.1802	19.6957	
L	2437103	18		Al Ramsa		LOCALITY	12.76747	14.87442	
L	2437107	18		Alousan		LOCALITY	12.42226	16.14275	
L	2437108	15		Aloundé		LOCALITY	10.9841	16.2238	
L	2437109	15		Aloundé		LOCALITY	10.9416	16.2609	
L	2437110	05		Alouna		LOCALITY	10.9091	18.563	
L	2437114	18		Aloufa		LOCALITY	12.42306	17.0497	
L	2437115	05		Alouf		LOCALITY	12.2244	19.3057	
L	2437116	13		Al Oubana		LOCALITY	10.3774	19.9345	
L	2437120	06		Alotogrom		LOCALITY	14.38697	15.22425	
L	2437125	05		Alogué		LOCALITY	11.96316	18.72654	
L	2437126	15		Alagarno		LOCALITY	10.97726	15.92477	
L	2437127	05		Aloda		LOCALITY	11.4	18.16667	
L	2437128	18		Al Mourgag		LOCALITY	12.51035	16.1715	
L	2437129	01		Al Moura		LOCALITY	13.1325	18.6844	
L	2437130	18		Almoura		LOCALITY	11.7801	16.9461	
L	2437131	15		Almour		LOCALITY	12.2246	15.10492	
L	2437133	16		Almi		LOCALITY	9.4647	15.3486	
L	2437135	18		Alemgrah		LOCALITY	12.78157	14.87097	
L	2437136	15		Al Melguerguef		LOCALITY	12.23302	15.25991	
L	2437137	15		Al Massia		LOCALITY	12.20929	15.83653	
L	2437139	15		Al Maloua		LOCALITY	12.1848	15.75484	
L	2437140	15		Al Mélihé		LOCALITY	12.03502	15.40789	
L	2437142	01		Al Mahagar		LOCALITY	13.197	18.4924	
L	2437143	14		Alma Goumna		LOCALITY	9.6007	16.1727	
L	2437144	18		Al Mafour		LOCALITY	12.06249	17.09293	
L	2437146	05		Al Libédat		LOCALITY	12.5162	19.3855	
L	2437147	05		Al Lébéid		LOCALITY	12.5324	19.4525	
L	2437150	01		Allantana		LOCALITY	12.74163	17.11992	
L	2437152	18		Allagay		LOCALITY	12.78333	14.58333	
L	2437153	15		Allagarno Lawansaïd		LOCALITY	10.9494	16.0367	
L	2437158	18		Alkouk		LOCALITY	12.87728	15.03199	
L	2437159	18		Al Kouk		LOCALITY	12.38106	16.48344	
L	2437160	15		Al Kouk		LOCALITY	12.24976	15.97915	
L	2437165	15		Alkilkil		LOCALITY	11.1137	16.8829	
L	2437167	15		Alkife		LOCALITY	11.99416	15.85278	
L	2437168	01		Al Kiézi		LOCALITY	13.2537	19.7902	
L	2437169	01		Al Kiaisi		LOCALITY	13.6	19.65	
L	2437172	01		Al Kátit		LOCALITY	13.3435	19.0351	
L	2437174	01		Al Kaba		LOCALITY	13.9029	19.4102	
L	2437176	13		Al Itéin		LOCALITY	10.2469	19.8263	
L	2437177	06		Alingayri		LOCALITY	13.17453	15.87876	
L	2437178	18		Alingayri		LOCALITY	13.14915	15.85571	
L	2437180	18		Aliméde		LOCALITY	12.51414	16.71387	
L	2437184	18		Léhan		LOCALITY	12.41587	15.13359	
L	2437185	15		Ali Garga		LOCALITY	11.73191	15.28625	
L	2437186	06		Alifori		LOCALITY	14.19253	15.31334	
L	2437188	01		Al Ifen		LOCALITY	13.3356	18.48977	
L	2437191	07		Ali Farom		LOCALITY	13.66667	14.81667	
L	2437192	18		Alifarom		LOCALITY	13.30972	15.42896	
L	2437193	18		Alifari		LOCALITY	13.17399	15.58216	
L	2437195	01		Alifa		LOCALITY	12.83837	17.911	
L	2437197	06		Ali Bilari		LOCALITY	13.52807	15.62252	
L	2437198	07		Aliarom		LOCALITY	13.33333	14.68333	
L	2437199	15		Alia Garma		LOCALITY	10.6938	16.6846	
L	2437202	18		Al Himédé		LOCALITY	12.03478	17.13698	
L	2437203	18		Al Hidjer		LOCALITY	12.81667	14.7	
L	2437204	18		Al Hidjer		LOCALITY	12.79482	14.67545	
L	2437205	01		Al Hédet		LOCALITY	13.6626	19.4035	
L	2437206	01		Al Haroup		LOCALITY	13.5103	19.4178	
L	2437207	01		Al Haouïa		LOCALITY	13.09721	17.79501	
L	2437208	01		Al Hamra		LOCALITY	12.9479	19.3401	
L	2437209	01		Al Guirinti		LOCALITY	13.5852	19.7712	
L	2437211	01		Al Guidey		LOCALITY	13.8159	19.4591	
L	2437212	18		Al Grèt		LOCALITY	12.79586	15.08598	
L	2437213	13		Al Goz		LOCALITY	11.4097	19.8683	
L	2437217	06		Al Gélem		LOCALITY	13.77502	15.55794	
L	2437219	15		Algao		LOCALITY	11.4659	16.8247	
L	2437221	01		Alga		LOCALITY	12.86362	18.08591	
L	2437222	18		Al Farch		LOCALITY	12.40526	15.57812	
L	2437223	13		Al Frèch		LOCALITY	10.1576	19.675	
L	2437224	13		Al Fatchotchoy		LOCALITY	10.3734	19.8355	
L	2437225	15		Al Fas		LOCALITY	12.02771	15.22609	
L	2437226	18		Alfar		LOCALITY	12.28245	15.14051	
L	2437236	01		Al Djéziré		LOCALITY	13.3211	19.91	
L	2437237	01		Ed Djéziré		LOCALITY	13.2825	18.2009	
L	2437239	01		Al Boutal		LOCALITY	13.2862	18.3407	
L	2437240	22		Albout		LOCALITY	14.9234	17.2374	
L	2437241	18		Al Bout		LOCALITY	13.1342	15.40408	
L	2437242	01		Al Boda Danraga		LOCALITY	13.1965	18.5338	
L	2437243	01		Al Biré		LOCALITY	13.23178	19.16092	
L	2437246	01		Al Biher		LOCALITY	13.0682	18.7588	
L	2437251	18		Al Béda		LOCALITY	12.55908	15.39648	
L	2437252	18		Albart		LOCALITY	12.50245	15.95302	
L	2437253	18		Al Bangédit		LOCALITY	12.23822	17.12942	
L	2437254	15		Albala		LOCALITY	11.8155	16.7916	
L	2437255	18		Al Baké		LOCALITY	12.30758	15.30998	
L	2437256	18		Al Badie		LOCALITY	12.45012	16.14706	
L	2437258	22		Alayri		LOCALITY	13.23287	15.94353	
L	2437259	18		Alayri		LOCALITY	13.15534	15.88885	
L	2437261	01		Alay		LOCALITY	13.0401	18.509	
L	2437262	01		Alay		LOCALITY	13.0181	18.2255	
L	2437263	01		Alay		LOCALITY	12.90931	18.14903	
L	2437266	13		Al Ardel		LOCALITY	11.6475	19.8421	
L	2437267	06		Alaray		LOCALITY	13.73187	15.51681	
L	2437268	16		Alaoutem		LOCALITY	11.09621	15.10859	
L	2437269	01		Al Anis		LOCALITY	13.06667	18.66667	
L	2437274	06		Alali		LOCALITY	14.45527	15.31223	
L	2437275	18		Alali		LOCALITY	12.66699	14.85876	
L	2437276	07		Alaléfou		LOCALITY	13.9	14.41667	
L	2437277	18		Al Alouis		LOCALITY	12.50556	15.88514	
L	2437279	14		Alala		LOCALITY	9.11225	15.79461	
L	2437280	17		Alako		LOCALITY	9.79525	18.88132	
L	2437281	17		Alakao		LOCALITY	9.5161	19.0924	
L	2437282	06		Alaigeri		LOCALITY	13.71949	15.77656	
L	2437283	01		Alaï		LOCALITY	12.77149	17.76522	
L	2437284	18		Aladjiri		LOCALITY	13.00727	15.76689	
L	2437285	15		Al Adjiri		LOCALITY	10.8195	16.7572	
L	2437288	01		Al Adara		LOCALITY	13.6155	18.53	
L	2437289	18		Al Adar		LOCALITY	12.9162	15.75257	
L	2437292	18		Alabako		LOCALITY	12.82444	14.75586	
L	2437293	17		Ala		LOCALITY	9.6949	19.0541	
L	2437307	17		Aka		LOCALITY	9.48347	19.0197	
L	2437312	15		Aïssabouli		LOCALITY	11.72006	15.22084	
L	2437313	18		Airi		LOCALITY	13.04534	15.57066	
L	2437315	15		Aïni		LOCALITY	11.25682	15.20922	
L	2437316	16		Aïni		LOCALITY	10.55904	15.53867	
L	2437317	06		Ainari		LOCALITY	13.27746	15.61586	
L	2437322	15		Aguinga		LOCALITY	10.98802	15.65028	
L	2437323	14		Aguia		LOCALITY	9.42037	15.74383	
L	2437326	13		Agrep		LOCALITY	11.4327	19.5297	
L	2437328	05		Agrap		LOCALITY	11.2985	18.6494	
L	2437339	06		Agolo Bendé		LOCALITY	13.69753	15.82989	
L	2437344	01		Agil		LOCALITY	12.87821	17.88473	
L	2437345	01		Agar	أقار	LOCALITY	13.93578	19.43297	
L	2437346	01		Agar	أقار	LOCALITY	13.69317	19.00429	
L	2437358	22		Agantérè		LOCALITY	13.2599	16.3264	
L	2437360	01		Agana Bo		LOCALITY	13.00358	17.38395	
L	2437363	18		Agalam		LOCALITY	13.0614	15.74757	
L	2437364	07		Agala		LOCALITY	14.11951	13.85218	
L	2437366	06		Agafour		LOCALITY	13.61956	15.6697	
L	2437368	18		Afrouk		LOCALITY	12.24539	15.07412	
L	2437369	16		Afraya		LOCALITY	11.14592	15.3265	
L	2437370	16		Afraya		LOCALITY	11.12257	15.30356	
L	2437371	16		Afraya		LOCALITY	11.09542	15.29435	
L	2437372	16		Afraya		LOCALITY	11.04989	15.3296	
L	2437374	06		Afouno		LOCALITY	14.30444	15.42758	
L	2437375	16		Afoudoko		LOCALITY	10.55	15.18333	
L	2437377	18		Afianga Fortori		LOCALITY	13.01544	15.63235	
L	2437380	16		Afata		LOCALITY	10.6229	15.46174	
L	2437381	18		Afat		LOCALITY	12.49397	15.94673	
L	2437382	01		Afanin Kouka		LOCALITY	13.3127	19.5932	
L	2437384	07		Aérom		LOCALITY	13.54991	15.40741	
L	2437385	18		Adrik Benaouaï		LOCALITY	12.8171	14.78652	
L	2437386	18		Adrik Akoulkouli		LOCALITY	12.81928	14.80391	
L	2437390	13		Adoungous		LOCALITY	11.2562	19.6362	
L	2437391	18		Adoum Saap		LOCALITY	12.43672	17.07248	
L	2437395	01		At Dougli		LOCALITY	13.5783	19.8767	
L	2437396	05		Adougoul		LOCALITY	12.10676	18.40083	
L	2437399	07		Adou		LOCALITY	13.56101	15.04823	
L	2437400	15		Adorot		LOCALITY	12.17527	15.62579	
L	2437401	06		Abori		LOCALITY	13.79446	15.4873	
L	2437402	18		Adomakariri		LOCALITY	13.05115	15.53414	
L	2437404	01		Adjop		LOCALITY	13.2664	19.388	
L	2437408	15		Adjiri		LOCALITY	12.03509	15.3276	
L	2437409	15		Adjiri		LOCALITY	11.83246	15.44986	
L	2437410	06		Adjiloum		LOCALITY	14.20061	14.3843	
L	2437411	18		Adjilélé		LOCALITY	12.89885	14.70368	
L	2437415	15		Adjama		LOCALITY	12.30843	15.32815	
L	2437416	15		Adjama		LOCALITY	12.28865	15.31231	
L	2437419	22		Adjaga		LOCALITY	13.79475	15.94376	
L	2437420	05		Adja		LOCALITY	10.8055	19.3812	
L	2437426	20		Adil		LOCALITY	9.9029	16.0499	
L	2437427	18		Adiker		LOCALITY	11.8359	17.1692	
L	2437428	18		Adiker		LOCALITY	11.8312	17.1908	
L	2437429	07		Adjiloum		LOCALITY	13.55603	15.15855	
L	2437430	15		Adiama		LOCALITY	12.10379	15.40859	
L	2437435	26		Aderké		LOCALITY	21.24361	17.4325	
L	2437436	05		Ardepalfati		LOCALITY	11.3959	18.0286	
L	2437437	16		Adéouna		LOCALITY	10.55	15.45	
L	2437442	05		Adélé		LOCALITY	12.6495	19.3459	
L	2437445	01		Adébib		LOCALITY	13.1372	19.9554	
L	2437446	01		Ad Dougoum		LOCALITY	13.38333	18.78333	
L	2437447	18		Adénéou		LOCALITY	12.41909	15.47008	
L	2437448	01		Addilera		LOCALITY	13.26667	18.28333	
L	2437450	15		Adiguel		LOCALITY	12.18914	15.10485	
L	2437451	15		Adiguel		LOCALITY	12.15656	15.10952	
L	2437453	15		Adderabi		LOCALITY	12.11559	15.41518	
L	2437454	01		Ad Dehera		LOCALITY	13.2054	18.2711	
L	2437456	05		Addara		LOCALITY	10.9517	17.4914	
L	2437458	16		Adavouloum		LOCALITY	10.95884	15.09161	
L	2437461	18		Adara Mbagol		LOCALITY	12.47012	15.03468	
L	2437464	18		Adara		LOCALITY	12.56464	15.02576	
L	2437469	05		Adanga		LOCALITY	11.132	17.9617	
L	2437471	06		Adamchouari		LOCALITY	13.30562	15.72362	
L	2437484	18		Adaba		LOCALITY	12.76167	14.90737	
L	2437488	18		Achim Maldalari		LOCALITY	13.05194	15.77361	
L	2437490	18		Achim		LOCALITY	13.08935	15.81968	
L	2437491	18		Achim		LOCALITY	13.05209	15.81283	
L	2437493	18		Am Chiguek		LOCALITY	12.30258	15.28344	
L	2437494	15		Achigek		LOCALITY	12.15876	16.31925	
L	2437495	18		Achéroya		LOCALITY	12.88579	15.06294	
L	2437500	15		Achana		LOCALITY	12.10161	16.12316	
L	2437501	18		Achana		LOCALITY	11.9487	17.251	
L	2437504	01		Ab Zobani		LOCALITY	13.594	19.2034	
L	2437505	01		Ab Zérafa		LOCALITY	12.81461	18.64123	
L	2437506	01		Ab Yokho		LOCALITY	12.99491	18.44703	
L	2437508	05		Ab Touyour		LOCALITY	11.9799	18.0668	
L	2437509	05		Abtoundjour		LOCALITY	10.9602	19.6305	
L	2437510	01		Ab Tibne		LOCALITY	12.97841	18.55973	
L	2437512	01		Abtéta		LOCALITY	13.11667	18.51667	
L	2437514	01		Ab Tchetchenia		LOCALITY	13.1506	18.3707	
L	2437515	15		Absorto		LOCALITY	10.6889	17.1483	
L	2437517	01		Ab Sioufa		LOCALITY	13.1646	19.566	
L	2437523	01		Ab Sabé		LOCALITY	13.0093	18.4743	
L	2437524	01		Ab Sabe		LOCALITY	12.99361	18.46873	
L	2437525	01		Ab Roki		LOCALITY	13.2132	18.3897	
L	2437526	05		Abréch		LOCALITY	12.48907	18.594	
L	2437527	01		Abrania		LOCALITY	12.94131	17.70823	
L	2437528	01		Abrania		LOCALITY	12.79509	17.10758	
L	2437529	18		Ab Rania		LOCALITY	12.45486	16.46885	
L	2437531	01		Ab Ranga		LOCALITY	13.22739	18.44767	
L	2437534	18		Abraï		LOCALITY	11.9506	16.874	
L	2437535	01		Ab Ragna		LOCALITY	13.1065	18.4718	
L	2437537	18		Kourtiouma		LOCALITY	12.89744	15.63156	
L	2437539	01		Abou Tilé		LOCALITY	13.13333	18.8	
L	2437540	01		About Idjélidj		LOCALITY	13.37365	17.79272	
L	2437546	21		Abou Rtcha		LOCALITY	12.18029	15.00238	
L	2437550	18		Abourda Ndouta		LOCALITY	12.52144	17.20731	
L	2437551	01		Abourda Mankala		LOCALITY	12.53846	17.22568	
L	2437553	01		Abourda Abchagara		LOCALITY	12.5352	17.24289	
L	2437555	13		Abour		LOCALITY	11.14899	19.49199	
L	2437561	05		Aboundouroua		LOCALITY	12.9384	19.9092	
L	2437562	05		Aboundourou		LOCALITY	12.0957	19.1293	
L	2437563	15		Aboundjohol		LOCALITY	12.08324	15.34228	
L	2437564	01		Abou Ndanan		LOCALITY	13.3411	19.7583	
L	2437565	05		Abounéïa		LOCALITY	10.9986	18.7986	
L	2437566	15		Abou Mgargui		LOCALITY	11.77577	15.26198	
L	2437570	01		Abou Mbarid		LOCALITY	13.2264	18.3617	
L	2437571	18		Abou Mardo		LOCALITY	12.29403	15.20082	
L	2437573	07		Abou Magal		LOCALITY	13.78515	15.5907	
L	2437574	05		Aboulo		LOCALITY	11.076	17.8149	
L	2437575	15		Aboul Ebde		LOCALITY	12.23694	15.6701	
L	2437576	18		Abou Léla		LOCALITY	12.68628	14.7566	
L	2437577	01		Abou Koulam		LOCALITY	13.9801	19.9763	
L	2437579	21		Abou Koma		LOCALITY	12.2	14.96667	
L	2437580	18		Aboukiès		LOCALITY	12.94185	15.78166	
L	2437581	06		Aboukiéma		LOCALITY	13.82031	15.49981	
L	2437584	15		Abou Idjelidje		LOCALITY	11.93718	15.6113	
L	2437585	18		Abou Hidjilidjé		LOCALITY	12.22835	15.51038	
L	2437586	01		Abou Grégat		LOCALITY	13.5739	19.21	
L	2437587	18		Abou Goyé		LOCALITY	12.52619	14.86281	
L	2437588	18		Abou Goundé		LOCALITY	13.03333	16.83333	
L	2437589	15		Abougoui Féllata		LOCALITY	11.8017	16.1511	
L	2437590	15		Abougoui Baguirmi		LOCALITY	11.7079	16.0584	
L	2437591	15		Abouguern		LOCALITY	11.78627	15.97621	
L	2437593	15		Abougarga		LOCALITY	11.9549	16.4074	
L	2437594	18		Aboudoukhan		LOCALITY	13.04155	15.75599	
L	2437595	18		Aboudoukhan		LOCALITY	13.00544	15.75698	
L	2437596	15		Abou Didi Srhîr		LOCALITY	12.1115	15.32643	
L	2437598	15		Abou Didi Kabîr		LOCALITY	12.15725	15.33782	
L	2437599	15		Aboudeye		LOCALITY	11.08468	15.85338	
L	2437601	13		Abou Déïa		LOCALITY	11.448	19.2789	10749
L	2437603	18		Abou Choukouri		LOCALITY	13.00097	15.63333	
L	2437604	18		Abou Bachir		LOCALITY	12.2771	14.98924	
L	2437605	01		Abou Asal		LOCALITY	13.645	19.5703	
L	2437610	15		Abou		LOCALITY	12.2383	15.71533	
L	2437611	16		Abori		LOCALITY	11.17643	15.40176	
L	2437614	01		Ab Boda		LOCALITY	13.211	18.5445	
L	2437618	01		Ab Mar Doua		LOCALITY	12.80381	18.06213	
L	2437620	01		Ab Makkaï		LOCALITY	12.95331	18.37303	
L	2437621	01		Ab Mahamat Sawa		LOCALITY	13.1001	17.7246	
L	2437622	01		Abli		LOCALITY	13.14735	17.60818	
L	2437624	01		Ab Laoune		LOCALITY	12.81661	18.75823	
L	2437627	01		Ab Labay		LOCALITY	13.8871	19.3729	
L	2437628	01		Ab Krimé		LOCALITY	13.0009	18.8305	
L	2437629	01		Ab Koura		LOCALITY	12.9942	19.5654	
L	2437634	01		Ab Katala		LOCALITY	13.10928	17.57739	
L	2437636	01		Ab Kanfouta		LOCALITY	13.0977	18.2671	
L	2437638	01		Ab Djouet		LOCALITY	13.2101	18.3706	
L	2437640	15		Abdjafa		LOCALITY	12.07659	15.36018	
L	2437643	18		Abirdi		LOCALITY	12.7895	16.6299	
L	2437644	01		Abioko		LOCALITY	13.03333	18.48333	
L	2437645	18		Abilé		LOCALITY	11.8862	17.1646	
L	2437646	01		Abilay		LOCALITY	13.7263	19.4025	
L	2437648	15		Abiet		LOCALITY	10.873	16.632	
L	2437649	15		Abidjio		LOCALITY	12.05254	15.86808	
L	2437650	01		Ab Idimi		LOCALITY	13.01591	17.67828	
L	2437652	08		Abbi		LOCALITY	8.3605	15.55138	
L	2437653	01		Ab Hodja		LOCALITY	12.75531	19.1806	
L	2437654	13		Abgué		LOCALITY	11.9539	19.5116	
L	2437656	01		Ab Gouka		LOCALITY	12.97559	18.90033	
L	2437657	01		Ab Garip		LOCALITY	13.5216	19.2334	
L	2437658	01		Ab Gara		LOCALITY	13.353	19.3415	
L	2437659	01		Ab Gara		LOCALITY	13.1715	18.4399	
L	2437661	01		Ab Gabara		LOCALITY	12.62531	18.08073	
L	2437666	05		Abéreï		LOCALITY	12.61046	19.21161	
L	2437668	15		Abéré		LOCALITY	11.5397	16.7999	
L	2437671	15		Abènakabré		LOCALITY	12.13368	15.84209	
L	2437672	15		Abéna		LOCALITY	12.08187	15.38806	
L	2437673	15		Abel Bassane		LOCALITY	12.1273	15.81664	
L	2437676	15		Abébéabo		LOCALITY	10.6343	16.5415	
L	2437678	18		Abd Oumbour		LOCALITY	12.71637	16.50766	
L	2437679	18		Abdoulay Kaou		LOCALITY	12.5406	17.12994	
L	2437680	05		Abdouel		LOCALITY	10.7799	17.4056	
L	2437681	18		Abdoro		LOCALITY	12.41739	15.55819	
L	2437682	18		Abdobo		LOCALITY	12.45103	15.35483	
L	2437683	01		Ab Jidoul		LOCALITY	13.8571	19.9589	
L	2437684	05		Ab Djoudoul		LOCALITY	12.7156	19.4832	
L	2437685	18		Ab Djogana		LOCALITY	12.37277	14.99313	
L	2437686	01		Ab Djimie		LOCALITY	12.97371	18.38483	
L	2437687	01		Ab Djidat		LOCALITY	12.895	19.3223	
L	2437691	01		Abdilisi		LOCALITY	12.58985	17.34609	
L	2437692	01		Ab Diguil		LOCALITY	13.7788	19.5688	
L	2437694	01		Abd er Rasoul		LOCALITY	13.50556	18.64667	
L	2437697	18		Abdéléna		LOCALITY	12.80477	15.24232	
L	2437701	18		Ab Cheikh		LOCALITY	12.47415	16.19863	
L	2437702	01		Ab Charganié		LOCALITY	13.5612	19.1033	
L	2437703	01		Ab Charami		LOCALITY	12.94121	18.93993	
L	2437705	06		Abayro		LOCALITY	14.09637	15.35567	
L	2437709	15		Abarai		LOCALITY	10.8571	16.1201	
L	2437710	06		Abani		LOCALITY	13.81389	15.53065	
L	2437711	01		Ab Amsouar		LOCALITY	13.1463	18.4194	
L	2437712	01		Ab Amré		LOCALITY	13.2036	18.7565	
L	2437713	01		Ab Amdourou		LOCALITY	13.05143	17.73145	
L	2437716	18		Abalagne		LOCALITY	12.37798	15.47413	
L	2437718	13		Abalagné		LOCALITY	11.5304	19.0763	
L	2437719	15		Abalagn		LOCALITY	11.6701	16.7688	
L	2437723	18		Abakari Karoua		LOCALITY	13.15381	15.73146	
L	2437724	05		Abaher		LOCALITY	12.33	19.343	
L	2437725	01		Ab Agarip		LOCALITY	13.5187	19.285	
L	2437726	18		Abado		LOCALITY	12.83197	14.78409	
L	2437727	16		Abadji		LOCALITY	10.63333	15.31667	
L	2437730	01		Ab Achta		LOCALITY	13.2114	18.3021	
L	6716796	18		Lokhaï		LOCALITY	12.80986	15.44998	
L	6716987	15		Amdjaroungo		LOCALITY	12.09127	15.49766	
L	6718200	18		Antéléa		LOCALITY	12.95072	15.53068	
L	6718216	18		Lordo		LOCALITY	12.89982	15.50702	
L	6718217	18		Bodéné		LOCALITY	12.77222	15.52423	
L	6720000	18		Ladalam		LOCALITY	12.51212	15.55531	
L	6721682	18		Am Chechiat		LOCALITY	12.84425	15.54986	
L	6721705	18		Lordo		LOCALITY	12.94467	15.5681	
L	6721709	18		Lordo		LOCALITY	12.96065	15.57201	
L	6721764	18		Kameron		LOCALITY	12.97354	15.54608	
L	6721887	18		Mossokorari		LOCALITY	12.98932	15.56948	
L	6723606	18		Dabkaray		LOCALITY	12.65576	15.65233	
L	6724781	18		Chaélé		LOCALITY	12.98344	15.64308	
L	6724996	18		Tamaday		LOCALITY	12.96589	15.71267	
L	6726131	18		Garaday		LOCALITY	12.87168	15.7429	
L	6729245	18		Assouala		LOCALITY	12.4759	15.80978	
L	6730097	18		Ragabatanama Hana		LOCALITY	12.57425	15.83344	
L	6730256	18		Karmé Zouna		LOCALITY	12.5542	15.86867	
L	6730441	15		Médéchus		LOCALITY	12.27688	15.93034	
L	6738332	07		Maya		LOCALITY	13.37763	14.4627	
L	6738637	07		Lougoum		LOCALITY	13.78888	14.51581	
L	6741325	06		Tchougoum		LOCALITY	14.06306	14.96924	
L	6741389	06		Aromadi		LOCALITY	14.10299	14.89568	
L	6741441	06		Ougoulom		LOCALITY	14.47806	14.80501	
L	6741442	06		Ganasanga		LOCALITY	14.47273	14.82941	
L	6741461	06		Mangana Ramé		LOCALITY	14.42106	14.87413	
L	6741631	06		Moyo		LOCALITY	14.10472	14.55059	
L	6741633	06		Kalia Faz		LOCALITY	14.09529	14.60861	
L	6741636	06		Kamila		LOCALITY	14.02657	14.42922	
L	6769384	15		Karaska		LOCALITY	11.17253	15.09085	
L	6769391	16		Koumsoul		LOCALITY	10.1138	15.82222	
L	6769397	16		Goulda		LOCALITY	10.12532	15.69851	
L	6769410	16		Barjam		LOCALITY	10.41184	15.4528	
L	6769446	15		Bondjoulé		LOCALITY	10.89465	15.67808	
L	6773871	16		Mousga		LOCALITY	11.14191	15.2639	
L	6773883	16		Drahou		LOCALITY	11.00234	15.34216	
L	6773884	16		Ouraki		LOCALITY	11.01573	15.34401	
L	6773885	16		Koulo		LOCALITY	11.02128	15.3154	
L	6773887	16		Migou		LOCALITY	11.04037	15.33759	
L	6773888	16		Lahana		LOCALITY	11.05092	15.30305	
L	6773889	16		Zagrarao		LOCALITY	11.08859	15.33475	
L	6773890	16		Taharki		LOCALITY	11.15417	15.32946	
L	6773891	16		Taharki		LOCALITY	11.19103	15.34288	
L	6773892	16		Matassi		LOCALITY	11.16352	15.33928	
L	6773893	16		Malodo		LOCALITY	11.19564	15.3407	
L	6773897	15		Boukem		LOCALITY	11.21138	15.33504	
L	6773898	15		Bayem		LOCALITY	11.21396	15.33886	
L	6773899	15		Abono		LOCALITY	11.21375	15.3825	
L	6773900	15		Kelemara		LOCALITY	11.22226	15.32177	
L	6773901	15		Kolem		LOCALITY	11.22849	15.28541	
L	6773902	15		Bekete		LOCALITY	11.23658	15.32872	
L	6773903	15		Boukal		LOCALITY	11.23871	15.34586	
L	6773904	15		Brim		LOCALITY	11.23967	15.3234	
L	6773905	15		Massa		LOCALITY	11.29086	15.28115	
L	6773906	15		Sinbe		LOCALITY	11.29485	15.3506	
L	6773907	15		Matendenia		LOCALITY	11.29794	15.36604	
L	6773908	15		Massa		LOCALITY	11.34353	15.33608	
L	6773910	15		Mabaye		LOCALITY	11.34032	15.37256	
L	6773911	15		Tarengala		LOCALITY	11.35543	15.38328	
L	6773912	15		Dalïhada		LOCALITY	11.43041	15.28433	
L	6774838	15		Arsi		LOCALITY	11.43722	15.38637	
L	6774840	15		Arsidalaï		LOCALITY	11.44329	15.41839	
L	6774841	15		Bokrom		LOCALITY	11.05599	15.45429	
L	6774844	15		Mbourou Massa		LOCALITY	11.23789	15.51101	
L	6774848	15		Alifari		LOCALITY	11.19046	15.61105	
L	6776168	15		Nalay		LOCALITY	11.79754	15.83968	
L	6776169	15		Massa		LOCALITY	11.15471	15.75709	
L	6776171	15		Dolori		LOCALITY	11.02279	15.9217	
L	6776173	15		Maska		LOCALITY	11.13653	15.88855	
L	6776194	15		Gamara		LOCALITY	11.65207	15.92102	
L	6776195	15		Arfadiguinak		LOCALITY	11.72932	15.90583	
L	6787106	07		Kina Kiméram		LOCALITY	14.34254	13.49843	
L	6787113	07		Djidja		LOCALITY	14.26326	13.74175	
L	6787114	07		Diaouni		LOCALITY	14.43452	13.52079	
L	6787122	07		Daboua		LOCALITY	14.41371	13.61285	
L	6787126	07		Taboua		LOCALITY	14.34103	13.65722	
L	6787132	07		Tatavérom		LOCALITY	14.27744	13.68298	
L	6787135	07		Djaga		LOCALITY	14.24867	13.80179	
L	6806517	18		Iseni		LOCALITY	12.93825	16.88221	
L	6806518	18		Fadjaoa		LOCALITY	12.67201	16.73899	
L	6806519	18		Am Talla		LOCALITY	12.65123	16.74986	
L	6806520	18		Am Gourdia		LOCALITY	12.63671	16.74282	
L	6806521	18		Am Libis		LOCALITY	12.61761	16.75388	
L	6806522	18		Abharout		LOCALITY	12.59373	16.76458	
L	6806523	18		Bita		LOCALITY	12.71644	16.71243	
L	6806524	18		Matabga		LOCALITY	12.75161	16.72159	
L	6806525	18		Masa		LOCALITY	12.82704	16.6722	
L	6806526	18		Dongokonious		LOCALITY	12.82174	16.66308	
L	6806527	18		Serni		LOCALITY	12.7798	16.67321	
L	6806528	18		Saghara		LOCALITY	12.77483	16.5968	
L	6806529	18		Kama		LOCALITY	12.88538	16.783	
L	6806530	18		Mandouli		LOCALITY	12.42571	16.72586	
L	6806531	18		Arda Farat		LOCALITY	12.43493	16.69318	
L	6806532	18		Géféla		LOCALITY	12.41839	16.67056	
L	6806533	18		Kaoko		LOCALITY	12.52513	16.67868	
L	6806534	18		Kaoko		LOCALITY	12.46003	16.5948	
L	6806535	18		Soïti		LOCALITY	12.60581	16.62059	
L	6806536	18		Abger		LOCALITY	12.6208	16.64003	
L	6806538	18		Matabga		LOCALITY	12.54074	16.73037	
L	6806539	18		Ergéchir		LOCALITY	12.5234	16.75754	
L	6806540	18		Rahat es Souk		LOCALITY	12.53471	16.75093	
L	6806541	18		Atourda		LOCALITY	12.56496	16.72812	
L	6806542	18		Mariout		LOCALITY	12.5514	16.70998	
L	6806543	18		Derota		LOCALITY	12.53807	16.68958	
L	6806545	18		Aboundrou		LOCALITY	12.67059	16.54145	
L	6806546	18		Al Mazarap		LOCALITY	12.42114	16.55122	
L	6806547	18		Am Basatna		LOCALITY	12.41653	16.54623	
L	6806548	18		Zarafa		LOCALITY	12.95827	16.5553	
L	6806550	18		Djibne		LOCALITY	12.67768	16.45178	
L	6806552	18		Am Basatna		LOCALITY	12.40833	16.51289	
L	6806553	18		Ouadam Bagirmi		LOCALITY	12.84367	16.3189	
L	6806554	18		Bayfïli		LOCALITY	12.83616	16.41577	
L	6806558	15		Atchinga		LOCALITY	12.32137	16.17864	
L	6806559	15		Yerine		LOCALITY	12.06268	16.03409	
L	6806560	15		Anga		LOCALITY	12.05608	16.22915	
L	6806561	15		Diokana		LOCALITY	12.12461	16.27146	
L	6806562	15		Maïgana	مائقانا	LOCALITY	12.18192	16.45502	
L	6806563	15		Aray		LOCALITY	12.13046	16.09252	
L	6806564	15		Eli		LOCALITY	12.14332	16.11039	
L	6806565	15		Kale		LOCALITY	12.16756	16.13314	
L	6806566	15		Batiéri		LOCALITY	12.18664	16.09324	
L	6806567	18		Kindji		LOCALITY	12.01851	16.77459	
L	6806568	18		Kindji		LOCALITY	12.02928	16.80642	
L	6806569	18		Kindji		LOCALITY	12.04873	16.82545	
L	6806570	18		Djoka		LOCALITY	12.06262	16.84949	
L	6806571	18		Djoka		LOCALITY	12.0864	16.87583	
L	6806572	18		Djoka		LOCALITY	12.0993	16.87396	
L	6806573	18		Bangas		LOCALITY	12.07933	16.86524	
L	6806574	18		Omo		LOCALITY	12.18243	16.83272	
L	6806575	18		Omo		LOCALITY	12.16243	16.84432	
L	6806576	18		Abd Oul Ema		LOCALITY	12.17539	16.90094	
L	6806577	18		Am Djénéne		LOCALITY	12.12863	16.90068	
L	6806578	18		Bou Loulou		LOCALITY	12.30295	16.98765	
L	6806579	18		El Khiénis		LOCALITY	12.28201	16.86122	
L	6806580	18		Redeyoun		LOCALITY	12.29894	16.75516	
L	6806581	18		Safo		LOCALITY	12.32465	16.7704	
L	6806582	18		Boholo		LOCALITY	12.35559	16.63303	
L	6806583	18		Boholo		LOCALITY	12.33705	16.61999	
L	6806584	18		Boholo		LOCALITY	12.32926	16.61541	
L	6806585	18		Maltania		LOCALITY	12.3139	16.61437	
L	6806586	15		Sidére		LOCALITY	12.14482	16.71473	
L	6806587	15		Rahat el Bagar		LOCALITY	12.13	16.7179	
L	6806588	15		Ras el Fîl		LOCALITY	12.26361	16.51893	
L	6806589	15		Ras el Fil		LOCALITY	12.28639	16.5153	
L	6806590	18		Retchi		LOCALITY	12.39671	16.52491	
L	6806591	18		Retchi		LOCALITY	12.37996	16.5097	
L	6823631	01		Hidjélidj		LOCALITY	13.142	18.208	
L	6823633	01		Karkagnan		LOCALITY	13.1579	18.6795	
L	6823634	01		Hidjélidj		LOCALITY	13.1616	18.2654	
L	6823635	01		Ab Amsouar		LOCALITY	13.1702	18.4264	
L	6823636	01		Dimed		LOCALITY	13.1781	18.5527	
L	6823637	01		Korinjoé		LOCALITY	13.2372	18.4101	
L	6823638	01		Am Dabouga		LOCALITY	13.2565	18.6359	
L	6823641	01		Balal		LOCALITY	13.2857	18.3207	
L	6823642	01		Al Kayat		LOCALITY	13.323	18.4527	
L	6823643	01		Oum Babich		LOCALITY	13.3304	18.6676	
L	6823645	01		Khibebich		LOCALITY	13.349	18.381	
L	6823652	01		Kérégé		LOCALITY	13.4148	18.1899	
L	6823654	01		Kérérip		LOCALITY	13.4473	18.6786	
L	6823657	01		Salamiat		LOCALITY	13.468	18.8841	
L	6823663	01		Am Aradjat		LOCALITY	13.5289	18.5944	
L	6823664	01		Dombourou		LOCALITY	13.5291	18.6085	
L	6823666	01		Kabro		LOCALITY	13.5982	18.9231	
L	6842261	01		Sireribé		LOCALITY	12.15117	17.53016	
L	6842262	01		Arboutchatak		LOCALITY	12.15326	17.56615	
L	6842263	01		Sireribé		LOCALITY	12.15777	17.53796	
L	6842264	01		Goz Beïda	قوز بيضة	LOCALITY	12.16504	17.55196	
L	6842265	01		Géria		LOCALITY	12.28873	17.59666	
L	6842266	01		Am Kasaï		LOCALITY	12.29364	17.59248	
L	6842267	01		Abkirfi		LOCALITY	12.30657	17.58013	
L	6842268	01		Ab Bouaga		LOCALITY	12.39826	17.36138	
L	6842269	01		Ab Mousa		LOCALITY	12.40368	17.3638	
L	6842270	01		Négé		LOCALITY	12.44488	17.3481	
L	6842271	01		Négé		LOCALITY	12.47561	17.34655	
L	6842272	01		Mayabga		LOCALITY	12.56678	17.20293	
L	6842273	01		Goumié		LOCALITY	12.58107	17.19264	
L	6842274	01		Mayabga		LOCALITY	12.58689	17.20364	
L	6842275	01		Alay		LOCALITY	12.5879	17.26641	
L	6842276	01		Loama		LOCALITY	12.61526	17.20094	
L	6842277	01		Abkagaré		LOCALITY	12.63518	17.15785	
L	6842278	01		Abgoada		LOCALITY	12.6626	17.15672	
L	6842279	01		Sultan Taïb		LOCALITY	12.69179	17.19872	
L	6842280	01		Mandala		LOCALITY	12.70019	17.40512	
L	6842281	01		Djokhana		LOCALITY	12.70209	17.17538	
L	6842282	01		Bota		LOCALITY	12.7428	17.76801	
L	6842283	01		Rabana		LOCALITY	12.74804	17.3723	
L	6842284	01		Toularda		LOCALITY	12.7975	17.83829	
L	6842285	01		Abgalouetch		LOCALITY	12.802	17.08929	
L	6842286	01		Mafe		LOCALITY	12.81302	17.84226	
L	6842287	01		Génderbisi		LOCALITY	12.8329	17.63241	
L	6842288	01		Beptongo		LOCALITY	12.83799	17.77562	
L	6842289	01		Malama		LOCALITY	12.84777	17.85641	
L	6842290	01		Djounia		LOCALITY	12.85819	17.70679	
L	6842291	01		Tarchétélé		LOCALITY	12.85942	17.62302	
L	6842292	01		Goubichou		LOCALITY	12.86273	17.79026	
L	6842293	01		Yolo		LOCALITY	12.8652	17.62414	
L	6842294	01		Seyala		LOCALITY	12.88513	17.67258	
L	6842295	01		Koboro		LOCALITY	12.8899	17.63721	
L	6842296	01		Matala		LOCALITY	12.9198	17.27232	
L	6842297	01		Loubana		LOCALITY	12.92939	17.29868	
L	6842298	01		Souar		LOCALITY	12.93412	17.21761	
L	6842299	01		Matéle		LOCALITY	12.94339	17.25371	
L	6842300	01		Bourio		LOCALITY	12.96929	17.48402	
L	6842301	01		Mama		LOCALITY	12.974	17.60548	
L	6842303	05		Baya Koulbo		LOCALITY	12.03159	17.55409	
L	6842304	05		Baya Koulbo		LOCALITY	12.04397	17.54939	
L	6842305	05		Dandro		LOCALITY	12.12969	17.63265	
L	6842306	05		Albram		LOCALITY	12.13507	17.64284	
L	6842307	05		Marbo		LOCALITY	12.14517	17.63834	
L	6842308	05		Dokrio		LOCALITY	12.14836	17.64745	
L	6842309	05		Marbo		LOCALITY	12.16002	17.65077	
L	6842310	05		Mouraï		LOCALITY	12.16742	17.58736	
L	6842311	05		Tibna		LOCALITY	12.16758	17.62725	
L	6842312	05		Sadaga		LOCALITY	12.17876	17.60536	
L	6842313	05		Koulbo		LOCALITY	12.1886	17.61448	
L	6842314	05		Idel Goz		LOCALITY	12.22506	17.58223	
L	6842315	05		Lélé		LOCALITY	12.34172	17.75484	
L	6842316	18		Diokana		LOCALITY	12.00509	17.25236	
L	6842317	18		Am Djéména		LOCALITY	12.02168	17.38298	
L	6842318	18		Toukoun		LOCALITY	12.03635	17.43801	
L	6842319	18		Hourel		LOCALITY	12.03855	17.20598	
L	6842320	18		Am Bagbadj		LOCALITY	12.05027	17.06482	
L	6842321	18		Hourel		LOCALITY	12.06152	17.20325	
L	6842322	18		Himémit		LOCALITY	12.08486	17.36273	
L	6842323	18		Adougouma		LOCALITY	12.08818	17.18936	
L	6842324	18		Touka		LOCALITY	12.09926	17.4388	
L	6842325	18		Ardémat		LOCALITY	12.10212	17.15338	
L	6842326	18		Rahat el Dout		LOCALITY	12.1026	17.08896	
L	6842327	18		Mordoya		LOCALITY	12.10406	17.531	
L	6842328	18		Asaïr		LOCALITY	12.1089	17.1113	
L	6842329	18		Gédoum		LOCALITY	12.10986	17.3782	
L	6842330	18		Adialti		LOCALITY	12.12039	17.18601	
L	6842331	18		Chéné		LOCALITY	12.14179	17.15199	
L	6842332	18		Yési		LOCALITY	12.14489	17.38698	
L	6842333	18		Dibékir		LOCALITY	12.15624	17.09141	
L	6842334	18		Retgi		LOCALITY	12.16127	17.0326	
L	6842335	18		Djoko		LOCALITY	12.17503	17.07235	
L	6842336	18		Diokana		LOCALITY	12.17888	17.05387	
L	6842337	18		Roumta		LOCALITY	12.17956	17.4744	
L	6842338	18		Ebé		LOCALITY	12.18128	17.45913	
L	6842339	18		Rahat el Bagar		LOCALITY	12.18471	17.10036	
L	6842340	18		Rahat el Bagar		LOCALITY	12.19854	17.11138	
L	6842342	18		Goz Na am		LOCALITY	12.21767	17.18703	
L	6842343	18		Tiaouy		LOCALITY	12.25005	17.13755	
L	6842344	18		Am Loubia		LOCALITY	12.27997	17.00462	
L	6842345	18		Djodjar		LOCALITY	12.30976	17.17814	
L	6842346	18		Am Réchina		LOCALITY	12.32163	17.06262	
L	6842347	18		Am Sakin		LOCALITY	12.32955	17.08003	
L	6842348	18		Birké Tania		LOCALITY	12.33989	17.01867	
L	6842349	18		Am Kharouba		LOCALITY	12.3771	17.09477	
L	6842350	18		Dalak		LOCALITY	12.39176	17.2266	
L	6842351	18		Doulouk		LOCALITY	12.39776	17.22293	
L	6842352	18		Golala		LOCALITY	12.4061	17.0776	
L	6842353	18		Aptibéni		LOCALITY	12.40744	17.17514	
L	6842354	18		Idéloï		LOCALITY	12.43169	17.19128	
L	6842355	18		Ardébé		LOCALITY	12.43813	17.19223	
L	6842356	18		Rahat el Ril		LOCALITY	12.45428	17.17329	
L	6842357	18		Gaser		LOCALITY	12.45667	17.14976	
L	6842358	18		Tamsa		LOCALITY	12.45682	17.21297	
L	6842359	18		Arada		LOCALITY	12.45846	17.09623	
L	6842360	18		Iredja		LOCALITY	12.4673	17.0729	
L	6842361	18		Sakin		LOCALITY	12.49411	17.09674	
L	6842362	18		Iréké		LOCALITY	12.50049	17.06119	
L	6842363	18		Arada		LOCALITY	12.51888	17.08829	
L	6842365	18		Bikhésé		LOCALITY	12.52698	17.1378	
L	6842366	18		Am Igérib		LOCALITY	12.53156	17.13998	
L	6842367	18		Iréké		LOCALITY	12.54424	17.0587	
L	6842368	18		Dogolo el Hadj		LOCALITY	12.58579	17.06566	
L	6842369	18		Tcherkel		LOCALITY	12.59569	17.10308	
L	6842370	18		Am Koarem		LOCALITY	12.62318	17.02709	
L	6842371	18		Irédja Séghir		LOCALITY	12.66387	17.10542	
L	6842372	18		Hidjélidjé		LOCALITY	12.74558	17.03813	
L	6842373	18		Hidjélidjé		LOCALITY	12.8388	17.0183	
L	6842776	01		Torongo Danga		LOCALITY	13.1339	17.1645	
L	6842777	01		Ban Djédid		LOCALITY	13.081	17.2674	
L	6842778	01		Am Baday		LOCALITY	13.0982	17.4176	
L	6842779	01		Maloum Arbi		LOCALITY	13.0656	17.3467	
L	6842780	01		Am Biézer		LOCALITY	13.0638	17.3835	
L	6842781	01		Be Aïma		LOCALITY	13.08037	17.37888	
L	6842782	01		Kerfé		LOCALITY	13.0013	17.2862	
L	6842783	01		Agana Ouadé		LOCALITY	13.0053	17.3969	
L	6842784	01		Ogho		LOCALITY	13.1096	17.2569	
L	6842785	01		Foukié		LOCALITY	13.0957	17.5971	
L	6842786	01		Gasama		LOCALITY	13.1346	17.6643	
L	6842787	01		Baré		LOCALITY	13.089	17.6514	
L	6842790	01		Matabgé		LOCALITY	13.3319	17.7551	
L	6842793	01		Kouzouahid		LOCALITY	13.1359	17.7298	
L	6842794	01		Gonbo		LOCALITY	13.1198	17.7521	
L	6842795	01		Am Sayala		LOCALITY	13.1462	17.8063	
L	6842796	01		Allay		LOCALITY	13.1153	17.8431	
L	6842797	01		Allakhédir		LOCALITY	13.0378	17.8144	
L	6843766	22		Fizigi		LOCALITY	13.1534	16.5806	
L	6843767	22		Rouhout		LOCALITY	13.1668	16.8437	
L	6843768	22		Djoura		LOCALITY	13.1756	16.7401	
L	6843769	22		Balaba		LOCALITY	13.189	16.7694	
L	6843770	22		Al Koukowa		LOCALITY	13.1957	16.0025	
L	6843771	22		Goudirta		LOCALITY	13.2195	16.8779	
L	6843773	22		Félémoa		LOCALITY	13.2813	16.605	
L	6843774	22		Diagran		LOCALITY	13.2858	16.4883	
L	6843775	22		Yélanga		LOCALITY	13.29	16.338	
L	6843776	22		Am Ko Danga		LOCALITY	13.3097	16.5999	
L	6843777	22		Am Ko Maolinga		LOCALITY	13.3143	16.6176	
L	6843778	22		Foromanga		LOCALITY	13.3183	16.0459	
L	6843780	22		Loukou		LOCALITY	13.3329	16.4063	
L	6843781	22		Kouzétiou		LOCALITY	13.3506	16.0167	
L	6843782	22		Tchibou		LOCALITY	13.3576	16.8554	
L	6843783	22		Bou Langé		LOCALITY	13.3577	16.5664	
L	6843784	22		Idjélidj		LOCALITY	13.361	16.9028	
L	6843785	22		Gourougoulounga		LOCALITY	13.371	16.348	
L	6843786	22		Arbatiré		LOCALITY	13.3785	16.8293	
L	6843787	22		Ouénésimanga		LOCALITY	13.3857	16.4333	
L	6843788	22		Diomoy		LOCALITY	13.4186	16.2473	
L	6843789	22		Malawo		LOCALITY	13.446	16.2107	
L	6843790	22		Merginga		LOCALITY	13.4501	16.1487	
L	6843795	22		Madardé		LOCALITY	13.5868	16.5148	
L	6843797	22		Ramadan		LOCALITY	13.6607	16.5006	
L	6844598	22		Kamala		LOCALITY	14.0398	16.2603	
L	6844605	22		Kolou		LOCALITY	14.3918	16.201	
L	6853321	01		Koséat		LOCALITY	12.9762	19.6675	
L	6853322	05		Labado		LOCALITY	12.6894	19.6328	
L	6853323	05		Tchékiné		LOCALITY	12.2134	19.1744	
L	6855541	01		Aouyé		LOCALITY	13.9526	19.3683	
L	6855542	01		Tondobay		LOCALITY	13.9793	19.4839	
L	6855543	01		Douhané		LOCALITY	13.9525	19.5978	
L	6855544	01		Mazahar		LOCALITY	13.8089	19.6347	
L	6855546	01		Maharaga		LOCALITY	13.7508	19.6731	
L	6855548	01		Am Kabeché		LOCALITY	13.7096	19.804	
L	6855559	01		Zéréf		LOCALITY	13.88928	19.19092	
L	6855562	01		Kéré		LOCALITY	13.9547	19.4466	
L	6855563	01		Atémédé		LOCALITY	13.9363	19.4537	
L	6855565	01		Kachako Guemis		LOCALITY	13.7663	19.2426	
L	6855568	01		Dordogo		LOCALITY	13.9849	19.5483	
L	6855569	01		Al Bérit		LOCALITY	13.6401	19.9289	
L	6855570	01		Am Guérékoa		LOCALITY	13.6991	19.6943	
L	6855572	01		Lében		LOCALITY	13.9888	19.5958	
L	6855575	01		Azidé		LOCALITY	13.9704	19.6542	
L	6855577	01		Yarféri		LOCALITY	13.9039	19.6748	
L	6855580	01		El Mayami		LOCALITY	13.8235	19.885	
L	6855581	01		Wasata		LOCALITY	13.8232	19.866	
L	6855582	01		Yéli		LOCALITY	13.8406	19.7167	
L	6855585	01		Ab Béhen		LOCALITY	13.8042	19.59436	
L	6855586	01		Id el Gouran		LOCALITY	13.8202	19.5764	
L	6855587	01		Iguilé Kébir		LOCALITY	13.6051	19.924	
L	6855594	01		Al Amat		LOCALITY	13.7185	19.6277	
L	6855600	01		Am Méled		LOCALITY	13.6748	19.723	
L	6855601	01		Ouled Maji		LOCALITY	13.6837	19.6874	
L	6855602	01		Karakré		LOCALITY	13.6747	19.736	
L	6855603	01		Am Sabona		LOCALITY	13.6937	19.7554	
L	6855605	01		Aziz Djédad		LOCALITY	13.708	19.8647	
L	6855606	01		Am Koarim		LOCALITY	13.719	19.8779	
L	6855608	01		Aziz Djédad Kébir		LOCALITY	13.6996	19.9421	
L	6855611	01		Am Guériné		LOCALITY	13.6093	19.8204	
L	6855612	01		Am Drangueul		LOCALITY	13.6008	19.8654	
L	6855614	01		Am Aréki		LOCALITY	13.6223	19.8729	
L	6855615	01		Kilékli		LOCALITY	13.6372	19.838	
L	6855618	01		Al Oudayat		LOCALITY	13.6392	19.7354	
L	6855619	01		El Bouk		LOCALITY	13.63374	19.72814	
L	6855620	01		Am Rakouma		LOCALITY	13.6413	19.6367	
L	6855621	01		Al Kiézi		LOCALITY	13.6276	19.6263	
L	6855632	01		Ganatéré		LOCALITY	13.5964	19.6464	
L	6855633	01		El Hamadi		LOCALITY	13.5558	19.7177	
L	6855634	01		Ab Djédid		LOCALITY	13.5482	19.7068	
L	6855635	01		Ouled Biné		LOCALITY	13.5932	19.7893	
L	6855636	01		Kata Droup		LOCALITY	13.6062	19.9935	
L	6855638	01		Am Abayet		LOCALITY	13.5611	19.9869	
L	6855639	01		Moudo		LOCALITY	13.4471	19.9789	
L	6855641	01		Dalakéna II		LOCALITY	13.4853	19.7351	
L	6855643	01		Sesey		LOCALITY	13.474	19.684	
L	6855646	01		Andarloé		LOCALITY	13.4994	19.626	
L	6855648	01		Ab Chibéan		LOCALITY	13.5275	19.2337	
L	6855650	01		Ofaday		LOCALITY	13.5384	19.1145	
L	6855653	01		Guies Zatalborno		LOCALITY	13.2531	19.6509	
L	6855662	01		Banga		LOCALITY	13.3831	19.6857	
L	6855665	01		Al Hahadar		LOCALITY	13.2827	19.0724	
L	6855669	01		Goz Koursi		LOCALITY	13.3288	19.3167	
L	6855670	01		Ab Souyouf		LOCALITY	13.2726	19.2992	
L	6855672	01		Ab Gara		LOCALITY	13.3038	19.3497	
L	6855676	01		Sangoa		LOCALITY	13.2966	19.5079	
L	6855677	01		Am Machtoura		LOCALITY	13.2922	19.5925	
L	6855678	01		Am Hadjer		LOCALITY	13.294	19.6288	
L	6855679	01		Chémité		LOCALITY	13.29019	19.68886	
L	6855680	01		Chémité Ab Garfa		LOCALITY	13.2784	19.6773	
L	6855681	01		Dendala		LOCALITY	13.2774	19.6824	
L	6855682	01		Es Sit		LOCALITY	13.2715	19.7058	
L	6855687	01		Moutini		LOCALITY	13.34338	19.98805	
L	6855688	01		Kokandi		LOCALITY	13.305	19.9782	
L	6855689	01		Outach		LOCALITY	13.22293	19.98344	
L	6855690	01		Hidjir		LOCALITY	13.2066	19.9824	
L	6855691	01		Am Kouk		LOCALITY	13.2122	19.9444	
L	6855702	01		Ouel Dalmara		LOCALITY	13.2351	19.5411	
L	6855705	01		Kousouay		LOCALITY	13.216	19.4516	
L	6855706	01		Am Leimoun		LOCALITY	13.2008	19.4465	
L	6855707	01		Néhen		LOCALITY	13.2069	19.416	
L	6855708	01		Douroungoulou		LOCALITY	13.1951	19.4283	
L	6855709	01		Tchoukourdoum		LOCALITY	13.2019	19.4195	
L	6855715	01		Am Jokin		LOCALITY	13.1987	19.3163	
L	6855716	01		Koudou		LOCALITY	13.1711	19.348	
L	6855717	01		Tawil		LOCALITY	13.1683	19.4094	
L	6855718	01		Am Damangat		LOCALITY	13.1626	19.4561	
L	6855720	01		Am Dabouga		LOCALITY	13.1261	19.5022	
L	6855725	01		Déréhité		LOCALITY	13.14423	19.83792	
L	6855728	01		Témed al Fachara		LOCALITY	13.16329	19.93575	
L	6855735	01		Hadjalidj		LOCALITY	13.0127	19.2947	
L	6855738	01		Ouadi Gambir		LOCALITY	13.78353	19.76521	
L	6855740	01		Grokoy		LOCALITY	13.7596	19.7559	
L	6855741	01		Am Timaimé		LOCALITY	13.7702	19.7021	
L	6855743	01		Adougouli		LOCALITY	13.5714	19.9784	
L	6855746	01		Séhéba		LOCALITY	13.1361	19.4121	
L	6855937	05		Toumka Bara		LOCALITY	12.16291	18.18003	
L	6855938	01		Fogola		LOCALITY	12.71661	18.35553	
L	6855939	01		Ab Mondo		LOCALITY	12.92141	18.28783	
L	6855940	05		Doloumba		LOCALITY	12.70581	18.53553	
L	6855941	05		Samargo		LOCALITY	12.37091	18.88203	
L	6855942	05		Bo		LOCALITY	12.25711	18.87643	
L	6855945	05		Golaou		LOCALITY	12.24621	18.88833	
L	6856292	13		Kasobon		LOCALITY	10.46908	21.3119	
L	6856301	13		Kirénik		LOCALITY	11.3908	20.0957	
L	6856475	15		Djinéré		LOCALITY	11.9911	16.1125	
L	6856476	18		Abraï		LOCALITY	11.9603	16.9229	
L	6856477	18		Abraï		LOCALITY	11.9779	16.9352	
L	6856479	15		Nakabré		LOCALITY	11.8892	16.1238	
L	6856480	15		Anga		LOCALITY	11.979	16.2527	
L	6856481	15		Balday		LOCALITY	11.9356	16.2508	
L	6856482	15		Nakabré		LOCALITY	11.8591	16.103	
L	6856483	15		Dialko		LOCALITY	11.8535	16.2579	
L	6856484	15		Biéré		LOCALITY	11.8248	16.268	
L	6856485	15		Chérif		LOCALITY	11.7619	16.2682	
L	6856486	15		Guidgada		LOCALITY	11.6474	16.1818	
L	6856487	15		Karnak		LOCALITY	11.5805	16.0659	
L	6856489	15		Moula		LOCALITY	11.4547	16.1952	
L	6856490	15		Moula		LOCALITY	11.4338	16.2163	
L	6856491	15		Djourou Gouma		LOCALITY	11.3873	16.104	
L	6856492	15		Modmasa		LOCALITY	11.3785	16.1057	
L	6856493	15		Daradjé Dole		LOCALITY	11.3717	16.1702	
L	6856494	15		Her		LOCALITY	11.3814	16.2291	
L	6856495	15		Djourouké		LOCALITY	11.287	16.095	
L	6856496	15		Bergué		LOCALITY	11.2037	16.1977	
L	6856497	15		Baria		LOCALITY	11.0339	16.1921	
L	6856499	15		Gafoutchou		LOCALITY	11.83489	16.3407	
L	6856500	15		Fadjé Bouchara		LOCALITY	11.7726	16.4609	
L	6856501	15		Dindéré		LOCALITY	11.6909	16.5123	
L	6856502	15		Tchaka		LOCALITY	11.5382	16.3353	
L	6856503	15		Dolioko		LOCALITY	11.5259	16.4383	
L	6856505	15		Ardiet		LOCALITY	11.2542	16.4334	
L	6856506	15		Amalélé		LOCALITY	11.2371	16.4155	
L	6856507	15		Mahamza		LOCALITY	11.2132	16.3874	
L	6856508	15		Tchoukouria		LOCALITY	11.1997	16.4203	
L	6856512	15		Aladana		LOCALITY	11.6383	16.6881	
L	6856513	15		Aladana		LOCALITY	11.6221	16.7057	
L	6856514	15		Adjaraï		LOCALITY	11.5939	16.711	
L	6856515	15		Madel Oueï		LOCALITY	11.013	16.7011	
L	6856516	15		Masenya		LOCALITY	11.0034	16.6908	
L	6856517	15		Gourgaré		LOCALITY	11.4232	16.8969	
L	6856518	15		Doulouk		LOCALITY	11.1485	16.298	
L	6856520	15		Souébé		LOCALITY	11.5983	16.7969	
L	6856522	05		Alogué		LOCALITY	11.9725	18.7297	
L	6856524	05		Djamoussa		LOCALITY	11.2888	18.9338	
L	6856525	05		Makloki		LOCALITY	11.90767	18.27492	
L	6856526	05		Bandaro		LOCALITY	11.8744	18.5658	
L	6856527	05		Dokora		LOCALITY	11.9243	18.5666	
L	6856528	05		Tongola		LOCALITY	11.9016	18.6488	
L	6856529	05		Redjo		LOCALITY	11.8739	18.6387	
L	6856530	05		Bihet		LOCALITY	11.8141	18.8536	
L	6856531	05		Débir		LOCALITY	11.8065	18.7634	
L	6856533	05		Korkor		LOCALITY	11.1595	18.2408	
L	6856534	05		Sala		LOCALITY	11.4448	18.246	
L	6856535	05		Baroual		LOCALITY	11.3407	18.3323	
L	6856536	05		Temki		LOCALITY	11.4889	18.2471	
L	6856537	05		Bodom		LOCALITY	11.4274	18.3709	
L	6856538	05		Kerkéna		LOCALITY	11.6331	18.4441	
L	6856539	05		Poyo		LOCALITY	11.7183	18.34683	
L	6856540	05		Diogou		LOCALITY	11.68224	18.46246	
L	6856542	05		Loié		LOCALITY	11.3318	18.5314	
L	6856543	05		Goudboul		LOCALITY	11.3213	18.5165	
L	6856544	05		Goudami		LOCALITY	11.88	18.2191	
L	6856641	25		Dourti		LOCALITY	11.96912	21.58496	
L	6856670	13		Tibech		LOCALITY	11.582	19.0577	
L	6856671	13		Dioran		LOCALITY	11.5921	19.8478	
L	6856672	13		Alouvar		LOCALITY	11.6072	19.0441	
L	6856673	05		Karnouk		LOCALITY	11.7549	19.0445	
L	6856674	05		Mirguilo		LOCALITY	11.7952	19.2288	
L	6856675	05		Biré		LOCALITY	11.8514	19.2594	
L	6856676	13		Djiodat		LOCALITY	11.9591	19.5251	
L	6856677	13		Outchéro		LOCALITY	11.9632	19.525	
L	6856678	13		Amdet		LOCALITY	11.96536	19.50571	
L	6857158	17		Kémata		LOCALITY	8.9669	18.2679	
L	6857159	17		Dankian		LOCALITY	8.95896	18.2617	
L	6857160	17		Danamadja		LOCALITY	8.92757	18.26877	
L	6857161	17		Maïbo		LOCALITY	8.9259	18.3734	
L	6857162	17		Maïmara		LOCALITY	8.94983	18.5482	
L	6857163	17		Maïbo		LOCALITY	8.9772	18.5174	
L	6857164	17		Maïmara		LOCALITY	8.9263	18.5855	
L	6857165	17		Maïbo		LOCALITY	8.8619	18.39	
L	6857166	17		Maïbo		LOCALITY	8.8978	18.3701	
L	6857167	17		Maïbo		LOCALITY	8.91059	18.37347	
L	6857168	17		Béti		LOCALITY	8.89837	18.3259	
L	6857169	17		Maïtama		LOCALITY	8.8981	18.2881	
L	6857170	17		Bourbo		LOCALITY	8.894	18.2896	
L	6857171	17		Maïbo		LOCALITY	8.8711	18.1886	
L	6857172	17		Safoyo		LOCALITY	8.90508	18.1285	
L	6857173	17		Maïroum		LOCALITY	8.83355	18.1289	
L	6857174	17		Maïroum		LOCALITY	8.82774	18.16166	
L	6857175	17		Maïmbéré		LOCALITY	8.8297	18.3516	
L	6857176	17		Moyo		LOCALITY	8.8286	18.4648	
L	6857177	17		Démimatra		LOCALITY	8.8348	18.4727	
L	6857178	17		Maïkolo		LOCALITY	8.81526	18.50787	
L	6857179	17		Bédéré		LOCALITY	8.7905	18.5399	
L	6857180	17		Kira		LOCALITY	8.8251	18.6116	
L	6857181	17		Sako		LOCALITY	8.8032	18.6679	
L	6857182	17		Maïkouma		LOCALITY	8.7895	18.7521	
L	6857183	17		Mbata		LOCALITY	8.8139	18.73798	
L	6857184	17		Iala		LOCALITY	8.8251	18.7813	
L	6857185	17		Maïmassa		LOCALITY	8.8019	18.76394	
L	6857186	17		Kemkaba		LOCALITY	8.7796	18.7556	
L	6857187	17		Kemgo		LOCALITY	8.7153	18.9692	
L	6857188	17		Dangadjaye		LOCALITY	8.7142	18.9861	
L	6857189	17		Gounkira		LOCALITY	8.6616	18.983	
L	6857190	17		Jingana		LOCALITY	8.6491	18.9365	
L	6857191	17		Morkouata		LOCALITY	8.6456	18.9035	
L	6857192	17		Moïblla		LOCALITY	8.6586	18.7973	
L	6857193	17		Derssé		LOCALITY	8.6727	18.7704	
L	6857194	17		Tagon		LOCALITY	8.7061	18.82417	
L	6857195	17		Langoutou		LOCALITY	8.6942	18.7172	
L	6857196	17		Saguna		LOCALITY	8.68089	18.62496	
L	6857197	17		Morombi		LOCALITY	8.6763	18.5511	
L	6857198	17		Moyo		LOCALITY	8.6827	18.5931	
L	6857199	17		Sohongo		LOCALITY	8.70579	18.57686	
L	6857200	17		Okan		LOCALITY	8.73143	18.56114	
L	6857201	17		Maïnana		LOCALITY	8.7655	18.5746	
L	6857202	17		Ngaramtélé		LOCALITY	8.7603	18.51057	
L	6857203	17		Kénodjou		LOCALITY	8.7471	18.4788	
L	6857204	17		Niarobala		LOCALITY	8.736	18.5204	
L	6857205	17		Bégourou		LOCALITY	8.7338	18.5082	
L	6857206	17		Bouroubé		LOCALITY	8.72662	18.50029	
L	6857207	17		Kira		LOCALITY	8.6605	18.4518	
L	6857208	17		Maïkoubou		LOCALITY	8.77076	18.40273	
L	6857209	17		Maïkoubou		LOCALITY	8.7772	18.3941	
L	6857210	17		Moutmana		LOCALITY	8.6681	18.3036	
L	6857211	17		Dobadéna		LOCALITY	8.6695	18.2886	
L	6857212	17		Bengono		LOCALITY	8.6907	18.3042	
L	6857213	17		Guidlolo		LOCALITY	8.67184	18.29663	
L	6857214	17		Démia		LOCALITY	8.73652	18.2048	
L	6857215	17		Maïklga		LOCALITY	8.7475	18.2215	
L	6857216	17		Gboïma		LOCALITY	8.74841	18.226	
L	6857217	17		Sambourou		LOCALITY	8.7456	18.2291	
L	6857218	17		Kemkia		LOCALITY	8.7417	18.2296	
L	6857219	17		Maïgala		LOCALITY	8.7839	18.2917	
L	6857220	17		Maïkouroum		LOCALITY	8.7775	18.1094	
L	6857221	19		Bongo		LOCALITY	8.7771	18.0357	
L	6857222	17		Kamassé		LOCALITY	8.7191	18.0814	
L	6857223	17		Kemdili		LOCALITY	8.635	18.05913	
L	6857224	17		Goro		LOCALITY	8.63484	18.11854	
L	6857225	17		Ngam		LOCALITY	8.6619	18.1681	
L	6857226	17		Sébé		LOCALITY	8.596	18.1362	
L	6857227	17		Sébé		LOCALITY	8.5944	18.1166	
L	6857228	17		Bégouri		LOCALITY	8.6424	18.4844	
L	6857229	17		Moussobodo		LOCALITY	8.6262	18.4582	
L	6857230	17		Mordji		LOCALITY	8.6177	18.4627	
L	6857231	17		Kembourou		LOCALITY	8.571	18.4566	
L	6857232	17		Moyemtoro		LOCALITY	8.55994	18.49054	
L	6857233	17		Goumbanga		LOCALITY	8.5456	18.4355	
L	6857234	17		Dobo		LOCALITY	8.5508	18.4143	
L	6857235	17		Maïbian		LOCALITY	8.6282	18.5439	
L	6857236	17		Maïkandjia		LOCALITY	8.5305	18.6314	
L	6857237	17		Iréna		LOCALITY	8.63924	18.97187	
L	6857238	17		Bourbé		LOCALITY	8.5651	18.9776	
L	6857239	17		Ndingamba		LOCALITY	8.5524	18.9601	
L	6857240	17		Takira		LOCALITY	8.533	18.9594	
L	6857241	17		Dandira		LOCALITY	8.52762	18.95716	
L	6857244	17		Bimbagué		LOCALITY	8.3735	18.878	
L	6857245	17		Bokalgué		LOCALITY	8.36972	18.87834	
L	6857246	17		Mamodjio		LOCALITY	8.4001	18.8756	
L	6857247	17		Maro		LOCALITY	8.4312	18.8429	
L	6857248	17		Isako		LOCALITY	8.43873	18.83304	
L	6857249	17		Paré Sara I		LOCALITY	8.47221	18.77032	
L	6857250	17		Maïnana		LOCALITY	8.5167	18.3971	
L	6857251	17		Moussikobo		LOCALITY	8.5174	18.3706	
L	6857252	17		Guérlngué		LOCALITY	8.52524	18.3563	
L	6857253	17		Ndéïndana		LOCALITY	8.4597	18.2578	
L	6857254	17		Djéké Djéké		LOCALITY	8.4077	18.239	
L	6857255	17		Maïmbaya		LOCALITY	8.40753	18.22383	
L	6857256	17		Maïngara		LOCALITY	8.49219	18.20783	
L	6857257	19		Maïtéra		LOCALITY	8.32689	18.0991	
L	6857258	19		Nara		LOCALITY	8.2866	18.0483	
L	6857259	19		Safoué		LOCALITY	8.2873	18.0919	
L	6857260	19		Gongonodjio		LOCALITY	8.28036	18.09124	
L	6857261	19		Maïtéra		LOCALITY	8.27349	18.0926	
L	6857262	19		Gong		LOCALITY	8.2115	18.0695	
L	6857263	19		Guendoumou		LOCALITY	8.20564	18.05654	
L	6857265	17		Goulo		LOCALITY	8.32053	18.76616	
L	6857266	17		Nadili		LOCALITY	8.25896	18.72061	
L	6857267	17		Nadili		LOCALITY	8.2358	18.7179	
L	6857268	17		Mossiara		LOCALITY	8.8367	18.4341	
L	6857409	09		Bam Bodo		LOCALITY	7.99411	16.04448	
L	6857410	09		Bédane		LOCALITY	7.98521	16.31005	
L	6857411	09		Robé Goré		LOCALITY	7.93941	16.70718	
L	6857412	09		Békor		LOCALITY	7.9262	16.3592	
L	6857413	09		Bélama		LOCALITY	7.8087	16.8646	
L	6857414	09		Bégone		LOCALITY	7.72584	16.41173	
L	6857442	09		So		LOCALITY	7.66574	16.79359	
L	6859114	15		Lérédir		LOCALITY	11.0172	17.0988	
L	6859115	05		Oua		LOCALITY	11.0192	17.9304	
L	6859116	05		Baka		LOCALITY	11.02	17.9945	
L	6859118	05		Djana		LOCALITY	11.0356	17.5328	
L	6859121	05		Amtaladja		LOCALITY	11.0425	17.4644	
L	6859122	05		Oré		LOCALITY	11.0428	17.8566	
L	6859123	05		Djana Ibet		LOCALITY	11.0438	17.5371	
L	6859124	05		Djana Moura		LOCALITY	11.0464	17.5359	
L	6859125	05		Dara		LOCALITY	11.0481	17.8273	
L	6859126	05		Amtaladja		LOCALITY	11.0547	17.459	
L	6859127	05		Bose		LOCALITY	11.0654	17.829	
L	6859128	05		Asaraf		LOCALITY	11.0891	17.9326	
L	6859130	05		Nietague		LOCALITY	11.0943	17.831	
L	6859131	15		Manaba		LOCALITY	11.0952	17.078	
L	6859133	05		Marga		LOCALITY	11.0996	17.8013	
L	6859134	05		Goumi		LOCALITY	11.103	17.8637	
L	6859135	05		Antarena		LOCALITY	11.1061	17.826	
L	6859137	05		Dabokay		LOCALITY	11.1111	17.7776	
L	6859138	05		Balarahi		LOCALITY	11.1174	17.8195	
L	6859139	05		Moudi		LOCALITY	11.1216	17.786	
L	6859140	05		Soro		LOCALITY	11.12299	17.78901	
L	6859141	05		Tougdi		LOCALITY	11.1273	17.8507	
L	6859142	15		Faridji		LOCALITY	11.1342	17.19	
L	6859143	05		Soro		LOCALITY	11.1356	17.7791	
L	6859149	05		Mogol		LOCALITY	11.1831	17.8615	
L	6859150	05		Badjiao		LOCALITY	11.1871	17.4615	
L	6859151	05		Kala		LOCALITY	11.1899	17.9227	
L	6859152	05		Kala		LOCALITY	11.1908	17.9354	
L	6859153	05		Dolé		LOCALITY	11.195	17.4663	
L	6859155	05		Panii		LOCALITY	11.1955	17.7687	
L	6859156	05		Déher		LOCALITY	11.1972	17.7927	
L	6859159	15		Djokodji		LOCALITY	11.2055	17.0955	
L	6859160	05		Doulfi		LOCALITY	11.2165	17.6703	
L	6859162	05		Diagma		LOCALITY	11.2213	17.7709	
L	6859164	05		Dasingué		LOCALITY	11.234	17.747	
L	6859165	05		Dasingué		LOCALITY	11.2423	17.762	
L	6859166	05		Masinie		LOCALITY	11.2439	17.669	
L	6859167	05		Ngato		LOCALITY	11.25814	17.33653	
L	6859168	15		Kolé Akéré		LOCALITY	11.2676	17.0944	
L	6859169	05		Gosondoum		LOCALITY	11.2681	17.8508	
L	6859170	05		Sondoum		LOCALITY	11.2784	17.8564	
L	6859171	15		Dogolo		LOCALITY	11.2805	17.0703	
L	6859172	05		Gourgoutch		LOCALITY	11.2821	17.704	
L	6859173	05		Oso		LOCALITY	11.2835	17.6984	
L	6859175	05		Towéle		LOCALITY	11.29	17.8714	
L	6859176	05		Boubou		LOCALITY	11.2904	17.7337	
L	6859177	15		Markaba		LOCALITY	11.2921	17.1306	
L	6859178	15		Dogolo		LOCALITY	11.3	17.0771	
L	6859180	15		Moura		LOCALITY	11.3079	17.2258	
L	6859181	15		Ardébé		LOCALITY	11.3108	17.2438	
L	6859182	15		Masisé		LOCALITY	11.3288	17.0972	
L	6859183	15		Milio		LOCALITY	11.3323	17.0827	
L	6859184	15		Kokandjé		LOCALITY	11.34241	17.13791	
L	6859188	05		Ouroa		LOCALITY	11.3793	17.4804	
L	6859192	15		Tchalta		LOCALITY	11.4122	17.0619	
L	6859194	15		Ladja		LOCALITY	11.4185	17.2155	
L	6859195	15		Basa		LOCALITY	11.4674	17.0979	
L	6859197	05		Badanga		LOCALITY	11.4757	17.5645	
L	6859198	15		Fazara		LOCALITY	11.4763	17.1854	
L	6859199	05		Djaména		LOCALITY	11.4947	17.5196	
L	6859204	05		Deleng		LOCALITY	11.5235	17.5397	
L	6859205	05		Mougdi		LOCALITY	11.5374	17.5867	
L	6859206	15		Oursé		LOCALITY	11.5458	17.1594	
L	6859207	15		Goguéna		LOCALITY	11.5491	17.11466	
L	6859208	05		Maskin		LOCALITY	11.5835	17.427	
L	6859209	18		Gourfoul		LOCALITY	11.5858	17.167	
L	6859210	18		Delniom		LOCALITY	11.5938	17.418	
L	6859212	18		Badanga		LOCALITY	11.5996	17.4286	
L	6859213	18		Djamara		LOCALITY	11.604	17.1366	
L	6859214	05		Koso		LOCALITY	11.613	17.9195	
L	6859215	05		Redé		LOCALITY	11.6169	17.9145	
L	6859216	18		Lawa		LOCALITY	11.6386	17.2724	
L	6859217	05		Djilmi		LOCALITY	11.6464	17.9067	
L	6859218	05		Niérem		LOCALITY	11.6478	17.8765	
L	6859220	05		Djilmi		LOCALITY	11.6681	17.9118	
L	6859222	18		Nabagay		LOCALITY	11.6835	17.2946	
L	6859223	18		Amsamka		LOCALITY	11.6844	17.1056	
L	6859224	05		Djilmi		LOCALITY	11.6852	17.9138	
L	6859225	18		Am Basatna		LOCALITY	11.687	17.3619	
L	6859227	18		Djouroudji		LOCALITY	11.6926	17.2019	
L	6859230	05		Gala		LOCALITY	11.7044	17.9736	
L	6859231	18		Doldoki		LOCALITY	11.7074	17.1142	
L	6859233	18		Lawa		LOCALITY	11.7318	17.2034	
L	6859235	18		Gardogo		LOCALITY	11.7437	17.1183	
L	6859236	18		Koursoungana		LOCALITY	11.75107	17.20835	
L	6859237	18		Gardogo		LOCALITY	11.7543	17.1349	
L	6859239	18		Amifèn		LOCALITY	11.7737	17.2206	
L	6859243	18		Am Koloma		LOCALITY	11.8025	17.1559	
L	6859245	18		Toséguédi		LOCALITY	11.8108	17.3627	
L	6859246	18		Nabagay		LOCALITY	11.8236	17.1488	
L	6859247	18		Am Achich		LOCALITY	11.8291	17.3858	
L	6859248	18		Djamam		LOCALITY	11.8305	17.0912	
L	6859249	18		Djipdjoumalak Bordjio		LOCALITY	11.8477	17.2684	
L	6859250	18		Am Sakiné		LOCALITY	11.8483	17.4447	
L	6859252	05		Dorsoumsoum Boroï		LOCALITY	11.85025	17.63627	
L	6859253	18		Am Sakiné		LOCALITY	11.8634	17.4188	
L	6859254	18		Gadim		LOCALITY	11.8649	17.4131	
L	6859255	18		Tordona		LOCALITY	11.875	17.2829	
L	6859256	18		Rokap		LOCALITY	11.8777	17.1062	
L	6859257	18		Kochébou		LOCALITY	11.88438	17.23218	
L	6859258	05		Tchawa		LOCALITY	11.8861	17.6012	
L	6859260	18		Allah Antana		LOCALITY	11.9114	17.2051	
L	6859261	18		Arad		LOCALITY	11.9128	17.1711	
L	6859262	18		Kouziwaït		LOCALITY	11.914	17.2541	
L	6859263	18		Am Farat		LOCALITY	11.9157	17.0919	
L	6859264	18		Am Mabilé		LOCALITY	11.9192	17.2541	
L	6859265	18		Toual		LOCALITY	11.93313	17.16907	
L	6859266	18		Achana		LOCALITY	11.953	17.2615	
L	6859267	18		Toual		LOCALITY	11.9535	17.1738	
L	6859268	05		Bayo		LOCALITY	11.9598	17.5679	
L	6859269	18		Wiyel		LOCALITY	11.964	17.2228	
L	6859271	18		Allah Antana		LOCALITY	11.9691	17.2356	
L	6859272	18		El Bakhas		LOCALITY	11.993	17.092	
L	6859362	19		Baga		LOCALITY	8.0066	17.3499	
L	6859363	19		Bédégué		LOCALITY	8.01155	17.78521	
L	6859364	19		Maïkoutou		LOCALITY	8.02561	17.84317	
L	6859365	19		Maïmbélé		LOCALITY	8.0275	17.6951	
L	6859366	19		Manga		LOCALITY	8.0292	17.3327	
L	6859367	19		Safoyo		LOCALITY	8.055	17.5253	
L	6859368	19		Dobo		LOCALITY	8.06638	17.45342	
L	6859369	19		Dobo		LOCALITY	8.0728	17.46275	
L	6859370	19		Nguendé		LOCALITY	8.07847	17.8133	
L	6859371	19		Gon		LOCALITY	8.1003	17.7049	
L	6859372	19		Bata		LOCALITY	8.10903	17.54576	
L	6859373	19		Bata		LOCALITY	8.11291	17.52288	
L	6859374	19		Guldikouti		LOCALITY	8.1141	17.7075	
L	6859375	19		Dagoti		LOCALITY	8.1221	17.7129	
L	6859376	19		Maïketé		LOCALITY	8.12264	17.82636	
L	6859377	19		Kaba III		LOCALITY	8.1331	17.5309	
L	6859378	19		Maïta		LOCALITY	8.13521	17.467	
L	6859379	19		Dembo		LOCALITY	8.1357	17.8308	
L	6859380	19		Kamkapti		LOCALITY	8.1481	17.4518	
L	6859381	19		Maïmosso		LOCALITY	8.1529	17.5484	
L	6859382	19		Sanassa		LOCALITY	8.15434	17.44126	
L	6859383	19		Koyo		LOCALITY	8.1827	17.4284	
L	6859384	09		Bekolo		LOCALITY	8.1927	17.1227	
L	6859385	09		Bekolo		LOCALITY	8.1957	17.131	
L	6859386	19		Gormongo		LOCALITY	8.1992	17.6247	
L	6859387	19		Samassa		LOCALITY	8.20493	17.82253	
L	6859388	09		Bimbaitada		LOCALITY	8.2059	17.1326	
L	6859389	19		Gué		LOCALITY	8.22217	17.8197	
L	6859391	09		Dondati		LOCALITY	8.2415	17.1515	
L	6859392	09		Dedaye		LOCALITY	8.2437	17.1675	
L	6859393	19		Kamkapti		LOCALITY	8.2502	17.6899	
L	6859394	19		Bara		LOCALITY	8.25366	17.70366	
L	6859395	19		Daporpouti		LOCALITY	8.26619	17.54629	
L	6859396	09		Bemou		LOCALITY	8.2682	17.1231	
L	6859397	19		Kingabila		LOCALITY	8.2713	17.6107	
L	6859398	09		Manga		LOCALITY	8.2776	17.0939	
L	6859399	09		Bépara		LOCALITY	8.28134	17.03083	
L	6859400	09		Bodo		LOCALITY	8.28249	17.11607	
L	6859401	09		Kokanti		LOCALITY	8.28756	17.09333	
L	6859402	09		Bemana		LOCALITY	8.29152	17.04949	
L	6859403	09		Gouri		LOCALITY	8.2919	17.1854	
L	6859404	19		Doba		LOCALITY	8.2926	17.5409	
L	6859405	09		Bodo		LOCALITY	8.2955	17.1199	
L	6859406	09		Bépara		LOCALITY	8.30076	17.04681	
L	6859407	09		Maïbo		LOCALITY	8.3073	17.2166	
L	6859408	09		Ko Mbo		LOCALITY	8.3086	17.26813	
L	6859409	09		Bedoada		LOCALITY	8.30907	17.1694	
L	6859410	09		Maïssa		LOCALITY	8.3094	17.2023	
L	6859411	09		Bépara		LOCALITY	8.31223	17.04572	
L	6859412	09		Mogo		LOCALITY	8.3151	17.086	
L	6859413	09		Kabanda		LOCALITY	8.31752	17.17628	
L	6859414	19		Dobadéné III		LOCALITY	8.3199	17.4396	
L	6859415	09		Bembaya		LOCALITY	8.3211	17.2055	
L	6859416	19		Moyon		LOCALITY	8.33208	17.58485	
L	6859417	09		Belkara		LOCALITY	8.33385	17.19139	
L	6859418	09		Békodo I		LOCALITY	8.33614	17.1114	
L	6859419	09		Békodo II		LOCALITY	8.33685	17.09619	
L	6859420	19		Niabodo		LOCALITY	8.3432	17.9827	
L	6859421	09		Béro		LOCALITY	8.34382	17.08952	
L	6859422	19		Maïhaya		LOCALITY	8.3446	17.5874	
L	6859423	09		Béongo		LOCALITY	8.34903	17.08426	
L	6859424	19		Mada		LOCALITY	8.3492	17.6696	
L	6859425	19		Maïkan		LOCALITY	8.3516	17.76799	
L	6859426	19		Maïhaya		LOCALITY	8.3525	17.5244	
L	6859427	09		Békodo		LOCALITY	8.3531	17.1032	
L	6859428	19		Do		LOCALITY	8.3534	17.2995	
L	6859429	19		Maïmbéré		LOCALITY	8.35412	17.68785	
L	6859430	09		Dondoua		LOCALITY	8.3558	17.0847	
L	6859431	19		Kaga		LOCALITY	8.3579	17.3867	
L	6859432	19		Bebo Pen		LOCALITY	8.36211	17.2584	
L	6859433	19		Maïbian		LOCALITY	8.368	17.51951	
L	6859434	19		Parsegué		LOCALITY	8.37033	17.40929	
L	6859435	19		Dobadéné III		LOCALITY	8.3744	17.4871	
L	6859436	19		Bebo Pen		LOCALITY	8.3753	17.2494	
L	6859437	19		Namli		LOCALITY	8.37685	17.61196	
L	6859438	19		Takaba		LOCALITY	8.3791	17.5482	
L	6859439	19		Gombé		LOCALITY	8.3804	17.7718	
L	6859440	19		Daïbo		LOCALITY	8.38083	17.26467	
L	6859441	19		Maïkolo		LOCALITY	8.381	17.5336	
L	6859442	19		Sako		LOCALITY	8.3812	17.4963	
L	6859443	19		Sako		LOCALITY	8.38204	17.40569	
L	6859444	19		Roungo		LOCALITY	8.3905	17.5785	
L	6859445	09		Bédio		LOCALITY	8.393	17.1098	
L	6859446	19		Do		LOCALITY	8.39348	17.2808	
L	6859447	19		Do		LOCALITY	8.4014	17.2693	
L	6859448	19		Kou		LOCALITY	8.4052	17.6685	
L	6859449	19		Maïninga		LOCALITY	8.4057	17.5962	
L	6859450	19		Koyo		LOCALITY	8.4117	17.4955	
L	6859451	19		Ndoubo Do		LOCALITY	8.4133	17.2488	
L	6859452	19		Dili		LOCALITY	8.41701	17.42885	
L	6859453	19		Mounkoumba		LOCALITY	8.41742	17.7486	
L	6859454	19		Bebo Pen		LOCALITY	8.4237	17.2747	
L	6859455	19		Paresara		LOCALITY	8.42984	17.39465	
L	6859456	19		Guidimanti		LOCALITY	8.4333	17.5537	
L	6859457	19		Kotongoro		LOCALITY	8.4363	17.26262	
L	6859458	09		Kaba		LOCALITY	8.4436	17.0655	
L	6859459	19		Kaba		LOCALITY	8.444	17.4925	
L	6859460	19		Kaditaya		LOCALITY	8.45324	17.78516	
L	6859461	19		Derguigui		LOCALITY	8.4534	17.6678	
L	6859462	19		Bouna Kaba		LOCALITY	8.4549	17.4868	
L	6859463	19		Bebo Pen		LOCALITY	8.456	17.2605	
L	6859464	19		Mouskandja		LOCALITY	8.47744	17.83144	
L	6859465	19		Maïmbéré		LOCALITY	8.4793	17.58851	
L	6859466	19		Ndjila		LOCALITY	8.4851	17.9473	
L	6859467	19		Da		LOCALITY	8.4885	17.4419	
L	6859468	19		Békono		LOCALITY	8.4887	17.2932	
L	6859469	19		Guirkian		LOCALITY	8.49036	17.46386	
L	6859470	09		Dombali		LOCALITY	8.49245	17.11946	
L	6859471	19		Bouna		LOCALITY	8.4944	17.4172	
L	6859472	09		Koumatou		LOCALITY	8.49695	17.0389	
L	6859473	19		Koutouboté		LOCALITY	8.4984	17.2049	
L	6859474	09		Gouri		LOCALITY	8.5071	17.1126	
L	6859475	19		Kogogué		LOCALITY	8.5097	17.799	
L	6859476	19		Maïngara		LOCALITY	8.52922	17.7113	
L	6859477	19		Bédégagra		LOCALITY	8.5411	17.6051	
L	6859478	19		Maïkouma		LOCALITY	8.5422	17.5719	
L	6859479	19		Maïkouma		LOCALITY	8.5527	17.7978	
L	6859480	19		Yomi		LOCALITY	8.5531	17.2824	
L	6859481	19		Djola II		LOCALITY	8.5582	17.6001	
L	6859482	19		Massa		LOCALITY	8.562	17.6817	
L	6859483	19		Ouardamgué		LOCALITY	8.5687	17.674	
L	6859484	19		Bo		LOCALITY	8.56918	17.28576	
L	6859485	19		Maïnana		LOCALITY	8.5718	17.16944	
L	6859486	19		Bili		LOCALITY	8.57858	17.90496	
L	6859487	09		Béongo		LOCALITY	8.5799	17.04537	
L	6859488	19		Béboro		LOCALITY	8.5847	17.6582	
L	6859489	19		Bili		LOCALITY	8.6006	17.8746	
L	6859490	09		Kokati		LOCALITY	8.60588	17.0208	
L	6859491	19		Gonkargué		LOCALITY	8.6088	17.8699	
L	6859492	09		Kokati		LOCALITY	8.6105	17.0107	
L	6859493	19		Bedobouyou		LOCALITY	8.61354	17.17043	
L	6859494	19		Benga Kindonion		LOCALITY	8.61754	17.17891	
L	6859495	19		Sako		LOCALITY	8.61901	17.75454	
L	6859496	19		Nangda		LOCALITY	8.621	17.333	
L	6859497	19		Obolo		LOCALITY	8.6266	17.31947	
L	6859498	19		Boro		LOCALITY	8.6379	17.3528	
L	6859499	19		Kagala		LOCALITY	8.6381	17.3361	
L	6859500	19		Bédogo I		LOCALITY	8.6489	17.113	
L	6859501	19		Bembadal		LOCALITY	8.6545	17.1219	
L	6859502	19		Sandéné		LOCALITY	8.65694	17.70899	
L	6859503	19		Korkossé		LOCALITY	8.66219	17.97733	
L	6859504	19		Bembadal		LOCALITY	8.663	17.1222	
L	6859505	19		Bekessi		LOCALITY	8.67033	17.2527	
L	6859506	19		Maïndou		LOCALITY	8.672	17.3623	
L	6859507	19		Békoumbo		LOCALITY	8.67745	17.26003	
L	6859508	19		Bekamba		LOCALITY	8.6786	17.3652	
L	6859509	19		Bagdaye		LOCALITY	8.6864	17.3655	
L	6859510	19		Mayo		LOCALITY	8.6904	17.9091	
L	6859511	09		Békétati		LOCALITY	8.69438	17.06079	
L	6859512	19		Kaba VIII		LOCALITY	8.6991	17.6974	
L	6859513	19		Toura		LOCALITY	8.70143	17.15941	
L	6859514	19		Bédoua		LOCALITY	8.7025	17.1643	
L	6859515	19		Békéssi		LOCALITY	8.70344	17.24035	
L	6859516	19		Mayo		LOCALITY	8.7047	17.9431	
L	6859517	09		Békétati		LOCALITY	8.7051	17.062	
L	6859518	19		Maïtama		LOCALITY	8.7131	17.8056	
L	6859519	19		Gonbé		LOCALITY	8.72281	17.43249	
L	6859520	19		Komoto		LOCALITY	8.7233	17.4113	
L	6859521	09		Bebala		LOCALITY	8.72352	17.06842	
L	6859522	19		Balé I		LOCALITY	8.72395	17.44946	
L	6859523	19		Doguére		LOCALITY	8.73723	17.57525	
L	6859524	09		Bédigri		LOCALITY	8.7395	17.0732	
L	6859525	19		Kodbouga		LOCALITY	8.7471	17.1448	
L	6859526	19		Bédaya		LOCALITY	8.7505	17.4029	
L	6859527	19		Kodio		LOCALITY	8.751	17.7464	
L	6859528	19		Bébo		LOCALITY	8.75422	17.17906	
L	6859529	19		Bendana		LOCALITY	8.75878	17.18842	
L	6859530	19		Kodbouga		LOCALITY	8.7679	17.1442	
L	6859531	19		Bendana		LOCALITY	8.7706	17.1726	
L	6859532	09		Yéï		LOCALITY	8.7756	17.0107	
L	6859533	19		Narabanga		LOCALITY	8.78187	17.48584	
L	6859534	19		Goré		LOCALITY	8.7844	17.1947	
L	6859535	19		Béssa		LOCALITY	8.7857	17.1681	
L	6859536	19		Péni		LOCALITY	8.7875	17.2879	
L	6859537	19		Doko		LOCALITY	8.79513	17.32192	
L	6859538	19		Kangoro		LOCALITY	8.79744	17.47826	
L	6859539	19		Maïtama		LOCALITY	8.80081	17.58215	
L	6859540	19		Kemkaga		LOCALITY	8.80124	17.42235	
L	6859541	19		Gouroumtou		LOCALITY	8.8079	17.1715	
L	6859542	19		Bédan		LOCALITY	8.8084	17.3063	
L	6859543	19		Nara		LOCALITY	8.811	17.2981	
L	6859544	09		Békoro		LOCALITY	8.81299	17.06045	
L	6859545	19		Boutou		LOCALITY	8.8193	17.36146	
L	6859546	09		Maïbo Mbaye		LOCALITY	8.8208	17.01621	
L	6859547	09		Bembaïdi		LOCALITY	8.8231	17.0255	
L	6859548	19		Rô		LOCALITY	8.8268	17.2809	
L	6859549	19		Boye		LOCALITY	8.82867	17.47477	
L	6859550	19		Bedaya		LOCALITY	8.8373	17.2285	
L	6859551	19		Dogourou		LOCALITY	8.84093	17.38012	
L	6859552	19		Badbo		LOCALITY	8.8496	17.6842	
L	6859553	09		Gatouambassa		LOCALITY	8.85149	17.07331	
L	6859554	09		Maïbo Goulaye		LOCALITY	8.8545	17.0336	
L	6859555	19		Kemrembé		LOCALITY	8.8569	17.6873	
L	6859556	19		Matadé		LOCALITY	8.8588	17.847	
L	6859557	19		Koko		LOCALITY	8.866	17.3954	
L	6859558	19		Dieye		LOCALITY	8.8758	17.5031	
L	6859559	19		Mouakara		LOCALITY	8.8905	17.4702	
L	6859560	19		Ngomana		LOCALITY	8.8943	17.4644	
L	6859561	09		Gatouambassa		LOCALITY	8.8949	17.1086	
L	6859562	19		Maïngara		LOCALITY	8.8953	17.4862	
L	6859563	19		Moro		LOCALITY	8.8962	17.3596	
L	6859564	19		Dilabirti		LOCALITY	8.9	17.1841	
L	6859565	19		Ardef		LOCALITY	8.90669	17.54508	
L	6859566	19		Mouïdoubé		LOCALITY	8.9076	17.7551	
L	6859567	19		Békourou II		LOCALITY	8.9081	17.1869	
L	6859568	19		Kenguélé		LOCALITY	8.9117	17.5722	
L	6859569	19		Gangara		LOCALITY	8.915	17.8442	
L	6859570	19		Ndoubadouyou		LOCALITY	8.92446	17.72042	
L	6859571	19		Bédaya		LOCALITY	8.9289	17.8837	
L	6859572	19		Békondjio		LOCALITY	8.9313	17.4385	
L	6859573	19		Gadjbé		LOCALITY	8.93916	17.73029	
L	6859574	19		Takabiti		LOCALITY	8.9403	17.8871	
L	6859575	09		Kara		LOCALITY	8.94111	17.1097	
L	6859576	09		Kara		LOCALITY	8.94789	17.10369	
L	6859577	09		Béyara		LOCALITY	8.95867	17.01359	
L	6859578	19		Ngaro		LOCALITY	8.959	17.3593	
L	6859579	19		Begosso		LOCALITY	8.9756	17.7041	
L	6859580	19		Maïmani		LOCALITY	8.98293	17.70403	
L	6859581	19		Békiro		LOCALITY	8.9838	17.218	
L	6859582	19		Mari		LOCALITY	8.9962	17.3842	
L	6859879	20		Benaoui		LOCALITY	8.99788	15.03571	
L	6859928	20		Meloumbay		LOCALITY	8.5689	15.2585	
L	6859930	20		Dozinngazé		LOCALITY	8.6542	15.3003	
L	6859932	08		Goura		LOCALITY	8.4587	15.3245	
L	6859933	20		Bokodjé		LOCALITY	8.45	15.2953	
L	6859934	08		Makadjidji		LOCALITY	8.4489	15.338	
L	6859935	08		Doba		LOCALITY	8.4423	15.3373	
L	6859939	09		Betissa		LOCALITY	8.401	15.3338	
L	6859941	08		Makas		LOCALITY	8.4654	15.4113	
L	6859942	09		Laodjara		LOCALITY	8.2389	15.3942	
L	6859946	08		Mbou I		LOCALITY	8.998	15.6574	
L	6859947	08		Kol		LOCALITY	8.97336	15.59381	
L	6859948	08		Bardobadé		LOCALITY	8.9114	15.566	
L	6859949	08		Doueur		LOCALITY	8.9034	15.593	
L	6859950	08		Bépikas		LOCALITY	8.888	15.6226	
L	6859952	08		Bissouadok		LOCALITY	8.6127	15.5514	
L	6859954	08		Donda		LOCALITY	8.5361	15.5936	
L	6859955	08		Mannkel		LOCALITY	8.5182	15.5649	
L	6859957	08		Dokou		LOCALITY	8.508	15.6588	
L	6859958	08		Kaga		LOCALITY	8.4773	15.5681	
L	6859959	08		Karkoubo		LOCALITY	8.3984	15.5858	
L	6859961	08		Bébad		LOCALITY	8.3802	15.6354	
L	6859964	09		Bénnbann		LOCALITY	8.1813	15.5778	
L	6859965	09		Nissey		LOCALITY	8.1732	15.5645	
L	6859966	09		Sara Kay		LOCALITY	8.1706	15.5599	
L	6859967	09		Mbabala		LOCALITY	8.1261	15.6418	
L	6859969	08		Bébané		LOCALITY	8.7152	15.6844	
L	6859970	08		Dobagala		LOCALITY	8.6585	15.6889	
L	6859973	08		Baguétia		LOCALITY	8.6049	15.7166	
L	6859975	08		Bidamay		LOCALITY	8.5083	15.6677	
L	6859976	08		Dolao		LOCALITY	8.5094	15.7083	
L	6859981	09		Kamo		LOCALITY	8.2474	15.6774	
L	6859983	09		Godalia		LOCALITY	8.0695	15.6857	
L	6859984	08		Kokolé Karpay		LOCALITY	8.9547	15.8106	
L	6859985	08		Barnon		LOCALITY	8.9458	15.8023	
L	6859987	08		Kap		LOCALITY	8.8875	15.7431	
L	6859988	08		Dodikas		LOCALITY	8.8138	15.8028	
L	6859989	08		Ogoro		LOCALITY	8.6159	15.7703	
L	6859991	08		Bitadouna		LOCALITY	8.3882	15.7993	
L	6859993	09		Déndéné		LOCALITY	8.3073	15.797	
L	6859995	09		Doménda		LOCALITY	8.255	15.7786	
L	6859996	09		Bétabar		LOCALITY	8.1173	15.7425	
L	6859997	09		Mènhan		LOCALITY	8.0951	15.7437	
L	6859998	08		Kay Kiro		LOCALITY	8.9787	15.8692	
L	6859999	08		Kéloual		LOCALITY	8.9661	15.8294	
L	6860000	08		Gouna Ndoul		LOCALITY	8.8962	15.8638	
L	6860001	08		Laouyoura		LOCALITY	8.8892	15.8711	
L	6860002	08		Koto		LOCALITY	8.8339	15.8387	
L	6860003	08		Koudangui		LOCALITY	8.8253	15.828	
L	6860004	08		Bèmrang		LOCALITY	8.83791	15.90292	
L	6860005	08		Gordenn		LOCALITY	8.7726	15.8864	
L	6860006	08		Dooual		LOCALITY	8.7604	15.8894	
L	6860007	08		Ferme de Deli		LOCALITY	8.7124	15.8634	
L	6860008	08		Manon		LOCALITY	8.5773	15.9066	
L	6860009	08		Dirkou	ديركو	LOCALITY	8.5533	15.874	
L	6860010	08		Souga		LOCALITY	8.53	15.8389	
L	6860011	08		Kol		LOCALITY	8.5268	15.8299	
L	6860012	08		Mékassem		LOCALITY	8.4668	15.8646	
L	6860013	08		Outou		LOCALITY	8.454	15.8674	
L	6860014	08		Goré II	غوري 2	LOCALITY	8.4403	15.8609	
L	6860015	09		Donkazė		LOCALITY	8.2297	15.8742	
L	6860016	09		Abé		LOCALITY	8.1954	15.9042	
L	6860020	08		Poula		LOCALITY	8.8613	15.9747	
L	6860023	08		Nanda Tangourou		LOCALITY	8.846	15.9367	
L	6860025	08		Bébo		LOCALITY	8.7044	15.9729	
L	6860026	08		Mankola Matiti		LOCALITY	8.6542	15.9645	
L	6860027	08		May Koloum		LOCALITY	8.596	15.9611	
L	6860028	08		Msamo		LOCALITY	8.5653	15.9404	
L	6860030	08		Koubao Tar		LOCALITY	8.4636	15.9243	
L	6860032	09		Loutoutou		LOCALITY	8.2401	15.9104	
L	6860033	09		Donnta		LOCALITY	8.2346	15.9098	
L	6860034	09		Bikoua		LOCALITY	8.1797	15.9123	
L	6860443	19		Yēlko		LOCALITY	7.8992	17.395	
L	6860444	19		Mayou		LOCALITY	7.8649	17.3795	
L	6860858	15		Kouang-Gougour		LOCALITY	10.0706	17.3949	
L	6860859	17		Moro		LOCALITY	10.0926	17.5274	
L	6860861	17		Mbela		LOCALITY	10.1514	17.9713	
L	6860863	17		Toula		LOCALITY	10.2669	17.7316	
L	6860864	15		Goria		LOCALITY	10.3585	17.3124	
L	6860865	15		Bilé		LOCALITY	10.4022	17.2842	
L	6860866	15		Bouola		LOCALITY	10.4263	17.1383	
L	6860867	15		Goulaga		LOCALITY	10.4358	17.1858	
L	6860868	17		Toni		LOCALITY	10.4438	17.7789	
L	6860869	05		Moane		LOCALITY	10.4821	17.7148	
L	6860870	05		Koubi		LOCALITY	10.5348	17.8762	
L	6860872	05		Tchokrou		LOCALITY	10.5686	17.632	
L	6860873	05		Sara		LOCALITY	10.6587	17.6077	
L	6861042	16		Madoum		LOCALITY	9.986	15.7777	
L	6861043	16		Markam		LOCALITY	9.9626	15.8115	
L	6861044	16		Sondogo		LOCALITY	9.9862	15.9747	
L	6861045	16		Sel		LOCALITY	9.8875	15.9128	
L	6861046	16		Zigui		LOCALITY	9.9203	15.8768	
L	6861048	16		Djon		LOCALITY	9.8303	15.7669	
L	6861049	16		Dima		LOCALITY	9.8097	15.6062	
L	6861050	16		Léo Moro		LOCALITY	9.66879	15.6844	
L	6861051	16		Kele		LOCALITY	9.8022	15.7124	
L	6861052	16		Saouïa		LOCALITY	9.7308	15.7924	
L	6861053	16		Dima		LOCALITY	9.5138	15.4067	
L	6861054	14		Teléou		LOCALITY	9.57563	15.81083	
L	6861055	14		Gan		LOCALITY	9.62455	15.79321	
L	6861056	14		Dadji		LOCALITY	9.54397	15.97762	
L	6861058	14		Beynani		LOCALITY	9.21316	15.61922	
L	6861059	14		Mbororo		LOCALITY	9.0457	15.9192	
L	6861060	14		Kalwagui		LOCALITY	9.1286	15.6126	
L	6861061	08		Baïla Laoté		LOCALITY	9.01289	15.4719	
L	6861062	08		Tchérédondo		LOCALITY	9.03468	15.78329	
L	6861063	08		Barnon		LOCALITY	9.04109	15.95938	
L	6861064	20		Kilakor		LOCALITY	9.15022	15.17993	
L	6861066	20		Mbio		LOCALITY	9.2179	15.2579	
L	6861067	20		Mbay Bakala		LOCALITY	9.3397	15.0184	
L	6861068	16		Djiguété		LOCALITY	9.37577	15.13356	
L	6861069	20		Bara		LOCALITY	9.4809	15.119	
L	6861488	16		Bantéré		LOCALITY	10.4332	16.0329	
L	6861489	16		Motomoro Bongoursou		LOCALITY	10.2935	16.01	
L	6861490	16		Mayé		LOCALITY	10.002	16.1176	
L	6861491	15		Tchior		LOCALITY	10.5531	16.1352	
L	6861492	15		Nalnoudji		LOCALITY	10.49767	16.54666	
L	6861493	15		Mousé		LOCALITY	10.45536	16.70565	
L	6861494	15		Aloua		LOCALITY	10.4478	16.7264	
L	6861496	15		Pérépéré		LOCALITY	10.4136	16.7409	
L	6861497	15		Montégara		LOCALITY	10.4339	16.5205	
L	6861498	15		Djankta		LOCALITY	10.481	16.3295	
L	6861499	15		Guinéra		LOCALITY	10.45939	16.32187	
L	6861500	15		Madjonka		LOCALITY	10.382	16.1601	
L	6861501	15		Saya		LOCALITY	10.31026	16.29442	
L	6861502	15		Delban		LOCALITY	10.22954	16.64932	
L	6861503	15		Debdouk		LOCALITY	10.1667	16.6907	
L	6861504	15		Tolaki		LOCALITY	10.0899	16.6792	
L	6861505	15		Diousoukoun		LOCALITY	10.08996	16.70159	
L	6861506	15		Moddel		LOCALITY	10.1396	16.6784	
L	6861507	15		Bangoinja		LOCALITY	10.0352	16.8027	
L	6861508	15		Ba Ili		LOCALITY	10.5631	16.384	
L	6861509	15		Tchia		LOCALITY	10.7552	16.6755	
L	6861510	16		Kourgou		LOCALITY	10.0468	16.0527	
L	6861511	16		Boa		LOCALITY	10.5997	16.0449	
L	6861513	13		Ghijan		LOCALITY	10.3971	19.897	
L	6861514	13		Bir Zaraf		LOCALITY	10.08	19.8577	
L	6861516	13		Bilibili		LOCALITY	10.2685	19.7214	
L	6861517	13		Garindji		LOCALITY	10.4117	19.9383	
L	6861519	17		Kara		LOCALITY	10.2556	18.1798	
L	6861528	05		Téboro		LOCALITY	10.374	18.3966	
L	6861530	05		Ebé		LOCALITY	10.3809	18.4235	
L	6861531	05		Koubalo		LOCALITY	10.0751	18.5868	
L	6861532	05		Kouaré		LOCALITY	10.1898	18.7279	
L	6861533	05		Ourméti		LOCALITY	10.0735	18.66	
L	6861534	05		Madouré		LOCALITY	10.0387	18.7203	
L	6861535	05		Tilé		LOCALITY	10.1338	18.7284	
L	6861536	05		Toulé		LOCALITY	10.0647	18.7819	
L	6861537	05		Boundoum		LOCALITY	10.0705	18.8167	
L	6861538	05		Tibéri		LOCALITY	10.3675	18.9018	
L	6861539	05		Diko		LOCALITY	10.3719	18.9075	
L	6861540	05		Maté		LOCALITY	10.3506	18.9915	
L	6861541	05		Modi		LOCALITY	10.3672	18.8197	
L	6869378	20		Ouro-Abdou		LOCALITY	9.9464	14.4268	
L	6869379	20		Dougoye		LOCALITY	9.9887	14.4204	
L	6869380	20		Ligam		LOCALITY	9.9733	14.4238	
L	6869381	20		Guemou		LOCALITY	9.9826	14.4609	
L	6869382	20		Kilela		LOCALITY	9.9749	14.4546	
L	6869383	20		Tersain		LOCALITY	9.9949	14.4828	
L	6869384	20		Madallao		LOCALITY	9.9863	14.4844	
L	6869385	20		Manaoutchi		LOCALITY	9.9785	14.4744	
L	6869386	16		Ossin		LOCALITY	9.9463	14.8744	
L	6869388	16		Mraosséyé		LOCALITY	9.9047	14.8025	
L	6869389	16		Brikété		LOCALITY	9.8777	14.7832	
L	6869390	16		Ndéré		LOCALITY	9.8604	14.9331	
L	6869392	20		Elbore Lanne		LOCALITY	9.7791	14.3064	
L	6869393	20		Poguere		LOCALITY	9.8606	14.3506	
L	6869394	20		Guemoundang		LOCALITY	9.8641	14.3814	
L	6869395	20		Tipili		LOCALITY	9.8847	14.3829	
L	6869396	20		Balianka		LOCALITY	9.8902	14.4287	
L	6869397	20		Mbamba		LOCALITY	9.9283	14.3141	
L	6869398	20		Belli		LOCALITY	9.8772	14.3053	
L	6869399	20		Piguiri		LOCALITY	9.8676	14.2891	
L	6869400	20		Batalla		LOCALITY	9.8586	14.2791	
L	6869401	20		Ganli		LOCALITY	9.7638	14.2491	
L	6869402	20		Goudoukou Mourkrean		LOCALITY	9.7959	14.1019	
L	6869403	20		Yerbili		LOCALITY	9.7816	14.1048	
L	6869404	20		Mandama		LOCALITY	9.8318	14.1609	
L	6869405	20		Zabikezan		LOCALITY	9.8309	14.2165	
L	6869406	20		Pouzeusseri		LOCALITY	9.8532	14.1991	
L	6869407	20		Matta Léré	ماتا ليري	LOCALITY	9.8573	14.1831	
L	6869408	20		Madjouki		LOCALITY	9.8696	14.2297	
L	6869409	20		Zabimounguiri		LOCALITY	9.8735	14.2853	
L	6869410	20		Pobame		LOCALITY	9.9012	14.2637	
L	6869411	20		Pobame		LOCALITY	9.7081	14.037	
L	6869412	20		Grong		LOCALITY	9.6852	14.0525	
L	6869413	20		Tessale		LOCALITY	9.7369	14.1496	
L	6869416	20		Matéta		LOCALITY	9.6851	14.9546	
L	6869417	16		Gamba		LOCALITY	9.6922	14.8587	
L	6869418	16		Baourga		LOCALITY	9.7269	14.8479	
L	6869419	20		Magourou		LOCALITY	9.5947	14.9427	
L	6869420	20		Makéré		LOCALITY	9.5774	14.9353	
L	6869421	20		Bissalé		LOCALITY	9.5623	14.9233	
L	6869423	20		Latta		LOCALITY	9.5658	14.5514	
L	6869424	20		Potchili		LOCALITY	9.5691	14.4252	
L	6869425	20		Mabadgue		LOCALITY	9.59216	14.45772	
L	6869426	20		Tezain		LOCALITY	9.6759	14.3208	
L	6869427	20		Zamadouho		LOCALITY	9.6668	14.31	
L	6869428	20		Tuere		LOCALITY	9.6391	14.3174	
L	6869429	20		Toufoultréné		LOCALITY	9.6382	14.2638	
L	6869430	20		Mateunseung		LOCALITY	9.547	14.2269	
L	6869431	20		Fouli		LOCALITY	9.6359	14.1804	
L	6869432	20		Loumbouri		LOCALITY	9.6671	14.146	
L	6869433	20		Tikepabaïdang		LOCALITY	9.6525	14.0991	
L	6869434	20		Zabisseka		LOCALITY	9.6526	14.0692	
L	6869435	20		Zadjouli		LOCALITY	9.6404	14.0649	
L	6869436	20		Guedang		LOCALITY	9.6385	14.0442	
L	6869437	20		Guetale		LOCALITY	9.5929	14.089	
L	6869438	20		Guersale		LOCALITY	9.604	14.0587	
L	6869439	20		Biké		LOCALITY	9.5569	14.0812	
L	6869449	20		Mavor		LOCALITY	9.3714	14.2592	
L	6869453	20		Makomay		LOCALITY	9.4065	14.2938	
L	6869454	20		Pibou		LOCALITY	9.4446	14.3227	
L	6869455	20		Kombara		LOCALITY	9.4783	14.3408	
L	6869456	20		Foul Plantegouin		LOCALITY	9.4382	14.3732	
L	6869457	20		Goïloum		LOCALITY	9.3693	14.5035	
L	6869458	20		Elsion		LOCALITY	9.4112	14.4693	
L	6869459	20		Filzalé		LOCALITY	9.4336	14.4599	
L	6869460	20		Tokoïbi		LOCALITY	9.5482	14.5101	
L	6869461	20		Poha		LOCALITY	9.5342	14.5742	
L	6869462	20		Guéré		LOCALITY	9.5189	14.5902	
L	6869463	20		Malaregome		LOCALITY	9.4503	14.6046	
L	6869464	20		Poutchili		LOCALITY	9.4456	14.6371	
L	6869465	20		Moursale		LOCALITY	9.4228	14.657	
L	6869466	20		Ouma		LOCALITY	9.5226	14.8881	
L	6869467	20		Déopossa		LOCALITY	9.3397	14.9827	
L	6869468	20		Mogaï		LOCALITY	9.1882	14.9178	
L	6869469	20		Mbigon		LOCALITY	9.2684	14.8382	
L	6869470	20		Nguirao		LOCALITY	9.2736	14.8301	
L	6869471	20		Torok		LOCALITY	9.2819	14.703	
L	6869472	20		Somsi		LOCALITY	9.2491	14.7275	
L	6869473	20		Mafou		LOCALITY	9.2802	14.5941	
L	6869474	20		Moidjan		LOCALITY	9.2458	14.5788	
L	6869475	20		Vounianbi		LOCALITY	9.1778	14.7211	
L	6869476	20		Lékoué		LOCALITY	9.2064	14.5251	
L	6869477	20		Tiaski		LOCALITY	9.2215	14.4996	
L	6869478	20		Saédou		LOCALITY	9.3107	14.4227	
L	6869479	20		Delhou Soulé		LOCALITY	9.2978	14.4057	
L	6869480	20		Kada		LOCALITY	9.2706	14.3894	
L	6869500	20		Bibou		LOCALITY	9.0283	14.5673	
L	6869513	20		Daba		LOCALITY	9.9604	14.2045	
L	6869514	20		Kaoharam		LOCALITY	9.968	14.2771	
L	6869515	20		Windebocki		LOCALITY	9.9981	14.3245	
L	6869516	20		Mourfou		LOCALITY	9.9279	14.4314	
L	6869517	20		Ouafou		LOCALITY	9.9387	14.6594	
L	6869518	20		Matéta		LOCALITY	9.9376	14.7208	
L	6870597	20		Molto		LOCALITY	9.9829	16.1172	
L	6870598	20		Maïé		LOCALITY	9.9687	16.1221	
L	6870599	20		Brouma		LOCALITY	9.9341	16.0833	
L	6870600	20		Sabou		LOCALITY	9.8692	16.1374	
L	6870601	20		Gonglonk		LOCALITY	9.8469	16.1307	
L	6870602	20		Matélé		LOCALITY	9.8292	16.1288	
L	6870603	20		Ségam		LOCALITY	9.7675	16.0176	
L	6870604	09		Koulaka		LOCALITY	9.00517	16.65977	
L	6870605	14		Ndaye		LOCALITY	9.10088	16.14936	
L	6870606	09		Ganbagde		LOCALITY	9.0258	16.6182	
L	6870607	09		Bragoldou		LOCALITY	9.0825	16.6535	
L	6870608	09		Rô Colli		LOCALITY	9.0019	16.5849	
L	6870609	09		Rô Colli		LOCALITY	9.00907	16.57132	
L	6870610	09		Rô		LOCALITY	9.0511	16.4933	
L	6870611	09		Douba Sama		LOCALITY	9.0712	16.5976	
L	6870612	09		Bilanda		LOCALITY	9.0545	16.5553	
L	6870613	09		Mogroum		LOCALITY	9.0706	16.5617	
L	6870614	09		Danouala		LOCALITY	9.0797	16.5803	
L	6870615	14		Kode		LOCALITY	9.1163	16.6492	
L	6870616	08		Donangra		LOCALITY	9.0694	16.4496	
L	6870617	08		Dobor		LOCALITY	9.111	16.4437	
L	6870619	08		Rô		LOCALITY	9.1933	16.3851	
L	6870620	08		Guelsao		LOCALITY	9.1826	16.3232	
L	6870621	08		Maba		LOCALITY	9.14023	16.29726	
L	6870622	08		Bessigri		LOCALITY	9.1254	16.31925	
L	6870623	08		Doyer		LOCALITY	9.1327	16.2609	
L	6870624	14		Aparia		LOCALITY	9.3764	16.0189	
L	6870625	08		Tobri		LOCALITY	9.1691	16.3902	
L	6870626	08		Mouroumar		LOCALITY	9.1134	16.2904	
L	6870627	08		Djabi		LOCALITY	9.1073	16.2765	
L	6870628	08		Sar		LOCALITY	9.08789	16.25962	
L	6870629	08		Tchanar III		LOCALITY	9.0998	16.2067	
L	6870630	08		Guelberim		LOCALITY	9.07499	16.35686	
L	6870631	08		Bouri		LOCALITY	9.0472	16.3468	
L	6870632	08		Loli		LOCALITY	9.0635	16.2984	
L	6870633	08		Meïkon		LOCALITY	9.0652	16.3084	
L	6870634	08		Mbaïkor		LOCALITY	9.0113	16.3617	
L	6870635	08		Baguedjam		LOCALITY	9.0242	16.4022	
L	6870636	08		Bémira		LOCALITY	9.03209	16.38437	
L	6870637	08		Gueltala		LOCALITY	9.00691	16.43867	
L	6870638	08		Tala		LOCALITY	9.0439	16.2967	
L	6870639	08		Guelkor		LOCALITY	9.04047	16.20085	
L	6870640	08		Bamann		LOCALITY	9.02778	16.14987	
L	6870642	08		Doher		LOCALITY	9.03273	16.15728	
L	6870644	08		Mékam		LOCALITY	9.02725	16.04727	
L	6870645	08		Bao		LOCALITY	9.0301	16.0604	
L	6870646	08		Gourou		LOCALITY	9.0449	16.0741	
L	6870647	14		Doodi		LOCALITY	9.0787	16.1293	
L	6870648	08		Djako		LOCALITY	9.0967	16.0212	
L	6870649	08		Meikoum		LOCALITY	9.0668	16.3516	
L	6870650	14		Malsalam		LOCALITY	9.1249	16.0757	
L	6870651	14		Boya		LOCALITY	9.1358	16.1185	
L	6870652	14		Tolo		LOCALITY	9.124	16.1246	
L	6870653	14		Tchaka		LOCALITY	9.0853	16.1262	
L	6870654	14		Leguem		LOCALITY	9.1668	16.016	
L	6870655	14		Bélé		LOCALITY	9.1238	16.1892	
L	6870656	14		Broum		LOCALITY	9.1775	16.0515	
L	6870657	14		Baoul		LOCALITY	9.21518	16.12343	
L	6870658	14		Dargué		LOCALITY	9.2463	16.0219	
L	6870659	14		Kobo		LOCALITY	9.2799	16.0555	
L	6870660	14		Ibilé		LOCALITY	9.284	16.0288	
L	6870661	14		Bagrr		LOCALITY	9.3134	16.1582	
L	6870662	14		Digné		LOCALITY	9.3651	16.0228	
L	6870663	14		Boumgrou		LOCALITY	9.3815	16.0291	
L	6870664	14		Dadji Méré		LOCALITY	9.4618	16.0466	
L	6870665	14		Dadji Odjoko		LOCALITY	9.5025	16.0364	
L	6870666	14		Dadji III		LOCALITY	9.4959	16.0516	
L	6870667	14		Dadji II		LOCALITY	9.4795	16.0649	
L	6870668	14		Toubeï		LOCALITY	9.462	16.0828	
L	6870669	14		Toutasé		LOCALITY	9.4719	16.096	
L	6870670	14		Bayan		LOCALITY	9.47941	16.12801	
L	6870671	14		Touteil		LOCALITY	9.4794	16.1488	
L	6870672	14		Kagoubou		LOCALITY	9.482	16.1889	
L	6870673	14		Tchania		LOCALITY	9.5001	16.1699	
L	6870674	14		Tchania		LOCALITY	9.511	16.1589	
L	6870675	14		Loursan		LOCALITY	9.6272	16.1037	
L	6870676	14		Dara		LOCALITY	9.6346	16.109	
L	6870677	14		Seréune		LOCALITY	9.6401	16.0153	
L	6870678	14		Wari		LOCALITY	9.6411	16.1835	
L	6870679	14		Béguia		LOCALITY	9.7179	16.1899	
L	6870680	14		Doué		LOCALITY	9.7973	16.1329	
L	6870681	14		Yodéré		LOCALITY	9.7764	16.1777	
L	6870682	14		Ego		LOCALITY	9.7968	16.1909	
L	6870683	14		Yogo		LOCALITY	9.9035	16.2379	
L	6870684	14		Dabena		LOCALITY	9.9127	16.2298	
L	6870686	14		Toumayer		LOCALITY	9.8607	16.3296	
L	6870687	14		Indja		LOCALITY	9.8665	16.3855	
L	6870688	14		Sirada		LOCALITY	9.8568	16.3647	
L	6870689	14		Balmassi		LOCALITY	9.8485	16.2577	
L	6870690	14		Koumania		LOCALITY	9.83	16.2245	
L	6870691	14		Sabou		LOCALITY	9.7718	16.3384	
L	6870692	14		Gadjigou		LOCALITY	9.6877	16.3596	
L	6870694	14		Nérébi		LOCALITY	9.6763	16.2318	
L	6870695	14		Nindé		LOCALITY	9.6744	16.31122	
L	6870696	14		Baguengueul		LOCALITY	9.6638	16.3571	
L	6870697	14		Narga		LOCALITY	9.6603	16.2842	
L	6870698	14		Sissi		LOCALITY	9.6452	16.3086	
L	6870699	14		Tchodoloboum		LOCALITY	9.6509	16.3367	
L	6870700	14		Nemguir		LOCALITY	9.6343	16.2887	
L	6870701	14		Ménéguerr		LOCALITY	9.657	16.3812	
L	6870702	14		Bongar		LOCALITY	9.6629	16.4099	
L	6870703	14		Kla		LOCALITY	9.6452	16.4037	
L	6870704	14		Médiguine		LOCALITY	9.6145	16.3391	
L	6870705	14		Nousso		LOCALITY	9.6047	16.3267	
L	6870706	14		Nanguin		LOCALITY	9.6009	16.2948	
L	6870707	14		Yémano		LOCALITY	9.6082	16.2528	
L	6870708	14		Mouoï		LOCALITY	9.5433	16.3958	
L	6870709	14		Mouoïlandee		LOCALITY	9.5463	16.3942	
L	6870710	14		Niéré		LOCALITY	9.5021	16.4229	
L	6870711	14		Guilam		LOCALITY	9.50268	16.44001	
L	6870712	14		Mélingué		LOCALITY	9.4468	16.1989	
L	6870713	14		Koublou		LOCALITY	9.4318	16.2048	
L	6870714	14		Bourma		LOCALITY	9.4367	16.2362	
L	6870715	14		Djongo		LOCALITY	9.4429	16.2791	
L	6870716	14		Tchindaye		LOCALITY	9.4281	16.2857	
L	6870717	14		Dokoa		LOCALITY	9.3467	16.312	
L	6870718	14		Toulo		LOCALITY	9.3113	16.3301	
L	6870719	14		Mandoïdé		LOCALITY	9.2565	16.4901	
L	6870720	14		Gabodou		LOCALITY	9.239	16.6084	
L	6870721	14		Nganoa		LOCALITY	9.2358	16.3481	
L	6870722	14		Miakaba		LOCALITY	9.1245	16.2113	
L	6870723	14		Touassé		LOCALITY	9.1861	16.2756	
L	6870724	14		Mourgou		LOCALITY	9.6946	16.4437	
L	6870725	14		Digdi		LOCALITY	9.6768	16.4381	
L	6870726	14		Batcher		LOCALITY	9.6695	16.4328	
L	6870727	14		Kouboungou		LOCALITY	9.631	16.4438	
L	6870728	14		Kilachang		LOCALITY	9.4884	16.4646	
L	6870729	14		Moyou		LOCALITY	9.4681	16.4845	
L	6870730	14		Tcherné		LOCALITY	9.3592	16.4416	
L	6870731	14		Koumdal		LOCALITY	9.3358	16.4372	
L	6870732	14		Soumada		LOCALITY	9.3408	16.4065	
L	6870733	14		Baya		LOCALITY	9.2804	16.5428	
L	6870734	14		Nangdir		LOCALITY	9.2176	16.536	
L	6870735	14		Madana		LOCALITY	9.2543	16.5693	
L	6870736	14		Djamaï		LOCALITY	9.2521	16.5892	
L	6870737	14		Mandoide		LOCALITY	9.2405	16.4536	
L	6870738	14		Bidadi		LOCALITY	9.1978	16.5618	
L	6870739	14		Mindjanguélati		LOCALITY	9.1874	16.544	
L	6870740	14		Sinda		LOCALITY	9.1845	16.5667	
L	6870741	14		Dormo		LOCALITY	9.1745	16.5382	
L	6870742	14		Madana		LOCALITY	9.1736	16.5918	
L	6870743	14		Dormo Garoa		LOCALITY	9.1449	16.5257	
L	6870744	14		Baguidi		LOCALITY	9.1392	16.531	
L	6870745	14		Diridi		LOCALITY	9.13666	16.48419	
L	6870746	14		Diridi		LOCALITY	9.14555	16.50484	
L	6870747	14		Domogou Kébiang		LOCALITY	9.5818	16.5565	
L	6870748	14		Kakra		LOCALITY	9.6133	16.5602	
L	6870749	14		Sédégué		LOCALITY	9.6321	16.5663	
L	6870750	14		Tsiane		LOCALITY	9.7219	16.5434	
L	6870751	14		Kouriou		LOCALITY	9.931	16.6792	
L	6870752	14		Signa		LOCALITY	9.9225	16.6787	
L	6870753	14		Dara		LOCALITY	9.9278	16.691	
L	6870754	14		Goré		LOCALITY	9.9127	16.6789	
L	6870755	14		Gournou		LOCALITY	9.921	16.7133	
L	6870756	14		Koussou		LOCALITY	9.9126	16.7115	
L	6870758	14		Galbé		LOCALITY	9.7842	16.6312	
L	6870760	14		Tamagué		LOCALITY	9.7214	16.5632	
L	6870761	14		Gangala		LOCALITY	9.7277	16.6222	
L	6870762	14		Robou		LOCALITY	9.7194	16.6509	
L	6870763	14		Ourpou		LOCALITY	9.7137	16.7063	
L	6870764	14		Goré		LOCALITY	9.7103	16.6704	
L	6870765	14		Koangui		LOCALITY	9.7039	16.6658	
L	6870766	14		Gogou		LOCALITY	9.7022	16.7363	
L	6870767	14		Kodémé		LOCALITY	9.6802	16.6644	
L	6870768	14		Mabli		LOCALITY	9.67209	16.62211	
L	6870769	14		Tine		LOCALITY	9.6812	16.5787	
L	6870770	14		Modoul Greni		LOCALITY	9.66278	16.58478	
L	6870771	14		Moudoumougou		LOCALITY	9.6791	16.685	
L	6870772	14		Bredou		LOCALITY	9.692	16.7599	
L	6870773	14		Toune		LOCALITY	9.6732	16.7412	
L	6870774	14		Neringui		LOCALITY	9.66135	16.75192	
L	6870775	14		Djara		LOCALITY	9.6472	16.7092	
L	6870776	14		Goré		LOCALITY	9.6596	16.661	
L	6870777	14		Modiogou		LOCALITY	9.6534	16.6595	
L	6870778	14		Sémégué		LOCALITY	9.6549	16.6234	
L	6870779	14		Agnagui		LOCALITY	9.6384	16.595	
L	6870780	14		Taguéden		LOCALITY	9.6422	16.6291	
L	6870781	14		Kibagué		LOCALITY	9.6288	16.631	
L	6870782	14		Tine		LOCALITY	9.638	16.6487	
L	6870783	14		Kerbougou		LOCALITY	9.624	16.6904	
L	6870784	14		Domougou Mbassa		LOCALITY	9.6081	16.6383	
L	6870785	14		Kébinia		LOCALITY	9.6215	16.5848	
L	6870786	14		Domougou		LOCALITY	9.62	16.6335	
L	6870787	14		Domounou		LOCALITY	9.6149	16.6335	
L	6870788	14		Néringué		LOCALITY	9.5966	16.6354	
L	6870789	14		Sibana		LOCALITY	9.6457	16.6662	
L	6870790	14		Kerbougou		LOCALITY	9.6042	16.6905	
L	6870791	14		Demsigué		LOCALITY	9.6065	16.7024	
L	6870792	14		Diali		LOCALITY	9.5961	16.7238	
L	6870793	14		Pounabaye		LOCALITY	9.6113	16.7553	
L	6870794	14		Guimlagué		LOCALITY	9.5831	16.6473	
L	6870795	14		Marbarck		LOCALITY	9.5827	16.7408	
L	6870796	14		Modguen		LOCALITY	9.5598	16.7037	
L	6870797	14		Doangui		LOCALITY	9.5468	16.6941	
L	6870799	14		Sourdougou		LOCALITY	9.527	16.6692	
L	6870800	14		Koubong		LOCALITY	9.5093	16.6422	
L	6870801	14		Magnan		LOCALITY	9.4561	16.6344	
L	6870802	14		Tchaboudou		LOCALITY	9.3861	16.7198	
L	6870803	14		Mogloum		LOCALITY	9.3733	16.7446	
L	6870804	14		Tchindigui		LOCALITY	9.3784	16.7609	
L	6870805	14		Toké		LOCALITY	9.3693	16.7449	
L	6870806	14		Bouiguila		LOCALITY	9.3561	16.7672	
L	6870807	14		Kaya		LOCALITY	9.33282	16.76087	
L	6870808	14		Kaya		LOCALITY	9.3149	16.7449	
L	6870809	14		Madana		LOCALITY	9.3032	16.7797	
L	6870810	14		Djamanassara		LOCALITY	9.29	16.6664	
L	6870811	14		Doubagama		LOCALITY	9.2935	16.75506	
L	6870812	14		Koro		LOCALITY	9.2875	16.7776	
L	6870813	14		Porol		LOCALITY	9.2976	16.7708	
L	6870814	14		Gouri		LOCALITY	9.2976	16.7919	
L	6870815	14		Tchédoum		LOCALITY	9.23953	16.68327	
L	6870816	14		Manouraïdi		LOCALITY	9.2051	16.6899	
L	6870817	14		Brakabra		LOCALITY	9.1792	16.70373	
L	6870818	14		Koulabanga		LOCALITY	9.1817	16.7371	
L	6870819	14		Manaïraïdi		LOCALITY	9.1727	16.658	
L	6870820	14		Kaya Gaoybé		LOCALITY	9.1995	16.7783	
L	6870821	14		Boïtou		LOCALITY	9.1969	16.8059	
L	6870822	14		Bé Kordou		LOCALITY	9.1679	16.7831	
L	6870823	14		Bé Ouala		LOCALITY	9.1474	16.6868	
L	6870824	14		Meïdati		LOCALITY	9.1539	16.7523	
L	6870825	14		Komkaïti		LOCALITY	9.14	16.786	
L	6870826	14		Mindilati		LOCALITY	9.0885	16.7306	
L	6870827	14		Kolsiri		LOCALITY	9.0791	16.7369	
L	6870828	14		Koro		LOCALITY	9.0716	16.74	
L	6870830	14		Yeringuellé		LOCALITY	9.8583	16.801	
L	6870831	14		Marema		LOCALITY	9.8642	16.8422	
L	6870832	14		Tolmaï		LOCALITY	9.8139	16.8631	
L	6870833	14		Goudroum		LOCALITY	9.7988	16.9546	
L	6870834	14		Toumbou		LOCALITY	9.7698	16.8417	
L	6870835	14		Tchogni		LOCALITY	9.7393	16.823	
L	6870836	14		Botou		LOCALITY	9.4927	16.8803	
L	6870837	14		Todjoli		LOCALITY	9.4841	16.9017	
L	6870838	14		Ngoroum		LOCALITY	9.4806	16.8252	
L	6870839	14		Danguelang		LOCALITY	9.4454	16.8402	
L	6870840	14		Maloum		LOCALITY	9.4209	16.9063	
L	6870841	14		Braindou		LOCALITY	9.4131	16.8703	
L	6870842	14		Batodou		LOCALITY	9.4374	16.8075	
L	6870843	14		Toukoulmi		LOCALITY	9.4335	16.8024	
L	6870844	14		Koubgong		LOCALITY	9.4102	16.7962	
L	6870845	14		In		LOCALITY	9.3999	16.9723	
L	6870846	14		Nangda		LOCALITY	9.3715	16.8884	
L	6870847	14		Kaboradi		LOCALITY	9.3711	16.8699	
L	6870848	14		Bogoro		LOCALITY	9.3796	16.9766	
L	6870849	14		Yaouadé		LOCALITY	9.3555	16.8036	
L	6870850	14		Kemadjetou		LOCALITY	9.2767	16.8974	
L	6870851	14		Katiem		LOCALITY	9.23619	16.93958	
L	6870852	14		Ngatouri		LOCALITY	9.21809	16.98481	
L	6870853	14		Mabeï		LOCALITY	9.2052	16.9783	
L	6870854	14		Gagmenti		LOCALITY	9.1962	16.9074	
L	6870855	14		Toukwalo		LOCALITY	9.18171	16.20739	
L	6870857	14		Babrr		LOCALITY	9.1692	16.0878	
L	6870860	14		Mago		LOCALITY	9.2317	16.6514	
L	6870861	08		Guelkeb		LOCALITY	9.10742	16.06839	
L	6872109	17		Komèna		LOCALITY	9.82716	18.18349	
L	6872110	17		Mandoro		LOCALITY	9.8366	18.35	
L	6872111	17		Ouaya		LOCALITY	9.8211	18.4119	
L	6872112	17		Dangaba		LOCALITY	9.799	18.4917	
L	6872113	17		Kémkoura		LOCALITY	9.766	18.5322	
L	6872114	17		Mouréba		LOCALITY	9.8014	18.553	
L	6872115	17		Kouaba		LOCALITY	9.92617	18.56669	
L	6872116	05		Nara Moura		LOCALITY	9.9878	18.7242	
L	6872117	05		Nara Déleb		LOCALITY	9.9896	18.7611	
L	6872118	17		Yanga		LOCALITY	9.9806	18.9257	
L	6872119	05		Mansoul		LOCALITY	9.9889	18.9757	
L	6872120	17		Manmatigue		LOCALITY	9.038	18.4581	
L	6872121	17		Mania Kindjo		LOCALITY	9.9255	18.6226	
L	6872122	17		Ladon Kadi		LOCALITY	9.6507	18.0711	
L	6872123	17		Daba		LOCALITY	9.20502	18.26212	
L	6872124	17		Kokaga		LOCALITY	9.20693	18.35017	
L	6872125	17		Gotobé Biri		LOCALITY	9.32575	18.62281	
L	6872126	17		Goto Bénicha		LOCALITY	9.20371	18.5193	
L	6872127	17		Biri Dangaboualé		LOCALITY	9.2513	18.6444	
L	6872128	17		Doyaba		LOCALITY	9.09955	18.41844	
L	6872129	17		Kèmderé		LOCALITY	9.0871	18.4012	
L	6872130	17		Soukou		LOCALITY	9.9044	18.8197	
L	6872131	17		Kay Manèmba		LOCALITY	9.7293	18.5637	
L	6872132	17		Ouaygombo		LOCALITY	9.77801	18.71807	
L	6872133	17		Kolé		LOCALITY	9.7892	18.8455	
L	6872134	17		Ouloumkidjelbo		LOCALITY	9.661	18.4212	
L	6872135	17		Kara		LOCALITY	9.4345	18.0568	
L	6872137	17		Dangaberi		LOCALITY	9.5118	18.3468	
L	6872138	17		Bolbé		LOCALITY	9.54	18.4234	
L	6872139	17		Dangabouta		LOCALITY	9.45721	18.33473	
L	6872140	17		Moualsoma		LOCALITY	9.4781	18.4374	
L	6872141	17		Tourou Kamba		LOCALITY	9.5903	18.5703	
L	6872142	17		Goukodé		LOCALITY	9.6405	18.9487	
L	6872143	17		Bio		LOCALITY	9.64083	18.93225	
L	6872144	17		Oulouboy		LOCALITY	9.70246	18.87858	
L	6872145	17		Maïbo		LOCALITY	9.271	18.2155	
L	6872146	17		Moindé		LOCALITY	9.201	18.1606	
L	6872147	17		Abattoirs		LOCALITY	9.176	18.3725	
L	6872148	17		Sara Kaba		LOCALITY	9.1588	18.3706	
L	6872149	19		Gongoro I		LOCALITY	9.16108	18.1409	
L	6872150	19		Sonni		LOCALITY	9.13793	18.1091	
L	6872151	19		Gongoro II		LOCALITY	9.12207	18.09837	
L	6872152	19		Moulabé		LOCALITY	9.02961	18.10745	
L	6872153	17		Maytama		LOCALITY	9.0667	18.1494	
L	6872154	19		Doba		LOCALITY	9.0939	18.1289	
L	6872155	17		Bémouli		LOCALITY	9.06377	18.17615	
L	6872156	17		Man		LOCALITY	9.06903	18.20433	
L	6872157	17		Bogdjo		LOCALITY	9.0238	18.2837	
L	6872158	17		Kakoli		LOCALITY	9.0856	18.3585	
L	6872159	17		Mologuidi		LOCALITY	9.3048	18.26623	
L	6872160	17		Ndoumabé		LOCALITY	9.2985	18.2672	
L	6872161	17		Mairom		LOCALITY	9.3149	18.2335	
L	6872162	17		Hania		LOCALITY	9.4508	18.9286	
L	6872163	17		Bea		LOCALITY	9.4468	18.9281	
L	6872164	17		Alakou		LOCALITY	9.438	18.9074	
L	6872165	17		Gotokèmbé I		LOCALITY	9.34977	18.42063	
L	6872166	17		Naygandja		LOCALITY	9.3507	18.3206	
L	6872167	17		Sako		LOCALITY	9.2987	18.0699	
L	6872168	17		Doguigui		LOCALITY	9.27286	18.00364	
L	6872171	17		Andi		LOCALITY	9.9478	18.6206	
L	6873254	17		Ndoungo		LOCALITY	9.0341	19.1372	
L	6873255	17		Kouyako		LOCALITY	9.063	19.1648	
L	6873256	17		Kéliba		LOCALITY	9.07659	19.13547	
L	6873257	17		Kanio Bombi		LOCALITY	9.13797	19.32515	
L	6873258	17		Kayengo		LOCALITY	9.2013	19.1659	
L	6873259	17		Koumoudjou		LOCALITY	9.5775	19.2403	
L	6873260	17		Garou		LOCALITY	9.6218	19.082	
L	6873261	17		Syé		LOCALITY	9.62917	19.02573	
L	6873262	17		Roro		LOCALITY	9.7013	19.0761	
L	6873263	17		Singaséri		LOCALITY	9.8596	19.3665	
L	6873264	17		Konidiobolo		LOCALITY	9.9377	19.6327	
L	6873265	17		Algos el Hadid		LOCALITY	9.9408	19.6152	
L	6874112	19		Golili		LOCALITY	9.22593	17.36642	
L	6875763	09		Abé		LOCALITY	8.19727	15.90276	
L	6875764	08		Alsam		LOCALITY	8.9285	15.77393	
L	6875766	08		Bagala		LOCALITY	8.62867	15.68872	
L	6875767	08		Baguétia		LOCALITY	8.6029	15.71704	
L	6875768	08		Bangonia		LOCALITY	8.37595	15.71319	
L	6875769	09		Baonay		LOCALITY	8.0785	15.67964	
L	6875771	08		Bardobadé		LOCALITY	8.91196	15.56063	
L	6875772	08		Bébad		LOCALITY	8.3782	15.63459	
L	6875773	08		Bébané		LOCALITY	8.71726	15.68415	
L	6875774	09		Bédoli		LOCALITY	8.26011	15.74933	
L	6875775	09		Bégangbé II		LOCALITY	8.07534	15.81645	
L	6875776	08		Bémati		LOCALITY	8.64066	15.6877	
L	6875777	20		Benaoui		LOCALITY	8.9968	15.0332	
L	6875778	09		Bouakagué		LOCALITY	8.25476	15.62267	
L	6875783	08		Dobagala		LOCALITY	8.65831	15.68647	
L	6875784	09		Dobin Bétian		LOCALITY	8.37184	15.99629	
L	6875785	08		Dodjigui		LOCALITY	8.58849	15.74323	
L	6875786	08		Dolao		LOCALITY	8.50796	15.7058	
L	6875787	08		Doléna		LOCALITY	8.4578	15.31498	
L	6875788	08		Dolienn		LOCALITY	8.54981	15.58775	
L	6875789	09		Doménda		LOCALITY	8.25887	15.7776	
L	6875790	09		Donkazé		LOCALITY	8.2297	15.8742	
L	6875791	08		Dooual		LOCALITY	8.7599	15.88697	
L	6875792	08		Douala		LOCALITY	8.58225	15.74976	
L	6875793	08		Dougourou		LOCALITY	8.38529	15.58564	
L	6875796	08		Godoeur		LOCALITY	8.8492	15.9363	
L	6875801	08		Kaguéroy		LOCALITY	8.6021	15.8832	
L	6875802	08		Kap		LOCALITY	8.88918	15.74173	
L	6875804	08		Karsam		LOCALITY	8.91827	15.76925	
L	6875806	08		Kol		LOCALITY	8.97358	15.59651	
L	6875807	08		Koubao		LOCALITY	8.4739	15.93626	
L	6875809	08		Koutou		LOCALITY	8.50506	15.63778	
L	6875810	08		Lamoundou		LOCALITY	8.83825	15.40569	
L	6875811	08		Lao		LOCALITY	8.42975	15.33429	
L	6875812	08		Lèl		LOCALITY	8.90529	15.85676	
L	6875813	08		Madana		LOCALITY	8.39153	15.68828	
L	6875814	09		Matao II		LOCALITY	8.18636	15.59415	
L	6875815	08		May Mani		LOCALITY	8.46977	15.75267	
L	6875819	08		Mbou II		LOCALITY	8.98205	15.63079	
L	6875821	08		Mohan		LOCALITY	8.53405	15.89272	
L	6875823	08		Tembagué		LOCALITY	8.5873	15.8968	
L	6875825	08		Toli		LOCALITY	8.60971	15.70309	
L	6909112	09		Badila		LOCALITY	8.35343	16.28691	
L	6909113	09		Bakouadénédje		LOCALITY	8.3029	16.2692	
L	6909114	09		Banibi		LOCALITY	8.29721	16.23032	
L	6909116	09		Bao II		LOCALITY	8.57311	16.36885	
L	6909117	09		Béama		LOCALITY	8.8091	16.78378	
L	6909118	09		Béamongo		LOCALITY	8.05475	16.14653	
L	6909119	09		Bébala-Tamanti		LOCALITY	8.2723	16.7139	
L	6909120	09		Bebann		LOCALITY	8.32171	16.16587	
L	6909121	09		Bébelmé		LOCALITY	8.30661	16.16145	
L	6909122	09		Bébèmdi		LOCALITY	8.20958	16.25175	
L	6909123	09		Bébèmkandji		LOCALITY	8.01602	16.25726	
L	6909124	08		Bébiladoro		LOCALITY	8.9612	16.498	
L	6909125	09		Bébonboura		LOCALITY	8.17159	16.50222	
L	6909126	09		Béboto Kabéti		LOCALITY	8.30697	16.95743	
L	6909127	08		Bébouïnda		LOCALITY	8.95086	16.51521	
L	6909128	09		Béda		LOCALITY	8.3014	16.6222	
L	6909129	09		Bédara		LOCALITY	8.17952	16.28398	
L	6909130	09		Bédaya		LOCALITY	8.12139	16.46123	
L	6909131	09		Bédoba		LOCALITY	8.82226	16.94939	
L	6909132	09		Bédogo Nanga		LOCALITY	8.7221	16.8732	
L	6909133	08		Bédoko		LOCALITY	8.72776	16.38039	
L	6909134	09		Bédoli		LOCALITY	8.45917	16.10938	
L	6909135	09		Bédoumia		LOCALITY	8.45285	16.2907	
L	6909136	09		Béganbian		LOCALITY	8.0025	16.7753	
L	6909137	09		Bégaouay		LOCALITY	8.08309	16.38427	
L	6909138	09		Bégolé		LOCALITY	8.77148	16.64898	
L	6909139	08		Bégoumara		LOCALITY	8.90873	16.28909	
L	6909140	09		Béguéli		LOCALITY	8.11693	16.89717	
L	6909141	08		Béhi		LOCALITY	8.70525	16.29441	
L	6909142	08		Bekâmbé		LOCALITY	8.93982	16.35819	
L	6909143	09		Békamna II		LOCALITY	8.72802	16.87755	
L	6909144	09		Békaotal		LOCALITY	8.17069	16.32407	
L	6909145	09		Békibi		LOCALITY	8.21866	16.34123	
L	6909146	09		Békila		LOCALITY	8.5906	16.6103	
L	6909147	09		Békolé		LOCALITY	8.59025	16.64977	
L	6909148	09		Békor		LOCALITY	8.6412	16.3893	
L	6909149	09		Békoule		LOCALITY	8.93202	16.77692	
L	6909150	09		Béla		LOCALITY	8.538	16.6778	
L	6909151	08		Bélaba		LOCALITY	8.59596	16.04047	
L	6909152	09		Béléké		LOCALITY	8.53658	16.14112	
L	6909153	09		Belia		LOCALITY	8.09887	16.40301	
L	6909154	09		Bémaga		LOCALITY	8.5328	16.9812	
L	6909155	09		Bémaga		LOCALITY	8.5123	16.975	
L	6909156	09		Bémal		LOCALITY	8.17139	16.28665	
L	6909157	09		Bèmbaïdi		LOCALITY	8.44437	16.37411	
L	6909158	09		Bèmbaranga		LOCALITY	8.09306	16.39568	
L	6909159	09		Bèmbéné		LOCALITY	8.5893	16.1705	
L	6909160	09		Bèmbindi		LOCALITY	8.22225	16.17325	
L	6909161	09		Bémira		LOCALITY	8.6113	16.2367	
L	6909162	09		Bémotinnti		LOCALITY	8.87304	16.94497	
L	6909163	09		Bémoulati		LOCALITY	8.3001	16.6043	
L	6909164	09		Bénassé		LOCALITY	8.20418	16.26005	
L	6909165	09		Bengaoda		LOCALITY	8.63533	16.63839	
L	6909166	09		Benoyin		LOCALITY	8.4898	16.33054	
L	6909167	09		Bèntam		LOCALITY	8.2431	16.4698	
L	6909168	09		Béromé		LOCALITY	8.5521	16.96	
L	6909169	08		Bessoum		LOCALITY	8.9423	16.34605	
L	6909170	09		Bététi		LOCALITY	8.47216	16.92459	
L	6909171	09		Bétian		LOCALITY	8.37735	16.00316	
L	6909172	09		Béto		LOCALITY	8.36223	16.55389	
L	6909173	09		Béto		LOCALITY	8.32153	16.56735	
L	6909174	09		Bétoro		LOCALITY	8.0438	16.50598	
L	6909175	08		Bétotélé		LOCALITY	8.69885	16.31803	
L	6909176	09		Béyada		LOCALITY	8.9433	16.7992	
L	6909177	09		Bibakor		LOCALITY	8.04219	16.17174	
L	6909178	09		Bikoro		LOCALITY	8.0154	16.0536	
L	6909179	09		Bingala		LOCALITY	8.96717	16.85431	
L	6909180	09		Bingamara		LOCALITY	8.67555	16.6411	
L	6909181	08		Bïngo		LOCALITY	8.91184	16.02339	
L	6909182	08		Binndo		LOCALITY	8.8758	16.36298	
L	6909183	09		Binngambré		LOCALITY	8.16405	16.21682	
L	6909184	08		Bitanda		LOCALITY	8.83604	16.20909	
L	6909185	08		Bita-Ndololo		LOCALITY	8.8153	16.20662	
L	6909186	09		Boandja		LOCALITY	8.32555	16.7884	
L	6909187	09		Bogré		LOCALITY	8.96542	16.94096	
L	6909188	09		Bolobo		LOCALITY	8.40247	16.65102	
L	6909189	09		Bona		LOCALITY	8.19668	16.0879	
L	6909191	08		Bougarou		LOCALITY	8.81898	16.40924	
L	6909192	09		Boura		LOCALITY	8.19078	16.13126	
L	6909193	09		Boyé		LOCALITY	8.29716	16.16298	
L	6909194	09		Daïbo		LOCALITY	8.26831	16.09406	
L	6909196	09		Dakouri		LOCALITY	8.9494	16.674	
L	6909197	09		Dangdé		LOCALITY	8.57043	16.51112	
L	6909198	09		Dangdil		LOCALITY	8.61165	16.44924	
L	6909199	09		Dangoum		LOCALITY	8.53111	16.58603	
L	6909200	09		Daori		LOCALITY	8.6014	16.4089	
L	6909202	09		Débalèm		LOCALITY	8.24738	16.14382	
L	6909203	09		Dido		LOCALITY	8.16555	16.41546	
L	6909204	09		Dobin		LOCALITY	8.38478	16.03316	
L	6909205	09		Dobin		LOCALITY	8.3205	16.0723	
L	6909206	09		Doborti		LOCALITY	8.8174	16.8615	
L	6909207	09		Dobouroum		LOCALITY	8.60568	16.36557	
L	6909208	09		Dobtou		LOCALITY	8.38195	16.17784	
L	6909209	09		Dodjigui		LOCALITY	8.7411	16.80465	
L	6909210	08		Dodou		LOCALITY	8.81856	16.27344	
L	6909211	08		Dogoénïnga		LOCALITY	8.85727	16.41987	
L	6909212	09		Dogouti		LOCALITY	8.61056	16.96244	
L	6909213	09		Dogouti		LOCALITY	8.45465	16.96805	
L	6909214	09		Doholo		LOCALITY	8.6059	16.2172	
L	6909215	08		Dokaba		LOCALITY	8.98181	16.06909	
L	6909216	09		Dokague		LOCALITY	8.5869	16.9505	
L	6909217	08		Dokapti		LOCALITY	8.54997	16.06011	
L	6909218	09		Dokaydil		LOCALITY	8.5445	16.8414	
L	6909219	09		Dokou		LOCALITY	8.0423	16.0639	
L	6909220	09		Dokou		LOCALITY	8.11293	16.96761	
L	6909221	08		Dola		LOCALITY	8.9942	16.056	
L	6909222	09		Doromané		LOCALITY	8.88584	16.76289	
L	6909223	09		Dossaïti		LOCALITY	8.911	16.7621	
L	6909224	09		Dossé		LOCALITY	8.1559	16.4289	
L	6909225	09		Doungabo		LOCALITY	8.68079	16.65897	
L	6909226	09		Dowadel		LOCALITY	8.48878	16.3083	
L	6909227	09		Dowel		LOCALITY	8.6076	16.2377	
L	6909228	08		Duniann		LOCALITY	8.72505	16.4539	
L	6909229	08		Gabré		LOCALITY	8.99581	16.25261	
L	6909230	08		Garo		LOCALITY	8.7447	16.38145	
L	6909231	09		Goulkosso		LOCALITY	8.42875	16.23526	
L	6909232	09		Goundé		LOCALITY	8.6702	16.8852	
L	6909233	08		Goundourou		LOCALITY	8.93312	16.27613	
L	6909234	09		Gouri		LOCALITY	8.04526	16.78062	
L	6909235	09		Gouri		LOCALITY	8.7703	16.8349	
L	6909236	08		Guelkou		LOCALITY	8.568	16.0263	
L	6909237	09		Guïndou		LOCALITY	8.7378	16.5354	
L	6909238	09		Kaba		LOCALITY	8.4381	16.7301	
L	6909239	09		Kaba		LOCALITY	8.6419	16.7025	
L	6909240	09		Kaba		LOCALITY	8.40686	16.10961	
L	6909241	09		Kabri		LOCALITY	8.8002	16.8521	
L	6909242	09		Kaga		LOCALITY	8.4096	16.1672	
L	6909243	08		Kaga II		LOCALITY	8.71555	16.05262	
L	6909244	09		Kagoé		LOCALITY	8.59929	16.17467	
L	6909245	09		Kagorey		LOCALITY	8.46222	16.3118	
L	6909246	09		Kagroué		LOCALITY	8.58444	16.73514	
L	6909247	08		Kagroy		LOCALITY	8.88986	16.00439	
L	6909248	09		Kaïra		LOCALITY	8.61262	16.26863	
L	6909249	09		Kaouey		LOCALITY	8.24658	16.30467	
L	6909250	09		Kaptal		LOCALITY	8.5801	16.1395	
L	6909251	09		Karabo		LOCALITY	8.70339	16.81082	
L	6909252	09		Kayra		LOCALITY	8.5568	16.61835	
L	6909253	09		Kayra		LOCALITY	8.39412	16.58163	
L	6909254	09		Kayrati		LOCALITY	8.8192	16.6646	
L	6909255	09		Kayrati		LOCALITY	8.5134	16.5131	
L	6909256	09		Kayré		LOCALITY	8.38063	16.12684	
L	6909257	09		Kédiouèm		LOCALITY	8.4249	16.9667	
L	6909258	09		Kilanga		LOCALITY	8.60921	16.30642	
L	6909259	09		Kobo		LOCALITY	8.60365	16.34718	
L	6909260	09		Kobo		LOCALITY	8.43224	16.87132	
L	6909261	09		Kokolo		LOCALITY	8.53968	16.90688	
L	6909263	09		Kololo		LOCALITY	8.14148	16.51488	
L	6909264	08		Koro		LOCALITY	8.92761	16.38902	
L	6909265	09		Koro-Ngara		LOCALITY	8.96419	16.70961	
L	6909266	09		Kossia		LOCALITY	8.28163	16.94697	
L	6909267	09		Kossian		LOCALITY	8.48716	16.90135	
L	6909268	09		Koudoubida		LOCALITY	8.60713	16.43634	
L	6909269	09		Koué		LOCALITY	8.08496	16.13682	
L	6909270	09		Kouma		LOCALITY	8.5783	16.9181	
L	6909271	09		Koundja		LOCALITY	8.17448	16.33396	
L	6909272	09		Kounou		LOCALITY	8.21304	16.24698	
L	6909273	08		Koutou		LOCALITY	8.97442	16.46854	
L	6909274	09		Koutou		LOCALITY	8.7009	16.5796	
L	6909275	08		Ledoum		LOCALITY	8.77284	16.38815	
L	6909276	09		Lobi		LOCALITY	8.67488	16.59979	
L	6909277	08		Logo		LOCALITY	8.8357	16.5828	
L	6909279	09		Mabani		LOCALITY	8.95041	16.9387	
L	6909280	08		Mabgti		LOCALITY	8.63729	16.10127	
L	6909281	09		Madana		LOCALITY	8.27185	16.91237	
L	6909282	09		Madana		LOCALITY	8.3172	16.8028	
L	6909283	09		Madana		LOCALITY	8.9895	16.6444	
L	6909284	08		Madana		LOCALITY	8.57819	16.01649	
L	6909285	09		Madana		LOCALITY	8.62458	16.70205	
L	6909286	09		Madana		LOCALITY	8.5302	16.46555	
L	6909287	08		Madidi		LOCALITY	8.76295	16.52848	
L	6909288	09		Maélo		LOCALITY	8.70965	16.94259	
L	6909289	08		Maémou		LOCALITY	8.80828	16.40652	
L	6909290	09		Maénani		LOCALITY	8.21824	16.37763	
L	6909291	09		Maéylao		LOCALITY	8.41253	16.10931	
L	6909292	09		Maïda		LOCALITY	8.43657	16.57599	
L	6909293	09		Maïnani		LOCALITY	8.62717	16.57949	
L	6909294	08		Maïnbo		LOCALITY	8.83601	16.41566	
L	6909295	09		Makassa		LOCALITY	8.3834	16.198	
L	6909296	08		Makiné		LOCALITY	8.5672	16.11831	
L	6909297	09		Mako		LOCALITY	8.2072	16.6701	
L	6909298	08		Malé		LOCALITY	8.9634	16.4996	
L	6909299	09		Malila		LOCALITY	8.46321	16.14413	
L	6909300	09		Manboé		LOCALITY	8.501	16.4918	
L	6909301	08		Mang		LOCALITY	8.92508	16.00947	
L	6909302	09		Matidi		LOCALITY	8.99869	16.58561	
L	6909303	09		Maybor		LOCALITY	8.42112	16.15222	
L	6909304	09		Mayéri		LOCALITY	8.6089	16.2215	
L	6909305	09		Mayongo		LOCALITY	8.43568	16.6104	
L	6909306	09		Mba		LOCALITY	8.8779	16.6384	
L	6909307	08		Mbagué		LOCALITY	8.8298	16.2069	
L	6909308	08		Mbala		LOCALITY	8.8696	16.1885	
L	6909309	08		Mbalbita		LOCALITY	8.9061	16.064	
L	6909311	09		Mbaya		LOCALITY	8.63006	16.333	
L	6909312	08		Mbayan		LOCALITY	8.70748	16.39286	
L	6909313	09		Mbo		LOCALITY	8.1397	16.3697	
L	6909314	08		Mekab		LOCALITY	8.8401	16.12318	
L	6909315	09		Mékagué		LOCALITY	8.5985	16.9492	
L	6909316	09		Mékapti		LOCALITY	8.51445	16.48326	
L	6909317	09		Mékar		LOCALITY	8.04933	16.15654	
L	6909318	08		Mèn		LOCALITY	8.8093	16.1508	
L	6909319	09		Mendouba		LOCALITY	8.51192	16.494	
L	6909320	08		Miakagué		LOCALITY	8.6696	16.06572	
L	6909321	09		Miarom		LOCALITY	8.74869	16.62798	
L	6909322	09		Milabalèm		LOCALITY	8.23598	16.60462	
L	6909323	09		Minkéri		LOCALITY	8.5073	16.5463	
L	6909324	09		Minkolon		LOCALITY	8.9728	16.8309	
L	6909325	09		Motogadji		LOCALITY	8.1382	16.6576	
L	6909326	08		Moudabou		LOCALITY	8.91613	16.41705	
L	6909327	09		Moundouli		LOCALITY	8.61335	16.27554	
L	6909328	09		Mourdouni		LOCALITY	8.55573	16.90655	
L	6909329	09		Moutati		LOCALITY	8.46292	16.98717	
L	6909330	09		Moyassan		LOCALITY	8.4189	16.6675	
L	6909331	09		Nala		LOCALITY	8.4418	16.8425	
L	6909332	09		Nara		LOCALITY	8.61652	16.66873	
L	6909333	09		Ndaba-Békodo		LOCALITY	8.51429	16.82848	
L	6909334	09		Nékam		LOCALITY	8.46577	16.72494	
L	6909335	09		Nékam		LOCALITY	8.478	16.7153	
L	6909336	09		Ngalaba		LOCALITY	8.83891	16.66549	
L	6909337	09		Ngara		LOCALITY	8.39332	16.71418	
L	6909338	09		Ngara		LOCALITY	8.39528	16.39174	
L	6909339	09		Ngara I		LOCALITY	8.22372	16.86607	
L	6909340	09		Ngara II		LOCALITY	8.21742	16.84486	
L	6909341	08		Ngarandoa		LOCALITY	8.9693	16.4754	
L	6909342	09		Ngolé		LOCALITY	8.2282	16.0041	
L	6909343	08		Ngomaté		LOCALITY	8.93534	16.29722	
L	6909344	09		Nguébé		LOCALITY	8.39245	16.38306	
L	6909345	09		Nian		LOCALITY	8.68552	16.73783	
L	6909346	09		Ninmbo		LOCALITY	8.688	16.76009	
L	6909347	08		Oéré		LOCALITY	8.98323	16.06171	
L	6909348	09		Ouao		LOCALITY	8.22302	16.3812	
L	6909350	09		Ouélo		LOCALITY	8.52	16.526	
L	6909352	09		Sama		LOCALITY	8.85975	16.77065	
L	6909353	09		Soo		LOCALITY	8.44367	16.31969	
L	6909354	08		Tagla		LOCALITY	8.79848	16.07569	
L	6909355	08		Tagla I		LOCALITY	8.89077	16.28132	
L	6909356	08		Tagla II		LOCALITY	8.8688	16.2672	
L	6909357	09		Tagoldé		LOCALITY	8.344	16.9516	
L	6909358	08		Takak		LOCALITY	8.5342	16.0149	
L	6909359	08		Taoui		LOCALITY	8.5677	16.0383	
L	6909360	08		Tatogo		LOCALITY	8.83384	16.38038	
L	6909361	09		Timbri		LOCALITY	8.4595	16.6974	
L	6909362	08		Togoro		LOCALITY	8.88229	16.00446	
L	6909363	09		Tora		LOCALITY	8.5033	16.2931	
L	6909364	08		Torodjo		LOCALITY	8.64723	16.13114	
L	6909366	09		Toura		LOCALITY	8.44324	16.17859	
L	6983760	06		Arianga		LOCALITY	14.91183	15.03636	
L	6983846	06		Koulanga		LOCALITY	14.51554	15.29198	
L	6983849	06		Djanga		LOCALITY	14.49294	15.44697	
L	6983943	06		Labara		LOCALITY	14.42422	15.93436	
L	6983947	06		Sousourmé		LOCALITY	14.36509	15.78128	
L	6984084	06		Doulko		LOCALITY	14.21554	15.30832	
L	6986305	22		Eri		LOCALITY	13.98108	15.73447	
L	6986306	22		Eri		LOCALITY	13.99517	15.74805	
L	6986307	22		Eri		LOCALITY	13.98072	15.77813	
L	6986308	22		Téritrone Malanga		LOCALITY	13.88233	15.84279	
L	6986309	22		Ngalo		LOCALITY	13.90616	15.79006	
L	6986310	22		Ngalo		LOCALITY	13.8905	15.78359	
L	6986311	06		Bournak		LOCALITY	13.87793	15.61666	
L	6986312	06		Am Gewa		LOCALITY	13.86154	15.58506	
L	6986313	06		Gayey		LOCALITY	13.88865	15.51226	
L	6986315	06		Abani Arak		LOCALITY	13.84446	15.52282	
L	6986316	06		Am Géwa		LOCALITY	13.84356	15.5772	
L	6986317	07		Labdé		LOCALITY	13.78771	15.58089	
L	6986318	22		Ragay		LOCALITY	13.79827	15.67942	
L	6986319	22		Boulkoa		LOCALITY	13.83687	15.70552	
L	6986320	06		Fayay		LOCALITY	13.72707	15.85497	
L	6986321	06		Matay		LOCALITY	13.75281	15.65824	
L	6986322	06		Rountou		LOCALITY	13.7601	15.15713	
L	6986325	06		Bata III		LOCALITY	13.73416	15.00066	
L	6986326	07		Degila		LOCALITY	13.70041	15.37095	
L	6986327	06		Gouria Bongouri		LOCALITY	13.73321	15.42789	
L	6986328	06		Ndiali		LOCALITY	13.72935	15.44819	
L	6986329	06		Djeulou Amadou		LOCALITY	13.72506	15.57289	
L	6986331	06		Am Chibey		LOCALITY	13.66112	15.84017	
L	6986332	07		Arfa		LOCALITY	13.68945	15.73235	
L	6986333	06		Ilili		LOCALITY	13.69158	15.69817	
L	6986334	07		Boulongoa		LOCALITY	13.65658	15.68633	
L	6986335	06		Kalari		LOCALITY	13.67935	15.56048	
L	6986336	06		Ndonkou II		LOCALITY	13.69881	15.43381	
L	6986337	07		Batiri		LOCALITY	13.68861	15.24439	
L	6986338	07		Roumbou		LOCALITY	13.60735	15.11146	
L	6986340	07		Madé		LOCALITY	13.60745	15.33225	
L	6986341	06		Djidami		LOCALITY	13.61183	15.45894	
L	6986342	06		Moli		LOCALITY	13.53644	15.69173	
L	6986344	06		Atait		LOCALITY	13.55962	15.67227	
L	6986345	06		Béchirom		LOCALITY	13.55577	15.60423	
L	6986346	06		Méléko		LOCALITY	13.56472	15.58425	
L	6986347	07		Méléko		LOCALITY	13.52484	15.60349	
L	6986348	07		Kouloukrou		LOCALITY	13.56468	15.42702	
L	6986349	07		Kartari		LOCALITY	13.57189	15.31949	
L	6986350	07		Bari		LOCALITY	13.56971	15.32722	
L	6986351	07		Roroy		LOCALITY	13.56346	15.32604	
L	6986352	07		Loura		LOCALITY	13.54768	15.01034	
L	6986353	07		Goui		LOCALITY	13.49599	15.00197	
L	6986354	07		Kala Kalalou		LOCALITY	13.49178	15.01722	
L	6986355	07		Bala		LOCALITY	13.49265	15.1486	
L	6986356	07		Dalalinya		LOCALITY	13.49116	15.1673	
L	6986357	07		Kongourom		LOCALITY	13.50119	15.41075	
L	6986358	06		Golodorom		LOCALITY	13.46806	15.87843	
L	6986359	06		Kéri		LOCALITY	13.44657	15.70632	
L	6986360	06		Alayri		LOCALITY	13.43106	15.73407	
L	6986361	06		Tioukoutoli		LOCALITY	13.40703	15.72143	
L	6986362	06		Tatap		LOCALITY	13.45179	15.65661	
L	6986363	06		Kaoulay		LOCALITY	13.44276	15.58665	
L	6986364	06		Garanda		LOCALITY	13.40847	15.60065	
L	6986365	06		Gowa		LOCALITY	13.41218	15.51776	
L	6986366	06		Kachélanga		LOCALITY	13.46723	15.48275	
L	6986367	07		Dokori		LOCALITY	13.46102	15.47018	
L	6986368	07		Djorom		LOCALITY	13.43878	15.43255	
L	6986374	07		Ngefia		LOCALITY	13.47412	15.09538	
L	6986377	07		Asayalom		LOCALITY	13.46099	15.02067	
L	6986386	07		Ngouada		LOCALITY	13.38677	15.44037	
L	6986387	07		Dioundouseria		LOCALITY	13.36125	15.39909	
L	6986388	07		Babourom		LOCALITY	13.38109	15.45971	
L	6986389	07		Kouroua Kouloufaya		LOCALITY	13.34056	15.47259	
L	6986391	07		Kiaskarkongia		LOCALITY	13.34577	15.48112	
L	6986392	06		Asabari Soutoa		LOCALITY	13.37243	15.59494	
L	6986393	06		Bladjoyo		LOCALITY	13.35562	15.64426	
L	6986394	06		Konkédoui		LOCALITY	13.36761	15.66802	
L	6986396	06		Sourtidé		LOCALITY	13.25334	15.79508	
L	6986398	06		Aleati		LOCALITY	13.30788	15.77957	
L	6986399	06		Kangara Kouroua		LOCALITY	13.30922	15.74812	
L	6986401	06		Kangara		LOCALITY	13.30412	15.73422	
L	6986403	06		Kéléli		LOCALITY	13.29576	15.72579	
L	6986404	06		Kangara Arouna		LOCALITY	13.27784	15.73838	
L	6986405	06		Sourtidé		LOCALITY	13.30176	15.68382	
L	6986406	06		Soula		LOCALITY	13.26318	15.57815	
L	6986419	22		Kalékokori		LOCALITY	13.17928	15.93597	
L	6986421	07		Sougourarom		LOCALITY	13.14932	15.32758	
L	6986422	07		Yaroua		LOCALITY	13.16286	15.31237	
L	6986444	18		Laria Kola		LOCALITY	13.01102	15.46728	
L	6986446	18		Sikéri		LOCALITY	13.00539	15.67135	
L	7009280	23		Kourkour		LOCALITY	17.9118	19.07615	
L	7009604	23		Kémé		LOCALITY	17.96745	19.13435	
L	7009605	23		So		LOCALITY	17.96047	19.13023	
L	7009606	23		Béséme		LOCALITY	17.95792	19.14284	
L	7009607	23		Taolanga		LOCALITY	17.94604	19.12951	
L	7009608	23		Torchanga		LOCALITY	17.94031	19.1138	
L	7009609	23		Mordangay		LOCALITY	17.89765	19.04825	
L	7009610	23		Kerkérédanga		LOCALITY	17.87949	19.0071	
L	7009611	23		Kouri		LOCALITY	17.89088	19.02108	
L	7021115	23		Amoul		LOCALITY	17.89086	18.98463	
L	7505200	13		Togoula Sara		LOCALITY	9.95229	20.67175	
L	7505204	13		Banang		LOCALITY	9.72848	20.99822	
L	7628502	28		Ounianga Sérir		LOCALITY	18.90922	20.87522	
L	7871214	02		Oure Cassoni Refugee Camp		LOCALITY	15.71225	23.05035	
L	8299879	13	243701	Haraze		LOCALITY	9.93969	20.90524	8799
L	9534257	27		Amdjarass	أم جرس	CITY	16.06666	22.83536	29793
L	10104696	07		N'Gouboua		LOCALITY	13.52802	14.01735	
L	11242327	07		Vadanakallu		LOCALITY	14.17869	14.17869	1000
L	11250255	12		Aedébé		LOCALITY	12.77329	14.56261	
L	11253253	18		Ambel		LOCALITY	12.40351	14.90502	
L	11256880	06		Patte d'Oies		DISTRICT	14.745	17.43417	
L	11258461	06		Chikopelo		LOCALITY	16.33284	16.33284	
L	11267936	18		Maloudou		LOCALITY	12.78796	14.8279	
L	11287933	07		Melia		LOCALITY	13.53023	14.56843	
L	11287934	07		Melia site		LOCALITY	13.53444	14.55914	
L	11287948	07		Kikedine		LOCALITY	14.25939	13.85065	
L	11287949	07		Minti		LOCALITY	14.26738	13.85917	
L	11429051	09		Vom		LOCALITY	7.74154	15.73805	
L	11429110	06		Diourbe		LOCALITY	14.7283	16.2522	
L	11497008	15		Dar Assalam		LOCALITY	12.95026	16.88835	
L	11497010	05		Atoukgua		LOCALITY	12.34259	18.61	
L	11525815	12		Tirédé		LOCALITY	13.79105	20.30853	
L	11525816	01		Id El Outou		LOCALITY	13.68673	20.02341	
L	11525817	12		Kakara		LOCALITY	13.79433	20.74568	
L	11525818	01		Idjélidjé		LOCALITY	13.44426	20.11236	
L	11525820	12		Rhimélé		LOCALITY	13.53658	20.34836	
L	11525821	12		Garaday		LOCALITY	13.35871	20.878	
L	11525834	12		Am Guifi		LOCALITY	13.35863	20.85883	
L	11525835	12		Gaouali		LOCALITY	13.35344	20.82562	
L	11525836	01		Abartir		LOCALITY	13.22354	20.01271	
L	11525837	12		Nialfia		LOCALITY	13.16911	20.73542	
L	11525838	12		Agoura		LOCALITY	13.15708	20.60283	
L	11525839	12		Kelo		LOCALITY	13.15241	20.59914	
L	11525840	12		Guésé		LOCALITY	13.05409	20.76607	
L	11526744	02		Laklakou		LOCALITY	14.81786	21.14692	
L	11526801	02		Sirinié		LOCALITY	14.88399	21.97868	
L	11526805	02		Guima		LOCALITY	14.82221	21.80093	
L	11526806	02		Guima		LOCALITY	14.79794	21.80925	
L	11526808	02		Bartanigué		LOCALITY	14.81504	21.81865	
L	11526809	02		Aouré		LOCALITY	14.7981	21.88047	
L	11526810	02		Nafouné		LOCALITY	14.77608	21.8539	
L	11526812	02		Ogoroum		LOCALITY	14.7704	21.77979	
L	11526814	02		Nadélékéré		LOCALITY	14.79887	21.70903	
L	11526854	02		Nièlgué		LOCALITY	14.81668	21.29145	
L	11526856	02		Goundarnié		LOCALITY	14.8672	21.15294	
L	11526858	02		Matoua		LOCALITY	14.76783	21.08317	
L	11526862	02		Lolo		LOCALITY	14.71698	21.11925	
L	11526865	02		Aguine		LOCALITY	14.6954	21.1651	
L	11526873	02		Akalba		LOCALITY	14.57918	21.26172	
L	11526877	02		Gossal		LOCALITY	14.6693	21.48573	
L	11526883	02		Arou		LOCALITY	14.60312	21.72205	
L	11526905	02		Aguiligué		LOCALITY	14.76219	21.22748	
L	11526933	02		Am Doul		LOCALITY	14.43386	21.05888	
L	11526936	02		Mourmang		LOCALITY	14.50428	21.33373	
L	11526937	02		Kolaga		LOCALITY	14.48002	21.65799	
L	11526938	02		Kétéyé		LOCALITY	14.48063	21.71401	
L	11526939	02		Arsama		LOCALITY	14.51414	21.9274	
L	11526940	02		Brinyé		LOCALITY	14.60061	21.9642	
L	11526941	02		Kété		LOCALITY	14.53128	21.99543	
L	11526942	02		Nakassa		LOCALITY	14.52544	21.97946	
L	11526951	02		G'uirmé		LOCALITY	14.44669	21.93084	
L	11526952	02		Madiné		LOCALITY	14.43905	21.9314	
L	11526954	02		Nini Baya		LOCALITY	14.41355	21.94759	
L	11526955	02		Kédl Nèrne		LOCALITY	14.39344	21.97986	
L	11526957	02		Kourné		LOCALITY	14.42604	21.72595	
L	11526958	02		Mouro		LOCALITY	14.42931	21.7636	
L	11526961	02		Akouné		LOCALITY	14.43767	21.67851	
L	11526963	02		Gounétalgané		LOCALITY	14.41912	21.59768	
L	11526964	02		Arnyé		LOCALITY	14.38181	21.56647	
L	11526966	02		Arnyé		LOCALITY	14.35829	21.57428	
L	11526967	02		Karba		LOCALITY	14.35443	21.69829	
L	11526969	02		Kouré		LOCALITY	14.29521	21.60349	
L	11526970	02		Gorié		LOCALITY	14.28202	21.46616	
L	11526973	02		Goubilfayt		LOCALITY	14.28952	21.40541	
L	11526974	02		Djedit		LOCALITY	14.33565	21.42945	
L	11526975	02		Bokat		LOCALITY	14.27145	21.34137	
L	11526976	02		Garda		LOCALITY	14.29469	21.34083	
L	11526978	02		Gogat		LOCALITY	14.28716	21.29972	
L	11526979	02		Kaba		LOCALITY	14.28749	21.23954	
L	11526983	02		Kouk		LOCALITY	14.34561	21.16272	
L	11526984	02		Maganiné		LOCALITY	14.33497	21.1578	
L	11526985	02		Adayna		LOCALITY	14.26423	21.18771	
L	11526986	02		Kassay		LOCALITY	14.25427	21.15232	
L	11526987	02		Matouk		LOCALITY	14.3253	21.17587	
L	11526988	02		Fildan		LOCALITY	14.34768	21.09202	
L	11526999	02		Daraguine		LOCALITY	14.23566	21.33054	
L	11527000	02		Gartoubané		LOCALITY	14.2445	21.37208	
L	11527001	02		Kanaouné		LOCALITY	14.2332	21.37143	
L	11527003	02		Askanit		LOCALITY	14.23652	21.3879	
L	11527004	02		Mozoro		LOCALITY	14.23922	21.39611	
L	11527005	02		Ardené		LOCALITY	14.23742	21.40933	
L	11527006	02		Kerkeria		LOCALITY	14.18698	21.41394	
L	11527008	02		Eléyédit		LOCALITY	14.25128	21.48221	
L	11527009	02		Guélingué		LOCALITY	14.23191	21.48997	
L	11527022	02		Kalsek		LOCALITY	14.16916	21.44068	
L	11527023	02		Aydougoun		LOCALITY	14.21121	21.47199	
L	11527024	02		Konay		LOCALITY	14.20669	21.46981	
L	11527031	12		Louda		LOCALITY	14.02727	21.43233	
L	11527032	12		Darouman		LOCALITY	14.02371	21.43765	
L	11527033	12		Dinfan		LOCALITY	14.01548	21.41054	
L	11527035	12		Koylon		LOCALITY	14.06062	21.21975	
L	11527036	12		Maboukimé		LOCALITY	14.02634	21.2171	
L	11527056	12		Anoro		LOCALITY	14.06458	21.15307	
L	11527057	12		Karna		LOCALITY	14.05855	21.14594	
L	11527058	12		Loufounga		LOCALITY	14.02877	21.1953	
L	11527085	02		Meri		LOCALITY	14.46862	21.99516	
L	11527086	02		Enèkèli		LOCALITY	14.44817	21.98219	
L	11527087	02		Toéré		LOCALITY	14.24768	21.14187	
L	11527089	12		Diari		LOCALITY	14.00682	21.1666	
L	11527090	12		Sissi		LOCALITY	14.03907	21.36398	
L	11527091	02		Mongoul		LOCALITY	14.08882	21.25219	
L	11540289	02		Zanbane		LOCALITY	14.66068	21.14661	
L	11555941	12		Kourkoudi		LOCALITY	13.95482	21.27751	
L	11555942	12		Lolo		LOCALITY	13.96758	21.39729	
L	11555943	12		Amboun		LOCALITY	13.95742	21.29461	
L	11572368	12		Korobat		LOCALITY	13.3004	21.99346	
L	11572379	12		Am Haraz		LOCALITY	13.84271	21.9526	
L	11572380	12		Abdaga		LOCALITY	13.85966	21.94172	
L	11572381	12		Emrata		LOCALITY	13.59878	21.28699	
L	11572444	12		Niabéta		LOCALITY	13.34289	22.10602	
L	11576549	12		Séréfia		LOCALITY	13.30835	21.96909	
L	11576550	12		Aourong		LOCALITY	13.31191	21.99858	
L	11576551	12		Tambeli		LOCALITY	13.31753	21.95694	
L	11576552	12		Kouloudouta		LOCALITY	13.33446	22.05319	
L	11576553	12		Gabina		LOCALITY	13.2612	22.01502	
L	11576554	12		Mogourtoum		LOCALITY	13.04788	21.87858	
L	11576827	12		Douas		LOCALITY	13.36006	22.16704	
L	11576828	12		Djamal Haro		LOCALITY	13.57395	21.7873	
L	11576829	12		Tirti	ترتي	LOCALITY	13.58948	21.83131	
L	11576830	12		Nourkani	نوركاني	LOCALITY	13.57957	21.83463	
L	11576831	12		Goz Himet		LOCALITY	13.55435	21.79446	
L	11577163	12		Nianioa		LOCALITY	13.89561	21.54153	
L	11578683	12		Andou		LOCALITY	13.57769	22.1306	
L	11578990	12		Niourouki		LOCALITY	13.33416	22.17111	
L	11578991	12		Mandasi		LOCALITY	13.34449	22.20002	
L	11578992	12		Kotoukourné		LOCALITY	13.35555	22.19623	
L	11579002	12		Andadja Djebel		LOCALITY	13.14344	22.02891	
L	11579003	12		Kondolo Diésa		LOCALITY	13.29649	22.05507	
L	11857045	26		Zouarchè		LOCALITY	20.41823	16.22424	
L	12180693	00		Sadjéré		DISTRICT	12.2034	15.03894	
L	12180694	21		Fondoré		DISTRICT	12.18	15.0712	
L	12180701	18		Achawayil		DISTRICT	12.22618	15.01828	
L	12180702	18		Karkandjeri		DISTRICT	12.12146	14.94638	
L	12180703	18		Djougoulier		DISTRICT	12.15783	14.98114	
L	12180704	00		Amsinéné		DISTRICT	12.16805	15.00288	
L	12180705	00		Ouroula		DISTRICT	12.18437	15.02141	
L	12180706	21		Gozator		DISTRICT	12.14996	15.06682	
L	12180707	21		Zafaye		DISTRICT	12.14609	15.11654	
L	12180708	21		Abena		DISTRICT	12.09709	15.11604	
L	12180709	21		Amtoukoui		DISTRICT	12.11383	15.11486	
L	12180710	21		Boutalbagara		DISTRICT	12.11689	15.13114	
L	12180711	21		Ambatta		DISTRICT	12.09056	15.15075	
L	12180712	00		Kourmanadji		DISTRICT	12.07862	15.18847	
L	12180713	00		Kilwiti		DISTRICT	12.12225	15.1757	
L	12180714	21		Diguel		DISTRICT	12.13945	15.08474	
L	12180715	21		Goudji Charaffa		DISTRICT	12.16907	15.05119	
L	12180716	21		Djambangato		DISTRICT	12.12358	15.02758	
L	12180717	21		Ngueli		DISTRICT	12.08018	15.04547	
L	12180718	21		Ngoumna		DISTRICT	12.0748	15.07946	
L	12180719	21		Walia		DISTRICT	12.06299	15.10279	
L	12180720	15		Kabé		DISTRICT	12.01972	15.0832	
L	12180721	18		Djabaliro		DISTRICT	12.20851	15.07527	
L	12180722	00		Machaga		DISTRICT	12.20114	15.11036	
L	12180723	21		Ambassatna		DISTRICT	12.10475	15.05518	
L	12180724	21		Am-Riguébé		DISTRICT	12.12586	15.07023	
L	12180725	21		Ardepdjoumal		DISTRICT	12.10271	15.06011	
L	12180726	18		Ardeb-Timane		DISTRICT	12.14367	14.97668	
L	12180727	21		Blabline		DISTRICT	12.11464	15.05288	
L	12180728	21		Bololo		DISTRICT	12.11538	15.0396	
L	12180729	21		Champ des Fils		DISTRICT	12.11369	15.07607	
L	12180730	21		Djambal Bahr		DISTRICT	12.109	15.03902	
L	12180733	21		Gardolé		DISTRICT	12.10626	15.04762	
L	12180734	21		Kabalaye		DISTRICT	12.10657	15.05297	
L	12180735	21		Klemat		DISTRICT	12.12531	15.04374	
L	12180736	21		Mardjandaffack		DISTRICT	12.11459	15.04744	
L	12180737	21		Moursal		DISTRICT	12.09744	15.07483	
L	12180738	21		Naga Un		DISTRICT	12.12347	15.05466	
L	12180739	21		Naga Deux		DISTRICT	12.1297	15.05888	
L	12180740	21		Paris-Congo		DISTRICT	12.10443	15.06908	
L	12180741	21		Repos		DISTRICT	12.13655	15.06251	
L	12180742	21		Ridina		DISTRICT	12.11345	15.06206	
L	12180743	21		Sabangali		DISTRICT	12.09477	15.05648	
L	12492065	02		Nimere Kebir		LOCALITY	14.44823	21.98547	
L	12492066	02		Oguide		LOCALITY	14.44985	21.988	
L	12492067	02		Toblo		LOCALITY	14.45513	21.98581	
L	12492068	02		Birking I		LOCALITY	14.4538	21.9808	
L	12492069	02		Birking II		LOCALITY	14.45627	21.98086	
L	12492070	02		Bondonfil I		LOCALITY	14.45857	21.98327	
L	12492071	02		Bondonfil II		LOCALITY	14.45958	21.98377	
L	12492072	02		Erne Koure		LOCALITY	14.46071	21.98097	
L	12492073	02		Hille Djedid		LOCALITY	14.46174	21.97959	
L	12492074	02		Katekaria I		LOCALITY	14.46264	21.98177	
L	12492075	02		Naiguine I		LOCALITY	14.46465	21.98116	
L	12492076	02		Narone		LOCALITY	14.46895	21.97981	
L	12492077	02		Raringue		LOCALITY	14.47055	21.97829	
L	12492078	02		Saguere		LOCALITY	14.47315	21.9723	
L	12492079	02		Sounoute		LOCALITY	14.46818	21.98498	
L	12492080	02		Wilikoure		LOCALITY	14.46949	21.9856	
L	12492081	02		Kourmalion I		LOCALITY	14.46602	21.98747	
L	12492082	02		Nargaga		LOCALITY	14.46546	21.98655	
L	12492083	02		Aitingue		LOCALITY	14.46398	21.98859	
L	12492084	02		Borne		LOCALITY	14.46275	21.98904	
L	12492085	02		Maraba		LOCALITY	14.44684	21.99261	
L	12492086	02		Kourmalion II		LOCALITY	14.44763	21.99446	
L	12492087	02		Koyoma I		LOCALITY	14.44235	21.99485	
L	12492088	02		Koyoma II		LOCALITY	14.4448	22.00305	
L	12492089	02		Abouné		LOCALITY	14.44035	21.98309	
L	12492090	02		Adah		LOCALITY	14.43609	21.99169	
L	12492091	02		Forrou		LOCALITY	14.43671	21.9913	
L	12492092	02		Igote		LOCALITY	14.43758	21.97898	
L	12492093	02		Kouragané 1		LOCALITY	14.4441	21.97353	
L	12492095	02		Kouragané 2		LOCALITY	14.43733	21.98507	
L	12492096	02		Mamour		LOCALITY	14.43313	21.98314	
L	12492097	02		Nounan		LOCALITY	14.42893	21.98181	
L	12492098	02		Segrouang		LOCALITY	14.4259	22.00554	
L	12492099	02		Toboh		LOCALITY	14.43134	21.99983	
L	12492100	02		Toua		LOCALITY	14.43554	22.01524	
L	12492101	02		Toubouré1		LOCALITY	14.4222	22.01442	
L	12492102	02		Toubouré2		LOCALITY	14.41717	22.02107	
L	12492103	02		Toubouré3		LOCALITY	14.41596	22.0188	
L	12492104	02		Troa-Centre		LOCALITY	14.41409	22.02408	
L	12492105	02		Waya-Waya		LOCALITY	14.41197	22.0097	
L	12492106	02		Sereingne		LOCALITY	14.42057	22.00022	
L	12492107	02		Garne		LOCALITY	14.41454	22.00061	
L	12492108	02		Keiraba		LOCALITY	14.42772	22.0252	
L	12492109	02		Hidigui I		LOCALITY	14.4103	22.01657	
L	12492110	02		Korgo		LOCALITY	14.40386	22.01455	
L	12492111	02		Ngouna		LOCALITY	14.40457	22.00584	
L	12492112	02		Hadjre Nam		LOCALITY	14.41642	21.99078	
L	12492113	02		Harding I		LOCALITY	14.42452	21.97331	
L	12492114	02		Harding II		LOCALITY	14.44035	21.96374	
L	12492115	02		Hidigui II		LOCALITY	14.44322	21.96464	
L	12492116	02		Foldji		LOCALITY	14.43345	21.96503	
L	12492117	02		Guima		LOCALITY	14.44347	22.0097	
L	12492118	02		Loune		LOCALITY	14.44351	22.01232	
L	12492119	02		Waya Waya I		LOCALITY	14.4389	22.00721	
L	12492120	02		Natika		LOCALITY	14.45266	22.00519	
L	12492121	02		Ahoune		LOCALITY	14.45985	21.99622	
L	12492122	02		Djirna		LOCALITY	14.46222	21.99489	
L	12492123	02		Koudjekat		LOCALITY	14.46692	22.00686	
L	12492124	02		Moudré I		LOCALITY	14.46746	22.01077	
L	12492125	02		Ngokat		LOCALITY	14.46933	22.01493	
L	12492126	02		Aboudjoka		LOCALITY	14.46696	22.02055	
L	12492127	02		Goukoure I		LOCALITY	14.46717	22.02179	
L	12492128	02		Goukoure II		LOCALITY	14.47394	22.01016	
L	12492129	02		Hamid Bara		LOCALITY	14.47697	22.0066	
L	12492130	02		Louka		LOCALITY	14.4815	22.0063	
L	12492131	02		Modré II		LOCALITY	14.48445	22.00566	
L	12492132	02		Wadougourate		LOCALITY	14.48491	22.00012	
L	12492133	02		Erdebé		LOCALITY	14.48512	22.00016	
L	12492134	02		Sangarfout		LOCALITY	14.48267	21.99728	
L	12492135	02		Hawala		LOCALITY	14.48579	21.99638	
L	12492136	02		Giyan		LOCALITY	14.49015	21.99445	
L	12492137	02		Liguirbo		LOCALITY	14.49385	21.99415	
L	12492138	02		Takaye		LOCALITY	14.49805	21.99127	
L	12492139	02		Aoure		LOCALITY	14.49427	21.99998	
L	12492140	02		Dar Houmar		LOCALITY	14.49057	22.00243	
L	12492141	02		Dourne		LOCALITY	14.49136	22.00041	
L	12492142	02		Herbele		LOCALITY	14.48999	22.00929	
L	12492143	02		Imminiaye		LOCALITY	14.48829	22.01053	
L	12492144	02		Karika		LOCALITY	14.487	22.01186	
L	12492145	02		Keyne Karyan		LOCALITY	14.48538	22.01276	
L	12492146	02		Koursigue Malaga		LOCALITY	14.48343	22.01409	
L	12492147	02		Onga		LOCALITY	14.47998	22.0216	
L	12492148	02		Orrou		LOCALITY	14.47836	22.0183	
L	12492149	02		Souteye		LOCALITY	14.47732	22.01663	
L	12492150	02		Toune		LOCALITY	14.47487	22.02277	
L	12492151	02		Dabouga		LOCALITY	14.4715	22.02668	
L	12492152	02		Koumoule		LOCALITY	14.47229	22.02853	
L	12492153	02		Koursigue Kebir		LOCALITY	14.47017	22.03338	
L	12492154	02		Mile		LOCALITY	14.46988	22.03317	
L	12492155	02		Ouba		LOCALITY	14.47832	22.03347	
L	12492156	02		Aboutilé		LOCALITY	14.47919	22.02716	
L	12492157	02		Arat-Sama		LOCALITY	14.47449	22.03905	
L	12492158	02		Braringné		LOCALITY	14.4732	22.04055	
L	12492159	02		Djaramidjigné		LOCALITY	14.47091	22.03879	
L	12492160	02		Keteyé Tama		LOCALITY	14.47004	22.04003	
L	12492161	02		Oumouri		LOCALITY	14.46709	22.03097	
L	12492162	02		Tarouka		LOCALITY	14.46364	22.02947	
L	12492163	02		Amadiné		LOCALITY	14.46235	22.02419	
L	12492164	02		Gnignimbaye		LOCALITY	14.45948	22.03642	
L	12492165	02		Hiouri		LOCALITY	14.45994	22.04084	
L	12492166	02		Kitigné		LOCALITY	14.46547	22.04071	
L	12492167	02		Kounougou Djamilassi		LOCALITY	14.46111	22.04908	
L	12492168	02		Kounougou Kébir		LOCALITY	14.45808	22.05067	
L	12492169	02		Faguiré		LOCALITY	14.45721	22.0538	
L	12492170	02		Kirio		LOCALITY	14.45276	22.05625	
L	12492171	02		Guemné		LOCALITY	14.45056	22.05947	
L	12492172	02		Hayal Matar		LOCALITY	13.20998	18.34041	
L	12492174	02		Dongué		LOCALITY	14.44626	22.05842	
L	12492175	02		Effiré		LOCALITY	14.44489	22.05451	
L	12492176	02		Faki Boukour		LOCALITY	14.4426	22.05713	
L	12492177	02		Nguéressidi		LOCALITY	14.44281	22.05769	
L	12492178	02		Djalé		LOCALITY	14.44335	22.06254	
L	12492179	02		Kédédé		LOCALITY	14.44422	22.0643	
L	12492180	02		Margué Kabir		LOCALITY	14.43911	22.06443	
L	12492181	02		Guifra Tama		LOCALITY	14.43649	22.03984	
L	12492182	02		Guifra-Nomade		LOCALITY	14.44966	22.01937	
L	12492183	02		Marigué Sakéré		LOCALITY	14.16893	21.68986	
L	12492184	02		Damdama		LOCALITY	14.44937	22.01667	
L	12492185	02		Djondjirong		LOCALITY	14.45382	22.01216	
L	12492186	02		Kéma		LOCALITY	14.45394	22.01143	
L	12492187	02		Andjilé I		LOCALITY	14.45107	22.01353	
L	12492188	02		Andjilé II		LOCALITY	14.44779	22.02061	
L	12492189	02		Anawarine		LOCALITY	14.44758	22.02091	
L	12492190	02		Ara Arabe		LOCALITY	14.45194	22.01992	
L	12492191	02		Ara Tama		LOCALITY	14.45055	21.98823	
L	12492192	02		Arouadi		LOCALITY	14.4649	22.05191	
L	12492193	02		Babya		LOCALITY	14.45053	21.99177	
L	12492194	02		Dakalaka		LOCALITY	14.44905	21.99076	
L	12492195	02		Edjegué		LOCALITY	14.4541	21.98988	
L	12492196	02		Enikele		LOCALITY	14.45412	21.98883	
L	12492197	02		Fare		LOCALITY	14.45717	21.98954	
L	12492198	02		Gnabourgné		LOCALITY	14.45835	21.99021	
L	12492199	02		Goubourlélé		LOCALITY	14.45854	21.9916	
L	12492200	02		Karilorock		LOCALITY	14.45914	21.99111	
L	12492201	02		Kouka		LOCALITY	14.45923	21.99274	
L	12492202	02		Taboungué		LOCALITY	14.46523	21.99165	
L	12492203	02		Tolko		LOCALITY	14.46712	21.99274	
L	12492204	02		Aioua		LOCALITY	14.46968	21.98963	
L	12492205	02		Djourou		LOCALITY	14.4702	21.98922	
L	12492206	02		Kouboutigné		LOCALITY	14.46602	21.97577	
L	12492207	02		Aboutémere		LOCALITY	14.46745	21.97279	
L	12492208	02		Habila		LOCALITY	14.47113	21.9729	
L	12492209	02		Hiwingné I		LOCALITY	14.47406	21.97708	
L	12492210	02		Hiwingné II		LOCALITY	14.47412	21.97616	
L	12492211	02		Katikigné		LOCALITY	14.47248	21.98133	
L	12492212	02		Katreye		LOCALITY	14.47296	21.98431	
L	12492213	02		Kendeng Eringué		LOCALITY	14.4751	21.98034	
L	12492214	02		Noukou		LOCALITY	14.46685	21.9786	
L	12492215	02		Achié		LOCALITY	14.46604	21.97841	
L	12492216	02		Alama		LOCALITY	14.46477	21.97757	
L	12492217	02		Djiré arabe		LOCALITY	14.46396	21.97669	
L	12492218	02		Gourdjouali		LOCALITY	14.46332	21.97714	
L	12492219	02		Kété arabe		LOCALITY	14.46833	21.98214	
L	12492220	02		Milé Corgné arabe		LOCALITY	14.61123	21.92479	
L	12492221	02		Talouk		LOCALITY	14.62659	21.94393	
L	12492222	02		Taourolile		LOCALITY	14.64511	21.92805	
L	12492223	02		Dourne Saker		LOCALITY	14.49645	22.00133	
L	12492224	02		Erdemi		LOCALITY	14.49315	22.01229	
L	12492225	02		Arouba		LOCALITY	14.49342	22.01549	
L	12492226	02		Dourne Kebir		LOCALITY	14.49298	22.00513	
L	12492227	02		Daoune		LOCALITY	14.492	22.00604	
L	12492228	02		Ketenguerete		LOCALITY	14.4889	22.00434	
L	12492229	02		Sultana Hai		LOCALITY	14.48942	22.00359	
L	12492230	02		Angoro Saker		LOCALITY	14.49497	22.00327	
L	12492231	02		Guemteli Kebir		LOCALITY	14.49512	22.00308	
L	12492232	02		Guemteli Saker		LOCALITY	14.49751	21.99825	
L	12492233	02		Lerné		LOCALITY	14.16586	22.1538	
L	12492234	02		Aysalam		LOCALITY	14.16796	22.15807	
L	12492235	02		Birak Saker		LOCALITY	14.21586	22.42536	
L	12492236	02		Birak Sud Ouest		LOCALITY	14.21266	22.43725	
L	12492237	02		Tiré Saker I		LOCALITY	14.20846	22.42648	
L	12492238	02		Aïbon		LOCALITY	14.19918	22.43056	
L	12492239	02		Bessa		LOCALITY	14.20297	22.43781	
L	12492240	02		Feguera I		LOCALITY	14.1981	22.43801	
L	12492241	02		Goroba		LOCALITY	14.2008	22.41479	
L	12492242	02		Hemira		LOCALITY	14.20875	22.41415	
L	12492243	02		Karouba		LOCALITY	14.21412	22.40956	
L	12492244	02		Koulbogne		LOCALITY	14.21449	22.40866	
L	12492245	02		Tiré Kebir		LOCALITY	14.2032	22.42191	
L	12492246	02		Tiré Magarine		LOCALITY	14.199	22.4235	
L	12492247	02		Birak Mabrouka II		LOCALITY	14.19205	22.43556	
L	12492248	02		Doukout		LOCALITY	14.18926	22.43989	
L	12492249	02		Senet Bagarkatala		LOCALITY	14.20603	22.4456	
L	12492250	02		Tiré Saker II		LOCALITY	14.20982	22.44075	
L	12492251	02		Birak Mabrouka I		LOCALITY	14.21585	22.4462	
L	12492252	02		Djangué		LOCALITY	14.21622	22.44993	
L	12492253	02		Djangué Tcheou Tcheou		LOCALITY	14.21909	22.45581	
L	12492255	02		Djatag I		LOCALITY	14.2183	22.45637	
L	12492256	02		Djatag II		LOCALITY	14.22375	22.46156	
L	12492257	02		Feguera II		LOCALITY	14.22096	22.4628	
L	12492258	02		Guérena		LOCALITY	14.21917	22.46568	
L	12492259	02		Hidébé		LOCALITY	14.21763	22.46838	
L	12492260	02		Marfoua		LOCALITY	14.22632	22.4728	
L	12492261	02		Mournouk		LOCALITY	14.22661	22.47095	
L	12492262	02		Hachaba I		LOCALITY	14.22033	22.48121	
L	12492263	02		Hachaba II		LOCALITY	14.22545	22.49387	
L	12492264	02		Mirian		LOCALITY	14.22907	22.48233	
L	12492265	02		Oumar Toben		LOCALITY	14.23194	22.48795	
L	12492266	02		Oumek		LOCALITY	14.2334	22.49048	
L	12492269	02		Balé Amsoukour		LOCALITY	14.23194	22.50443	
L	12492270	02		Bouroung Chimal		LOCALITY	14.22441	22.50216	
L	12492271	02		Bouroung Djounoub		LOCALITY	14.22404	22.50504	
L	12492272	02		Djangatad		LOCALITY	14.21901	22.51118	
L	12492273	02		Kaldanga		LOCALITY	14.22637	22.51268	
L	12492274	02		Kargona		LOCALITY	14.21951	22.49427	
L	12492275	02		Mougoudour		LOCALITY	14.21631	22.48865	
L	12492276	02		Djara		LOCALITY	14.21585	22.48586	
L	12492277	02		Eteté		LOCALITY	14.03183	22.22019	
L	12492278	02		Gou		LOCALITY	14.28718	22.22171	
L	12492279	02		Imara Djedid		LOCALITY	14.72827	20.70036	
L	12492280	02		Kataria Saker		LOCALITY	14.72698	20.70856	
L	12492281	02		Wiwate		LOCALITY	14.7232	20.71307	
L	12492282	02		Malaga (Bali)		LOCALITY	14.48968	22.02089	
L	12492283	02		Kiminon		LOCALITY	14.49288	22.02042	
L	12492284	02		Lebdé		LOCALITY	14.49408	22.01754	
L	12492285	02		Toumoudoutad		LOCALITY	14.49396	22.01698	
L	12492286	02		Kororok UBH		LOCALITY	14.48685	22.02303	
L	12492287	02		Dourkoule		LOCALITY	14.48664	22.02891	
L	12492288	02		Lima Centre UBH		LOCALITY	14.47305	22.21656	
L	12492289	02		Lima Ouest UBH		LOCALITY	14.47319	22.21409	
L	12492290	02		Minerette		LOCALITY	14.47557	22.22383	
L	12492291	02		Oumoudjou		LOCALITY	14.47561	22.22645	
L	12492292	02		Wadi Fokorane II		LOCALITY	14.46875	22.23267	
L	12492293	02		Wadi-Fokoranae I		LOCALITY	14.47187	22.23091	
L	12492294	02		Wadi Yabis		LOCALITY	14.47449	22.20091	
L	12492295	02		Wadi-Fokorane III UBH		LOCALITY	14.47279	22.20876	
L	12492296	02		Guelche		LOCALITY	14.48031	22.21026	
L	12492297	02		Kesle I		LOCALITY	14.4801	22.21528	
L	12492298	02		Kesle II (UBH)		LOCALITY	14.48347	22.21678	
L	12492299	02		Lima Kabir		LOCALITY	14.47033	22.22555	
L	12492300	02		Lima saker		LOCALITY	14.46439	22.22551	
L	12492301	02		Lima- Est UBH		LOCALITY	14.46451	22.22427	
L	12492302	02		Mamra (UBH)		LOCALITY	14.4638	22.23169	
L	12492303	02		Magarine		LOCALITY	14.47822	22.2362	
L	12492304	02		Kouharare		LOCALITY	14.47909	22.23298	
L	12492305	02		Dido		LOCALITY	15.63533	22.12266	
L	12492306	02		Bineye		LOCALITY	15.6395	22.12639	
L	12492307	02		Bourning		LOCALITY	15.64235	22.12978	
L	12492308	02		Gor		LOCALITY	15.64661	22.13712	
L	12492309	02		Habile I		LOCALITY	15.64227	22.14317	
L	12492310	02		Habile II		LOCALITY	15.65165	22.14433	
L	12492311	02		Hadar		LOCALITY	15.65161	22.12841	
L	12492312	02		Hadar Zakhawa		LOCALITY	15.65082	22.12862	
L	12492313	02		Himeda		LOCALITY	15.65541	22.13707	
L	12492314	02		Houmou		LOCALITY	15.63785	22.13754	
L	12492315	02		Kadjana Kebir		LOCALITY	15.64839	22.1211	
L	12492316	02		Kouya		LOCALITY	15.64876	22.1202	
L	12492317	02		Mabrouka		LOCALITY	14.2115	21.4497	
L	12492318	02		Marassabre Mimi		LOCALITY	15.65814	22.12299	
L	12492329	02		Kadjana Saker		LOCALITY	15.65263	22.11571	
L	12492330	02		Guira		LOCALITY	15.65044	22.11447	
L	12492331	02		Hadjelidjé Zakhawa		LOCALITY	15.65948	22.13104	
L	12492332	02		Abtilé Djaouyé		LOCALITY	15.6615	22.12962	
L	12492333	02		Kagnawaré		LOCALITY	15.63716	22.13147	
L	12492334	02		Kouelelé		LOCALITY	15.63439	22.13151	
L	12492335	02		Kouraka		LOCALITY	15.64336	22.11464	
L	12492336	02		Djigue		LOCALITY	15.62869	22.12498	
L	12492337	02		Horgo		LOCALITY	15.64766	22.1052	
L	12492338	02		Karré Aboucharib		LOCALITY	15.63398	22.13666	
L	12492339	02		Madjagossé		LOCALITY	15.63501	22.1446	
L	12492340	02		Arbadjoungué		LOCALITY	15.64753	22.14868	
L	12492341	02		Djirré		LOCALITY	15.65964	22.14477	
L	12492342	02		Djogdjog		LOCALITY	15.63712	22.15743	
L	12492343	02		Goumouré		LOCALITY	15.64295	22.10735	
L	12492344	02		Ougoumé		LOCALITY	15.64002	22.10808	
L	12492345	02		Tassé		LOCALITY	15.62857	22.13499	
L	12492346	02		Toundjouré		LOCALITY	15.63448	22.15091	
L	12492347	02		Djelekine		LOCALITY	15.64452	22.15267	
L	12492348	02		Erreki		LOCALITY	15.64531	22.1528	
L	12492349	02		Nodjoué		LOCALITY	15.65601	22.15336	
L	12492350	02		Togolta		LOCALITY	15.65828	22.14971	
L	12492351	02		Djereka		LOCALITY	15.64543	22.16349	
L	12492352	02		Goudjoni		LOCALITY	15.66498	22.13856	
L	12492353	02		Korgna		LOCALITY	15.66791	22.13723	
L	12492354	02		Maraké		LOCALITY	15.6696	22.13281	
L	12492355	02		Minmarak I		LOCALITY	15.67063	22.16548	
L	12492356	02		Abdouro		LOCALITY	15.68228	22.15509	
L	12492357	02		Kolonga		LOCALITY	15.69079	22.15157	
L	12492358	02		Minmarak II		LOCALITY	15.68459	22.16333	
L	12492359	02		Araoutongué		LOCALITY	15.68831	22.13149	
L	12492360	02		Djoudjou		LOCALITY	15.29172	21.01302	
L	12492361	02		Taouro		LOCALITY	14.40153	21.75097	
L	12492362	02		Toguia		LOCALITY	14.40118	21.75777	
L	12492363	02		Q. Barounga		LOCALITY	14.40345	21.74599	
L	12492364	02		Barounga Folo		LOCALITY	14.40094	21.74112	
L	12492365	02		Dindilé Arabe		LOCALITY	14.1526	21.6544	
L	12492366	02		Dindilé Tama		LOCALITY	14.15196	21.65004	
L	12492367	02		Dindilé Zakhawa		LOCALITY	14.15156	21.66246	
L	12492368	02		Gona Saker		LOCALITY	14.22926	21.62401	
L	12492369	02		Karnguaye		LOCALITY	14.2299	21.62674	
L	12492370	02		Kateréa		LOCALITY	14.23104	21.61818	
L	12492371	02		Kissibiré		LOCALITY	14.23393	21.62357	
L	12492372	02		Koumouda Zakhawa		LOCALITY	15.64997	22.131	
L	12492373	02		Margué I		LOCALITY	14.43913	22.0611	
L	12492374	02		Margué II		LOCALITY	14.43691	22.06704	
L	12492375	02		Nimire		LOCALITY	14.43631	22.06281	
L	12492376	02		Raroua		LOCALITY	14.43687	22.06283	
L	12492377	02		Watkerelké		LOCALITY	14.43348	22.0583	
L	12492378	02		Koumouda Koltone		LOCALITY	14.4335	22.0606	
L	12492379	02		Kourkouré		LOCALITY	14.44138	22.05255	
L	12492380	02		Keterké		LOCALITY	14.44917	22.06266	
L	12492381	02		Kersiné		LOCALITY	14.4484	22.06603	
L	12492382	02		Maraouane Kébir		LOCALITY	14.45407	22.05974	
L	12492383	02		Magné		LOCALITY	14.45609	22.06023	
L	12492384	02		Afta		LOCALITY	14.45607	22.06429	
L	12492385	02		Birkigne		LOCALITY	14.4568	22.06543	
L	12492386	02		Eya Gosse		LOCALITY	14.43521	22.02884	
L	12492387	02		Gogné		LOCALITY	14.43546	22.07356	
L	12492388	02		Dindile Abcharib		LOCALITY	14.15183	21.6588	
L	12492389	02		Kordofal		LOCALITY	14.1561	21.65994	
L	12492390	02		Djarouane		LOCALITY	14.15541	21.66095	
L	12492391	02		Douaye- Est UBH		LOCALITY	14.15734	21.66657	
L	12492392	02		Haroua		LOCALITY	14.93323	22.13777	
L	12492393	02		Wawaya		LOCALITY	14.93408	22.13891	
L	12492394	02		Charaguine		LOCALITY	14.93588	22.12752	
L	12492395	02		Kitri		LOCALITY	14.93739	22.13123	
L	12492396	02		Kokar		LOCALITY	14.92941	22.13335	
L	12492397	02		Koulalangui		LOCALITY	14.92993	22.14015	
L	12492398	02		Kassiné Goz		LOCALITY	14.25189	21.50212	
L	12492399	02		Kombo		LOCALITY	14.24841	21.50177	
L	12492400	02		Karat lasse		LOCALITY	14.71594	22.38799	
L	12492401	02		Waliguid		LOCALITY	14.71094	22.38617	
L	12492402	02		Angardja II		LOCALITY	14.7225	22.38332	
L	12492403	02		Erné I		LOCALITY	14.18491	21.5303	
L	12492404	02		Erné II (Saker)		LOCALITY	14.18158	21.51125	
L	12492405	02		Hadjar Tougoula		LOCALITY	14.16682	21.53312	
L	12492406	02		Angardja I		LOCALITY	14.72215	22.38699	
L	12492407	02		Armangué		LOCALITY	14.72356	22.38085	
L	12492408	12		Dindilé		LOCALITY	14.14494	20.65126	
L	12492409	02		Gona Kabir		LOCALITY	14.22635	21.61882	
L	12492410	02		Magallé I		LOCALITY	14.72055	22.39254	
L	12492411	02		Mourou I		LOCALITY	14.14447	21.57428	
L	12492412	02		Mourou II		LOCALITY	14.14266	21.56473	
L	12492413	02		Bouratini		LOCALITY	14.72692	22.37342	
L	12492414	02		Gona Erreh		LOCALITY	14.22834	21.62894	
L	12492415	02		Idjilidjé		LOCALITY	14.72765	22.38477	
L	12492416	02		Koreyé Korota		LOCALITY	14.73078	22.37951	
L	12492417	02		Djildjil		LOCALITY	14.72794	22.39215	
L	12492418	02		Koreyé Karoumba		LOCALITY	14.72867	22.39003	
L	12492419	02		Biti Aroungué		LOCALITY	14.724	22.39679	
L	12492420	02		Amourwatingué		LOCALITY	14.72439	22.37553	
L	12492421	02		Djiléa I		LOCALITY	14.71661	22.39585	
L	12492422	02		Djiléa II		LOCALITY	14.71696	22.39398	
L	12492423	02		Katkelea I		LOCALITY	14.71221	22.39074	
L	12492424	02		Katkelea II		LOCALITY	14.71016	22.38325	
L	12492425	02		Katkelea III		LOCALITY	14.70823	22.38816	
L	12492426	02		Koukourouba		LOCALITY	14.72058	22.37801	
L	12492427	02		Lidjigue		LOCALITY	14.73077	22.37194	
L	12492428	02		Siliwaye		LOCALITY	14.72959	22.3678	
L	12492429	02		Wadi Hagar		LOCALITY	14.72766	22.36675	
L	12492430	02		Birinkoul		LOCALITY	14.72096	22.35939	
L	12492431	02		Katereye		LOCALITY	14.72447	22.35435	
L	12492432	02		Kouroungone		LOCALITY	14.73599	22.36579	
L	12492433	02		Ngourngoutingué		LOCALITY	14.73817	22.38396	
L	12492434	02		Tiguimingui		LOCALITY	14.73678	22.39729	
L	12492435	02		Balton-Karré		LOCALITY	15.63417	22.14235	
L	12492436	02		Diwo		LOCALITY	14.7358	22.39259	
L	12492437	02		Fokgué		LOCALITY	14.74396	22.38819	
L	12492438	02		Kadea		LOCALITY	14.74564	22.37276	
L	12492439	02		Kirekir		LOCALITY	14.75014	22.37377	
L	12492440	02		Goreye		LOCALITY	14.75045	22.36594	
L	12492441	25		Louboutigué		LOCALITY	12.24348	21.44161	
L	12492442	25		Ambourougn		LOCALITY	12.28416	21.4762	
L	12492443	25		Dagassa		LOCALITY	12.2854	21.49729	
L	12492444	25		Dogdore		LOCALITY	12.32138	21.48347	
L	12492445	25		Tiero		LOCALITY	12.34628	21.51651	
L	12492446	25		Aradip		LOCALITY	12.37621	21.48364	
L	12492447	25		Gozamir		LOCALITY	12.4167	21.47858	
L	12492448	25		Djabal		LOCALITY	12.22704	21.38565	
L	12492449	25		Kadjaské		LOCALITY	12.23729	21.36838	
L	12492450	25		Moudeina		LOCALITY	12.23555	21.41411	
L	12492451	25		Bandikao		LOCALITY	12.24375	21.41937	
L	12492452	25		Ablelaye		LOCALITY	12.24599	21.42004	
L	12492453	25		Koutoufou		LOCALITY	12.51123	21.41098	
L	12492454	25		Doroty		LOCALITY	12.51444	21.43336	
L	12492455	25		Koloma		LOCALITY	12.21485	21.412	
L	12492456	25		Gassiré		LOCALITY	12.20634	21.39644	
L	12492457	25		Gouroukoun		LOCALITY	12.26138	21.37857	
L	12492458	25		Tissi Urbain		LOCALITY	11.11168	22.78452	
L	12492459	25		Tamassi		LOCALITY	11.11035	22.793	
L	12492460	25		Rout-Rout		LOCALITY	11.11833	22.7953	
L	12492461	25		Haraza		LOCALITY	11.12273	22.78815	
L	12492462	25		Birnal		LOCALITY	11.12755	22.78697	
L	12492463	25		Goza		LOCALITY	11.13052	22.79901	
L	12492464	25		Sarabourgou		LOCALITY	11.13825	22.80058	
L	12492465	25		Margachaaga		LOCALITY	11.13532	22.81373	
L	12492466	25		Rogrogo		LOCALITY	11.14086	22.81834	
L	12492467	25		Laguia		LOCALITY	11.14564	22.80467	
L	12492468	25		Kouchkouch		LOCALITY	11.15029	22.82705	
L	12492469	25		Barkall		LOCALITY	11.16176	22.8175	
L	12492470	25		Assartini		LOCALITY	11.17294	22.82061	
L	12492471	25		Angamaougna		LOCALITY	11.18281	22.81312	
L	12492472	25		Andilah		LOCALITY	11.19483	22.80087	
L	12492473	25		Amdeguig		LOCALITY	11.20032	22.82252	
L	12492475	22		Amkoua Deguechi		LOCALITY	13.65752	16.5139	
L	12492476	22		Amsilep		LOCALITY	13.66905	16.50139	
L	12492477	22		Bouloungou		LOCALITY	13.67549	16.51729	
L	12492478	22		Charaguine		LOCALITY	13.68398	16.52774	
L	12492479	22		Dolock		LOCALITY	13.69613	16.54192	
L	12492480	22		Dogo		LOCALITY	13.12858	16.42385	
L	12492481	22		Fassaladjoul		LOCALITY	13.70812	16.53061	
L	12492482	22		Fizigui		LOCALITY	13.7156	16.55222	
L	12492483	22		Gozbila		LOCALITY	13.71329	16.50265	
L	12492484	22		Granteissi		LOCALITY	13.71175	16.54329	
L	12492485	22		Hamatié		LOCALITY	13.73097	16.50316	
L	12492486	22		Kamkalaga		LOCALITY	13.73593	16.54861	
L	12492487	22		Kawatchou		LOCALITY	13.76232	16.51003	
L	12492488	22		Madrianga		LOCALITY	13.78795	16.55651	
L	12492489	22		Gaba		LOCALITY	13.81525	16.5563	
L	12492490	22		Gunea		LOCALITY	13.79145	16.58553	
L	12492491	22		Tchiwourou		LOCALITY	13.78116	16.54292	
L	12492492	22		Chagara		LOCALITY	14.03669	16.4138	
L	12492493	22		Kakai		LOCALITY	13.80246	16.53412	
L	12492499	22		Dourgoulanga		LOCALITY	14.38735	16.88134	
L	12492500	22		Mandjoura		LOCALITY	13.81868	17.07952	
L	12492501	22		Tourdjinga		LOCALITY	13.8526	16.99949	
L	12492502	22		Darsalam 2		LOCALITY	13.818	17.079	
L	12492503	22		Saff		LOCALITY	13.82563	17.08242	
L	12492504	22		Biligoni		LOCALITY	13.28	15.95	
L	12492505	22		Dougoul Kreda		LOCALITY	13.91667	16.16667	
L	12492506	22		Darsalam		LOCALITY	13.81144	17.20763	
L	12492507	22		Firimounga		LOCALITY	13.44726	16.05994	
L	12492508	22		Herbeye		LOCALITY	13.44047	16.06544	
L	12492509	22		Maraou		LOCALITY	13.45322	16.06808	
L	12492510	22		Melleat		LOCALITY	13.46021	16.05784	
L	12492511	22		Mouzragui		LOCALITY	13.33	15.99	
L	12492512	22		Ambassour-Olanga		LOCALITY	13.28317	16.12102	
L	12492513	22		Foulanga		LOCALITY	13.43207	16.29998	
L	12492514	22		Homoni		LOCALITY	13.4463	16.31166	
L	12492515	22		Hillé Claire		LOCALITY	13.22271	15.9368	
L	12492516	22		Mouzrag		LOCALITY	13.21993	15.95051	
L	12492517	22		Birtoum		LOCALITY	13.87933	15.90469	
L	12492518	22		Kokoye		LOCALITY	13.82194	17.02111	
L	12492519	22		Ngali Taher		LOCALITY	13.90889	15.815	
L	12492520	06		Kiranga		LOCALITY	13.75221	15.09921	
L	12492521	06		Soultaye		LOCALITY	14.92064	15.01788	
L	12492522	22		Yiguey		LOCALITY	13.97187	17.34767	
L	12492523	22		Dirguine		LOCALITY	14.25956	16.03019	
L	12492524	06		Winichimounga		LOCALITY	13.83641	15.55157	
L	12492525	06		Yogoranga		LOCALITY	13.86683	15.51046	
L	12492526	22		Fassaladjouli		LOCALITY	13.88491	15.67431	
L	12492527	22		Kize		LOCALITY	13.91149	15.7204	
L	12492528	22		Sanaga		LOCALITY	13.91813	15.7381	
L	12492529	22		Fourtchieskou		LOCALITY	13.92827	15.74134	
L	12492530	22		Godgoudounga		LOCALITY	13.9362	15.73424	
L	12492531	22		Y-Kinguir		LOCALITY	13.92944	15.71853	
L	12492532	22		Debe Imari		LOCALITY	13.93754	15.71902	
L	12492533	22		Mouchichade		LOCALITY	13.94622	15.73149	
L	12492534	22		Elimaye		LOCALITY	13.61943	16.55717	
L	12492535	22		Berréga		LOCALITY	13.31383	16.39519	
L	12492536	22		Bohoro		LOCALITY	13.39016	16.28653	
L	12492537	22		Babala		LOCALITY	13.10985	16.67753	
L	12492538	22		Wahami		LOCALITY	13.46207	16.30813	
L	12492539	22		Harbatré		LOCALITY	13.11777	16.65815	
L	12492540	22		Kernegui		LOCALITY	13.12824	16.66165	
L	12492541	22		Yodoty		LOCALITY	13.1344	16.63888	
L	12492542	22		Debe-Obsékima		LOCALITY	13.14173	16.66233	
L	12492543	22		Raguid-bara		LOCALITY	13.14752	16.67681	
L	12492544	22		Chabaga		LOCALITY	13.15339	16.69378	
L	12492545	22		Arkimanga		LOCALITY	13.16089	16.67998	
L	12492546	22		Ebraye babala		LOCALITY	14.51314	16.99928	
L	12492547	22		Hamaraye		LOCALITY	13.81	15.67	
L	12492548	22		Loussi 1		LOCALITY	13.55175	16.6145	
L	12492549	22		Groubtchi		LOCALITY	13.276	16.265	
L	12492550	22		Toura		LOCALITY	13.27819	16.26178	
L	12492551	22		Koumangaye Obi		LOCALITY	13.50782	16.03243	
L	12492552	22		Kongri		LOCALITY	13.28216	16.28386	
L	12492553	22		Yessirie		LOCALITY	13.28974	16.28937	
L	12492554	22		Delebanga		LOCALITY	13.30079	16.28021	
L	12492555	22		Koura Wadi		LOCALITY	13.30662	16.28504	
L	12492556	22		Wouza		LOCALITY	13.3051	16.30665	
L	12492557	22		Alanga		LOCALITY	13.30571	16.32646	
L	12492558	22		Touloub		LOCALITY	13.30548	16.34335	
L	12492559	06		Gourni		LOCALITY	13.79967	15.41454	
L	12492560	06		Fourtcha marou		LOCALITY	13.81442	15.44106	
L	12492562	22		Yimbi		LOCALITY	13.26387	16.15417	
L	12492563	22		Djoubranga		LOCALITY	13.25075	16.11844	
L	12492564	22		Malemanga		LOCALITY	13.23061	16.19629	
L	12492565	22		Kounaye		LOCALITY	13.21707	16.19612	
L	12492566	22		Outouck		LOCALITY	13.21958	16.0981	
L	12492567	22		Holomanga		LOCALITY	13.21239	16.20333	
L	12492568	22		Raï		LOCALITY	13.32083	16.10668	
L	12492569	22		Ouyoungaye		LOCALITY	13.37511	16.09964	
L	12492570	22		Kounai Kitrimanga		LOCALITY	13.36926	16.28452	
L	12492571	22		Koual		LOCALITY	13.40349	16.21706	
L	12492572	22		Toumia		LOCALITY	14.14568	16.57967	
L	12492574	22		Tourdjanga		LOCALITY	14.1549	16.56742	
L	12492575	22		Homodj		LOCALITY	14.15925	16.58259	
L	12492577	22		Moskorde		LOCALITY	14.16227	16.59025	
L	12492578	22		Hanganga		LOCALITY	14.15963	16.568	
L	12492579	22		Tchorogagna		LOCALITY	14.17309	16.56017	
L	12492580	22		Kedji Kedji		LOCALITY	14.18097	16.57762	
L	12492581	22		Yiwini		LOCALITY	14.17679	16.5482	
L	12492582	22		Soudoun		LOCALITY	14.17619	16.57092	
L	12492583	22		Bassal		LOCALITY	14.16464	16.55674	
L	12492584	22		Lean		LOCALITY	14.16999	16.53586	
L	12492585	22		Meleat		LOCALITY	14.15994	16.53249	
L	12492586	22		Hobob		LOCALITY	14.17099	16.52122	
L	12492587	22		Eri Kalatchou		LOCALITY	14.17992	16.50639	
L	12492588	01		Minefir		LOCALITY	13.26	18.08	
L	12492589	01		Am Souloua		LOCALITY	13.28383	18.13335	
L	12492590	01		Ab Ouniran		LOCALITY	13.30338	18.11742	
L	12492591	01		Am Ichechat		LOCALITY	13.24573	18.12224	
L	12492592	01		Ngardjana		LOCALITY	13.24	18.3	
L	12492593	01		Am Tououss		LOCALITY	13.24395	18.3089	
L	12492594	01		Al Khachkhach		LOCALITY	13.2537	18.28845	
L	12492595	01		Gayouda		LOCALITY	13.2637	18.29499	
L	12492596	01		Mandile		LOCALITY	13.25695	18.31467	
L	12492597	01		Ngarwandji		LOCALITY	13.25672	18.32212	
L	12492598	01		Am Chalakat		LOCALITY	13.25992	18.32115	
L	12492600	01		Bourdjaka		LOCALITY	13.25084	18.32001	
L	12492601	01		Tcherno		LOCALITY	13.25723	18.33293	
L	12492604	01		Seigo		LOCALITY	13.24056	18.33263	
L	12492605	01		Djokhané		LOCALITY	13.25305	18.35241	
L	12492606	01		Marlaka		LOCALITY	13.27038	18.35966	
L	12492607	01		Ati Est		DISTRICT	13.21025	18.35617	
L	12492608	01		Ati Nord		DISTRICT	13.2255	18.34669	
L	12492610	01		Ab Ouhadji		LOCALITY	13.2768	18.20735	
L	12492611	01		Rimkho		LOCALITY	13.27373	18.16742	
L	12492615	01		Migne		LOCALITY	13.27837	18.15785	
L	12492617	01		Rihedalkhel		LOCALITY	12.87	18.26	
L	12492618	01		Am Badaye		LOCALITY	12.80601	18.14436	
L	12492619	01		Batnalfil		LOCALITY	12.81164	18.12915	
L	12492620	01		Djokhané Est		LOCALITY	13.25309	18.35288	
L	12492621	01		Am Dimerite		LOCALITY	12.81593	18.13016	
L	12492622	01		Ab Ounirane		LOCALITY	12.81518	18.13863	
L	12492623	01		Khibebiche		LOCALITY	12.81072	18.15764	
L	12492624	01		Anguiyoto		LOCALITY	12.81986	18.17775	
L	12492625	01		Al Kailani		LOCALITY	12.8172	18.19125	
L	12492626	01		Senetaye		LOCALITY	12.83281	18.25	
L	12492627	01		Yanis		LOCALITY	12.858	18.21696	
L	12492628	01		Al Himedié		LOCALITY	12.85691	18.2052	
L	12492629	01		Zobo		LOCALITY	13.31	19.65	
L	12492630	07		Choua		LOCALITY	13.53277	14.64667	
L	12510872	26		Michow		DISTRICT	19.81434	17.96446	
L	12640347	23		Kirdimi		LOCALITY	18.15223	18.5385	9345
L	12720084	25		Zabout		LOCALITY	12.22975	21.44756	
L	12720085	18		Mara		LOCALITY	12.9881	15.7513	
L	12747076	12		Bre		LOCALITY	13.27604	21.6031	
L	12747078	12		Treguine		LOCALITY	13.58593	21.83381	
L	12902906	25		Twigne		LOCALITY	12.62282	21.95522	
L	12902908	25		Ndara		LOCALITY	12.61061	21.96192	
L	12902937	25		Hile Aboy		LOCALITY	12.72765	22.21839	
L	12902938	25		Chuchumur		LOCALITY	12.70324	22.22166	
L	12903078	25		Hile Dawud		RURAL_AREA	12.66474	22.16787	
L	12909036	12		Gilanei		LOCALITY	13.41137	22.23395	
L	13060264	25		Anderessa		LOCALITY	12.0517	22.59065	
L	13434654	18		Alkouk		LOCALITY	12.91472	14.95675	
L	13437396	02		Kirio		LOCALITY	14.52572	21.85203	
L	13437416	12		Erté		LOCALITY	14.07375	21.16887	
L	13527297	06		Am Doback		LOCALITY	13.33611	15.67016	
L	13527298	06		Kekedina		LOCALITY	13.84327	14.84684	
